Date,close,high,low,open,volume
2019-01-02,37.50373458862305,37.72459813439212,36.62741193285769,36.784153336468826,148158800
2019-01-03,33.76807403564453,34.60639781423897,33.72295119720163,34.19317161474013,365248800
2019-01-04,35.20962905883789,35.278501942076275,34.15044485165348,34.323808400375334,234428400
2019-01-07,35.13123321533203,35.34497236963013,34.649137872444925,35.31409809069179,219111200
2019-01-08,35.80094909667969,36.05506039185335,35.271357298819396,35.518340693165854,164101200
2019-01-09,36.40891647338867,36.69864919303754,35.534971211573676,35.929194550467045,180396400
2019-01-10,36.52528381347656,36.56565592820539,35.82707561156554,36.21655182724987,143122800
2019-01-11,36.166690826416016,36.50154648837544,35.981452295064784,36.306810124740636,108092800
2019-01-14,35.622833251953125,35.924440921467415,35.43759480894233,35.824697423210985,129756800
2019-01-15,36.351924896240234,36.42791840883774,35.634717322934954,35.68696444823326,114843600
2019-01-16,36.796024322509766,37.01926139590715,36.33530161762464,36.35430090299284,122278800
2019-01-17,37.014495849609375,37.441970539893376,36.39703200545008,36.620268989472926,119284800
2019-01-18,37.24249267578125,37.49422682619904,37.043002022319946,37.4039811406747,135004000
2019-01-22,36.406551361083984,37.221125412180456,36.245059232557935,37.145131887501456,121576000
2019-01-23,36.55378341674805,36.84351614102213,36.02656509052752,36.60840409054777,92522400
2019-01-24,36.26405334472656,36.6867774572087,36.03606917947976,36.598908937659715,101766000
2019-01-25,37.46573257446289,37.55360472379612,36.64878503179591,36.92426561509673,134142000
2019-01-28,37.1190071105957,37.126131390060124,36.492045151523456,36.99788711221388,104768400
2019-01-29,36.7342643737793,37.55359244791163,36.598899490058756,37.107118439253085,166348800
2019-01-30,39.2444953918457,39.45823098230422,38.05231666544547,38.7695241919444,244439200
2019-01-31,39.527103424072266,40.13506597381766,39.080629341215584,39.44873274205534,162958400
2019-02-01,39.54610824584961,40.13032086817942,39.405988969666886,39.65060250317511,130672400
2019-02-04,40.669403076171875,40.7667730276874,39.72658509160154,39.75745937470211,125982000
2019-02-05,41.365234375,41.57897355982607,40.930638975712235,41.05175531049415,144406400
2019-02-06,41.37948989868164,41.69534616359386,41.0493850783774,41.476856235107945,112958400
2019-02-07,40.59579849243164,41.30825545825531,40.453305649769504,40.942525519836124,126966800
2019-02-08,40.643489837646484,40.70311587039723,40.16886530680823,40.304814408336355,95280000
2019-02-11,40.409751892089844,40.83429258000177,40.366822896722226,40.79613104681893,83973600
2019-02-12,40.75796127319336,40.784196867041736,40.47414084136545,40.569544655033816,89134000
2019-02-13,40.5886344909668,41.137194763699675,40.526624722123245,40.87722611368674,89960800
2019-02-14,40.736515045166016,40.846224930971815,40.397839543176595,40.47654636001206,87342800
2019-02-15,40.64586639404297,40.951151336695425,40.48606909119235,40.84382522454604,98507200
2019-02-19,40.767513275146484,40.8891527227653,40.424070350564264,40.47654155555973,75891200
2019-02-20,41.02985763549805,41.33752994452727,40.78181498726989,40.8295150766272,104457600
2019-02-21,40.798519134521484,41.1109589873407,40.617257291473365,40.97501351487574,68998800
2019-02-22,41.254058837890625,41.26121367050578,40.87483815215059,40.92253824934637,75652800
2019-02-25,41.5545654296875,41.94571198087244,41.48778457748155,41.53787203627776,87493600
2019-02-26,41.578426361083984,41.80977566356522,41.30176069059117,41.43055496170665,68280800
2019-02-27,41.707210540771484,41.738217238147755,41.19681191554491,41.311296503110974,111341600
2019-02-28,41.296993255615234,41.71676290033313,41.24213831860219,41.57604632138093,112861600
2019-03-01,41.73107147216797,41.77400047236852,41.234982402793754,41.56650302616348,103544800
2019-03-04,41.940956115722656,42.394112543739396,41.4925671504077,41.90279457840128,109744800
2019-03-05,41.86463165283203,41.97672889044358,41.62851124268091,41.9624192242437,78949600
2019-03-06,41.623748779296875,41.85509811540578,41.48541592394316,41.65952294909317,83241600
2019-03-07,41.14196014404297,41.60465871287591,41.0274791869895,41.46870961945666,99185600
2019-03-08,41.239749908447266,41.27791144259841,40.42644995336146,40.62202508642293,95997600
2019-03-11,42.66838073730469,42.72085192885243,41.82169411946825,41.85508454688193,128044000
2019-03-12,43.14777755737305,43.567543462773116,42.780479205774704,42.93073795318164,129870400
2019-03-13,43.338584899902344,43.71780557424151,43.15016460861008,43.46737552238741,124130000
2019-03-14,43.82036209106445,43.9086110924784,43.5413127001033,43.86090735580744,94318000
2019-03-15,44.39038848876953,44.67898009371108,43.82275112158004,44.08749085728255,156171600
2019-03-18,44.84354782104492,44.93179318512388,44.31168098754593,44.3140683580027,104879200
2019-03-19,44.48817825317383,45.07490005613711,44.34269057791804,44.92225754761337,126585600
2019-03-20,44.8769416809082,45.19415263672283,44.05887055501057,44.41662677956,124140800
2019-03-21,46.529754638671875,46.82550097334092,45.270453535053704,45.32054098726622,204136800
2019-03-22,45.56621551513672,47.14988281885893,45.501818379976086,46.58939664841029,169630800
2019-03-25,45.015262603759766,45.78801351500889,44.50486400413485,45.67591630319227,175381200
2019-03-26,44.550193786621094,46.002686995822316,44.023101591485734,45.711711607654806,199202000
2019-03-27,44.950870513916016,45.25853921871362,44.492943053204904,45.01765137448114,119393600
2019-03-28,45.01049041748047,45.21083297191448,44.72666997905723,45.065345337062375,83121600
2019-03-29,45.30385208129883,45.3348587781949,44.96756043418868,45.27523275449241,94256000
2019-04-01,45.611534118652344,45.71647288572653,44.929412116605654,45.706934321186864,111448000
2019-04-02,46.27458190917969,46.37952433040807,45.56622420517309,45.575762771064326,91062800
2019-04-03,46.591773986816406,46.86605222606471,46.06706209372375,46.09091395769468,93087200
2019-04-04,46.67287063598633,46.83505168659805,46.06468441762447,46.45821474988475,76457200
2019-04-05,46.985313415527344,47.009165284142306,46.7301122506272,46.85413541671345,74106400
2019-04-08,47.724674224853516,47.75567728467312,46.82789643538214,46.846977201039394,103526800
2019-04-09,47.581565856933594,48.3805560125003,47.51716873376691,47.77714095718664,143072800
2019-04-10,47.84868621826172,47.87730918188847,47.26673569472371,47.38598773186565,86781200
2019-04-11,47.45039367675781,47.93932784783885,47.328757886390626,47.90355368575557,83603200
2019-04-12,47.43132019042969,47.734221486599644,46.79690190331519,47.51002699837706,111042800
2019-04-15,47.51718521118164,47.66506027266798,47.22620982993786,47.36215895495653,70146400
2019-04-16,47.52194595336914,48.02757352365968,47.357377528133505,47.57203341989984,102785600
2019-04-17,48.447349548339844,48.50697558632508,47.369309762567,47.591116877015516,115627200
2019-04-18,48.62145233154297,48.69061692830525,48.30185766916621,48.44495796431432,96783200
2019-04-22,48.781253814697266,48.87904139023964,48.258929140631615,48.37579748500796,77758000
2019-04-23,49.484832763671875,49.54922989372461,48.63098759521515,48.75739448502875,93292000
2019-04-24,49.408512115478516,49.723335647068595,49.38227651790569,49.456212209442604,70162400
2019-04-25,48.96012878417969,49.55161802291001,48.921967248962424,49.329810923117755,74172800
2019-04-26,48.72639846801758,48.893350644801465,48.20645752970833,48.869498774138975,74596400
2019-04-29,48.800331115722656,49.12469688428121,48.62145301481061,48.750243646182206,88818800
2019-04-30,47.860633850097656,48.51174924911249,47.48856790780347,48.43065870051709,186139600
2019-05-01,50.20989227294922,51.352325495464314,49.90221989618125,50.05724976982913,259309200
2019-05-02,49.88313293457031,50.717897315952065,49.63986136370917,50.047701352042424,127985200
2019-05-03,50.50325012207031,50.5247146205948,50.14072282120273,50.29813642228416,83569600
2019-05-06,49.72333526611328,49.809196890304364,48.53558583087321,48.724002474337155,129772400
2019-05-07,48.38294982910156,49.47052812168986,47.898786717614094,49.103233348565844,155054800
2019-05-08,48.39248275756836,48.97443337179271,48.11820448511399,48.15397864611798,105358000
2019-05-09,47.872562408447266,48.101524398111025,46.9042359570728,47.79623931903588,139634400
2019-05-10,47.20934295654297,47.60918188331269,46.15349214662306,47.26680569139999,164834800
2019-05-13,44.4655647277832,45.36579237166061,43.77842304776529,44.94201700800786,229722400
2019-05-14,45.169471740722656,45.418469654624175,44.39134823649402,44.630770853179754,146118800
2019-05-15,45.710567474365234,45.909288693023,44.53739806425962,44.59725372096499,106178800
2019-05-16,45.50945281982422,46.08167274519695,45.21256745080139,45.46875141212985,132125600
2019-05-17,45.25087356567383,45.7057750661255,44.714565600818894,44.755267006370964,131516400
2019-05-20,43.835880279541016,44.13755507522487,43.1631033991647,43.93883389096766,154449200
2019-05-21,44.67626190185547,45.01145210514859,44.22135673647284,44.34585752053852,113459200
2019-05-22,43.761661529541016,44.46317163112691,43.70659535573083,44.21177717624734,118994400
2019-05-23,43.0146598815918,43.22534925933381,42.57172666496303,43.0481788953211,146118800
2019-05-24,42.849464416503906,43.608433644945144,42.76566504244201,43.143953201217286,94858800
2019-05-28,42.67228698730469,43.237324443115924,42.595673658588964,42.83748915813703,111792800
2019-05-29,42.468780517578125,42.94044331585505,42.138376171721504,42.23893322191725,113924800
2019-05-30,42.689048767089844,42.91171002345526,42.29878877414538,42.60524939880032,84873600
2019-05-31,41.915714263916016,42.614827782966735,41.89656001846683,42.193441689682246,108174400
2019-06-03,41.491939544677734,42.59807084717863,40.766489319881806,42.042612284986966,161584400
2019-06-04,43.00987243652344,43.05536331158064,41.78402998710208,42.00429832390132,123872000
2019-06-05,43.704200744628906,44.290789049992995,43.36901055867717,44.12079739285381,119093600
2019-06-06,44.345855712890625,44.4057113648459,43.61082655329625,43.8334914782854,90105200
2019-06-07,45.52621078491211,45.94998985503987,44.47754216929505,44.654712574082296,122737600
2019-06-10,46.108009338378906,46.77599685145349,45.87816201203644,45.9236528950948,104883600
2019-06-11,46.64191818237305,46.92683167348995,46.35221886941992,46.65389004356182,107731600
2019-06-12,46.49348068237305,46.919652667642254,46.301941849451076,46.436017936506644,73012800
2019-06-13,46.48389434814453,47.11596983908178,46.35221484639415,46.615577503193705,86698400
2019-06-14,46.14631271362305,46.349819729325915,45.56212099174863,45.86139923834012,75046000
2019-06-17,46.421653747558594,46.677837716141795,46.00984653024875,46.184624027838574,58676400
2019-06-18,47.51340866088867,47.95394531637442,46.737681866076485,46.93879594967235,106204000
2019-06-19,47.37455368041992,47.855795495195196,47.240477594832555,47.80790804751456,84496800
2019-06-20,47.75522994995117,48.03056445872031,47.41285375699523,47.9731017236882,86056000
2019-06-21,47.59242630004883,48.08803285817052,47.44158888613369,47.59721577519034,191202400
2019-06-24,47.54454040527344,47.92282855213777,47.446376262360126,47.53496145541416,72881600
2019-06-25,46.82387924194336,47.7073455597451,46.75683755347193,47.508624365019834,84281200
2019-06-26,47.836639404296875,48.12155290184591,47.2500547257955,47.35061178611295,104270000
2019-06-27,47.8222770690918,48.2604209170684,47.78157566069608,47.95395659195468,83598800
2019-06-28,47.38652420043945,47.76481237594813,47.178227691464755,47.56848407525534,124442400
2019-07-01,48.25562286376953,48.95952585004053,48.04014034472605,48.64348628342958,109012000
2019-07-02,48.53813934326172,48.63391056866705,48.2101315728329,48.2221034326709,67740800
2019-07-03,48.94036865234375,48.94755103721536,48.52856153764481,48.66981997785124,45448000
2019-07-05,48.897274017333984,49.100784678008225,48.578841537594826,48.68658462459811,69062000
2019-07-08,47.88930892944336,48.219709629436664,47.50383840170208,48.07845117383741,101354400
2019-07-09,48.18141174316406,48.24605322338057,47.599612848119484,47.69298752839831,82312000
2019-07-10,48.657859802246094,48.777571116582486,48.25802445075848,48.327459058921235,71588400
2019-07-11,48.30351257324219,48.93558813067086,48.29393727609442,48.67701126809106,80767200
2019-07-12,48.674617767333984,48.84221286513295,48.41125143272195,48.47110708574294,70380800
2019-07-15,49.13191604614258,49.28993219429551,48.84221307681378,48.863760235202925,67789600
2019-07-16,48.96192169189453,49.34739222396268,48.72249909193417,48.98346884909922,67467200
2019-07-17,48.686580657958984,49.103173588115254,48.66742641412559,48.85417572487808,56430000
2019-07-18,49.239654541015625,49.29232780714967,48.770384620902945,48.84221213411293,74162400
2019-07-19,48.5046272277832,49.440770539487346,48.449561048653315,49.2707788735222,83717200
2019-07-22,49.61315155029297,49.615544461109494,48.74883581666229,48.75841111322735,89111600
2019-07-23,50.00101852416992,50.017779860965895,49.62991273666517,49.91004041383206,73420800
2019-07-24,49.96031188964844,50.07523371101221,49.60117800125017,49.720889297382925,59966400
2019-07-25,49.565269470214844,50.09678795373076,49.49583486785246,50.0129885793759,55638400
2019-07-26,49.73765563964844,50.21410430811092,49.594000608507464,49.675403421281054,70475600
2019-07-29,50.20212936401367,50.43197666906582,49.90524767605758,49.910037151014635,86693600
2019-07-30,49.98664855957031,50.317052906207756,49.634697056404036,49.98185908479763,135742800
2019-07-31,51.00657653808594,53.000966743437786,50.58998365476769,51.81582589589421,277125600
2019-08-01,49.90285110473633,52.20130954173058,49.49822997674807,51.21249302793154,216071600
2019-08-02,48.84699630737305,49.42400195472412,48.2747764812972,49.20852309178124,163448400
2019-08-05,46.28996658325195,47.56130005899529,46.108006714672,47.40328391275704,209572000
2019-08-06,47.1662483215332,47.42243223605077,46.45755587635723,47.001046156589894,143299200
2019-08-07,47.6546745300293,47.77917530974308,46.4048918709798,46.7855729428345,133457600
2019-08-08,48.70574188232422,48.72968560566816,47.73847610399667,47.932407841865114,108038000
2019-08-09,48.30438232421875,48.729767784636486,47.89581454791173,48.37888473817284,98478800
2019-08-12,48.18181228637695,48.55913570914154,47.86216992838576,47.97512638824654,89927600
2019-08-13,50.22223663330078,50.98408951762822,48.181814264515985,48.31159574878954,188874000
2019-08-14,48.72737503051758,49.6142018262065,48.688920981443054,48.82591215607856,146189600
2019-08-15,48.48462677001953,49.30175490823095,47.9871372796202,48.897998510671115,108909600
2019-08-16,49.62861633300781,49.787236519570556,48.98933158147647,49.0950783725183,110481600
2019-08-19,50.55389404296875,51.12588234715276,50.476985956959155,50.618781114962545,97654400
2019-08-20,50.55629348754883,51.27488825272847,50.54668181087362,50.68126728740163,107537200
2019-08-21,51.104248046875,51.346982292320256,50.854304127508136,51.1883657988658,86141600
2019-08-22,51.060997009277344,51.536853889289645,50.65002720346251,51.23643854407338,89014800
2019-08-23,48.70094299316406,50.96247108877293,48.306798120361755,50.33279789322292,187272000
2019-08-26,49.6262092590332,49.794441106144575,49.28253222326784,49.47479876304336,104174400
2019-08-27,49.066246032714844,50.121304742904,48.91483550162449,49.9554748597441,103493200
2019-08-28,49.39548873901367,49.441152454824554,48.86435650196321,49.0518153700021,63755200
2019-08-29,50.23185348510742,50.30635957969884,49.66707477161969,50.109285330383344,83962000
2019-08-30,50.16696548461914,50.57793166287148,49.79685169001332,50.508236909621736,84573600
2019-09-03,49.43634033203125,49.74396530148532,49.08064964869603,49.61178183792797,80092000
2019-09-04,50.27511215209961,50.344806902391355,49.82569194490394,50.08284558735108,76752400
2019-09-05,51.25807571411133,51.42390559777108,50.83268649087719,50.950450645100226,95654800
2019-09-06,51.25326156616211,51.53204789572798,51.07301235316033,51.44312612414458,77449200
2019-09-09,51.47196960449219,52.01752496664898,50.72694165520818,51.63299180966499,109237600
2019-09-10,52.08000946044922,52.0992364848002,50.88075361239367,51.39746659829906,127111600
2019-09-11,53.73590087890625,53.76474325009253,52.32755338078154,52.40926915409926,177158400
2019-09-12,53.615726470947266,54.41603338856972,53.56045107438245,54.02669627568618,128906800
2019-09-13,52.57268142700195,53.06295761966519,52.156907647555165,52.87309674944196,159053200
2019-09-16,52.84907150268555,52.90435057226379,52.28669479868519,52.32755084977788,84632400
2019-09-17,53.04133224487305,53.07017461149301,52.66160681112901,52.86348870875079,73274800
2019-09-18,53.53883361816406,53.558060644423605,52.73852652761445,53.127863724624426,101360000
2019-09-19,53.10383605957031,53.77676368542415,52.96203719031205,53.35618208567524,88242400
2019-09-20,52.327545166015625,53.48835049337496,52.2650600947515,53.20476016935374,221652400
2019-09-23,52.56547927856445,52.83465027251121,52.30832196549194,52.620754678997145,76662000
2019-09-24,52.315521240234375,53.47152241710132,52.19776078738406,53.12063572645369,124763200
2019-09-25,53.12065124511719,53.23360772644387,52.18575868726323,52.524628131243276,87613600
2019-09-26,52.8466682434082,53.09901788679732,52.591916597251874,52.87310494256668,75334000
2019-09-27,52.589508056640625,53.103818957729175,52.21939431443392,53.002876179178735,101408000
2019-09-30,53.82721710205078,53.97381992879909,53.062958600700476,53.08939529625113,103909600
2019-10-01,53.976226806640625,54.84863417143314,53.882497362527516,54.09158894337955,139223200
2019-10-02,52.62316131591797,53.73349535353158,52.375615676431906,53.60852153239703,138449200
2019-10-03,53.07017135620117,53.103817725877704,51.70268021152755,52.49577373492866,114426000
2019-10-04,54.557830810546875,54.6731929479549,53.80799525329293,54.22857675291312,138478800
2019-10-07,54.569847106933594,55.25959957952468,54.27664143090137,54.3799862186076,122306000
2019-10-08,53.930572509765625,54.81018970341159,53.913751153872425,54.27184763994498,111820000
2019-10-09,54.562644958496094,54.745296196966166,54.22858318869605,54.562644958496094,74770400
2019-10-10,55.298057556152344,55.38217532730824,54.627532058419334,54.77893891244817,113013600
2019-10-11,56.768898010253906,57.11257146209531,55.83159977697895,55.985412312624774,166795600
2019-10-14,56.68716812133789,57.23032136758356,56.39877014720684,56.454045539346986,96427600
2019-10-15,56.554996490478516,57.11496750151027,56.449249695667106,56.812150134970125,87360000
2019-10-16,56.32666778564453,56.53575933506916,56.04547949556907,56.08633553766423,73903200
2019-10-17,56.545379638671875,56.75446755281839,56.122396137875576,56.49971591783996,67585200
2019-10-18,56.816959381103516,57.09814772935947,56.30745241628178,56.37955283902993,97433600
2019-10-21,57.80231475830078,57.91767689190389,57.03565787328163,57.08372359535983,87247200
2019-10-22,57.670143127441406,58.20848515863878,57.58842735440891,57.95854116803715,82293600
2019-10-23,58.444000244140625,58.45842326091589,57.97295104383975,58.18444461705697,75828800
2019-10-24,58.540130615234375,58.833336257215784,58.114741500691004,58.763637850238034,69275200
2019-10-25,59.26113510131836,59.297183477090634,58.37190638286585,58.43919912909384,73477200
2019-10-28,59.85475158691406,59.902817306683154,59.29477696701474,59.46300881979624,96572800
2019-10-29,58.47044372558594,60.02299199906073,58.297407843177915,59.83553309820382,142839600
2019-10-30,58.463218688964844,58.953498506371375,57.97054053655013,58.82371704469009,124522000
2019-10-31,59.785057067871094,59.883594183478614,57.021235828674115,59.41975464010306,139162000
2019-11-01,61.48180389404297,61.50823692360431,59.88119007430968,59.972513844449246,151125200
2019-11-04,61.885555267333984,61.969673022918535,61.37605206348472,61.84469555712721,103272000
2019-11-05,61.79663848876953,62.0513901112309,61.60196993451809,61.777407799701365,79897600
2019-11-06,61.82307052612305,61.88315359336873,61.37365035662275,61.71011406632682,75864400
2019-11-07,62.536590576171875,62.758363326737026,62.218397769161385,62.3702628523427,94940400
2019-11-08,62.7077522277832,62.7800654404132,61.91468299950218,62.35822120185219,69986400
2019-11-11,63.20432662963867,63.26940852518434,62.259392237784176,62.26421066680897,81821200
2019-11-12,63.14645004272461,63.34652881203322,62.89575939265847,63.047617104065104,87388800
2019-11-13,63.751502990722656,63.82622908514769,62.93192148786903,62.946384128313966,102734400
2019-11-14,63.31038284301758,63.85034108012296,63.18021171215137,63.577949069175574,89182800
2019-11-15,64.06248474121094,64.06730317075748,63.399586537701325,63.56108852589213,100206400
2019-11-18,64.38545989990234,64.4650044028249,63.6936367950426,64.07208560229782,86703200
2019-11-19,64.19023132324219,64.60243134404664,63.9732843310493,64.57832448794083,76167200
2019-11-20,63.442962646484375,64.13960443972219,62.77042035286797,64.0094406588,106234400
2019-11-21,63.158538818359375,63.640646649849145,62.95845994871737,63.56350763127917,121395200
2019-11-22,63.103065490722656,63.44053935025517,62.87647432295545,63.298318486465696,65325200
2019-11-25,64.20951080322266,64.22638633771652,63.281452038993585,63.327252857545794,84020400
2019-11-26,63.7081298828125,64.39995331834635,63.27664139219919,64.34692117225768,105207600
2019-11-27,64.56385040283203,64.59760146667433,63.95398456897874,64.01906644818817,65235600
2019-11-29,64.42162322998047,64.60241356645375,64.09619915305304,64.26493974297915,46617600
2019-12-02,63.676788330078125,64.66269773145665,63.505642149829725,64.42646230113999,94487200
2019-12-03,62.54142379760742,62.56070486863775,61.779692755265934,62.26661887986274,114430400
2019-12-04,63.09343338012695,63.47188969636738,62.83791688344509,62.93193141754983,67181600
2019-12-05,64.01905822753906,64.09379166553936,63.33206085496577,63.58757726755583,74424400
2019-12-06,65.25566101074219,65.32556866060735,64.43366681014422,64.47706207759182,106075600
2019-12-09,64.34207916259766,65.27736166371423,63.85755870346598,65.08452157936348,128042400
2019-12-10,64.7181167602539,65.10139135960284,64.086549723577,64.7470420347139,90420400
2019-12-11,65.27014923095703,65.34970112214458,64.72295963208492,64.79768573812183,78756800
2019-12-12,65.43647766113281,65.70163837389192,64.43851852305019,64.54940123697496,137310400
2019-12-13,66.3259506225586,66.36210722075081,65.30870330727501,65.43646152513958,133587600
2019-12-16,67.46131896972656,67.68550461462198,66.76709014300219,66.77190857113695,128186000
2019-12-17,67.59391784667969,67.92174758501162,67.20581728332861,67.3914334748193,114158400
2019-12-18,67.43238830566406,67.95306540143068,67.28293612524905,67.44685094529272,116028400
2019-12-19,67.4998779296875,67.77950120181951,67.24195597172216,67.37453261033633,98369200
2019-12-20,67.36007690429688,68.13385757058333,67.14794837558046,68.03261909048223,275978000
2019-12-23,68.45928192138672,68.51954537378231,67.58425541558223,67.62282490788083,98572000
2019-12-24,68.52434539794922,68.67380489910754,68.19892872751366,68.62559120758853,48478800
2019-12-26,69.88392639160156,69.90080192756368,68.62803782360339,68.65696311017838,93121200
2019-12-27,69.85741424560547,70.86261220178719,69.45244547671278,70.17560714532725,146266000
2019-12-30,70.2719955444336,70.55403170483157,68.75335966764395,69.77542534439749,144114400
2019-12-31,70.78545379638672,70.79268511683624,69.78990032835488,69.88873327875099,100805600
2020-01-02,72.4005355834961,72.46079905454006,71.15669665838297,71.40980029421532,135480400
2020-01-03,71.69661712646484,72.4559349891833,71.47243889814949,71.62912236880935,146322800
2020-01-06,72.26793670654297,72.3065062028637,70.56851011431775,70.81920816221287,118387200
2020-01-07,71.92804718017578,72.53308721808551,71.70868733859578,72.27757077764687,108872000
2020-01-08,73.08511352539062,73.38643082203993,71.63155918060959,71.63155918060959,132079200
2020-01-09,74.63749694824219,74.83033706552648,73.81068409472688,74.06137477592067,170108400
2020-01-10,74.80622863769531,75.37030104945943,74.30483992947904,74.87131787710281,140644800
2020-01-13,76.40443420410156,76.43095395568463,75.00391177805751,75.12203317921409,121532000
2020-01-14,75.37271881103516,76.55147571173875,75.24978634537415,76.3417600315841,161954400
2020-01-15,75.04969787597656,76.05248268254357,74.61820946436237,75.17263768221467,121923600
2020-01-16,75.98980712890625,76.10069718746519,75.23048903454546,75.5920697800867,108829200
2020-01-17,76.83109283447266,76.83349837052724,75.93195936574989,76.23809509330889,137816400
2020-01-21,76.31040954589844,76.90098699093934,76.1730071029982,76.45986173724447,110843200
2020-01-22,76.58281707763672,77.1348251407198,76.48880253772091,76.79493830286927,101832400
2020-01-23,76.95161437988281,77.03115890447519,76.08863757604202,76.63583446102108,104472000
2020-01-24,76.7298583984375,77.93994620320352,76.53942377731238,77.1975035046655,146537600
2020-01-27,74.47359466552734,75.1533609751762,73.49250366771739,74.74116092508633,161940000
2020-01-28,76.58039093017578,76.7515370876536,75.25459488094803,75.35342783283777,162234000
2020-01-29,78.18339538574219,79.0294966511186,77.46987813568431,78.20991513135742,216229200
2020-01-30,78.07009887695312,78.12313101118072,76.8359045055242,77.26739289963146,126743200
2020-01-31,74.60855865478516,77.78323285410741,74.31447274556798,77.36138873428479,199588400
2020-02-03,74.40367889404297,75.56796570063159,72.85129158100523,73.35268032975995,173788400
2020-02-04,76.86000061035156,77.05043515977154,75.60169956180454,76.00666815397705,136616400
2020-02-05,77.48674774169922,78.28463523931488,76.88411323556181,77.98572352193352,118826800
2020-02-06,78.39311218261719,78.39552507490272,77.1999001655233,77.7567339114429,105425600
2020-02-07,77.32755279541016,78.14183107037995,76.8370524098855,77.89295663582978,117684000
2020-02-10,77.69481658935547,77.69481658935547,75.83430131081457,75.914034625019,109348800
2020-02-11,77.22606658935547,78.26264398287658,77.00860470842123,78.19015914717811,94323200
2020-02-12,79.06000518798828,79.06483505188083,77.67548599053883,77.67548599053883,113730400
2020-02-13,78.49698638916016,78.8231827517843,78.12971776259822,78.33268258573789,94747600
2020-02-14,78.51634979248047,78.76522420824622,78.00893385896474,78.4656030374421,80113600
2020-02-18,77.07867431640625,77.25989377012822,76.0179329078446,76.19915236156656,152531200
2020-02-19,78.19497680664062,78.4245243735885,77.32029218115534,77.32029218115534,93984000
2020-02-20,77.39276123046875,78.44383521283203,76.88776405995536,77.95575362250639,100566000
2020-02-21,75.64098358154297,77.42902110600791,75.02484049800245,76.98684158821678,129554000
2020-02-24,72.04803466796875,73.49779058260468,69.88548651960743,71.82574289040825,222195200
2020-02-25,69.60759735107422,73.09909512359589,69.13643119372864,72.71732938397975,230673600
2020-02-26,70.7118148803711,71.9755209333374,69.22581713906433,69.23306562077462,198054800
2020-02-27,66.08951568603516,69.10500967174747,65.95420576749399,67.92104419759342,320605600
2020-02-28,66.05084991455078,67.27106508637516,61.94562839291094,62.160678974985316,426510000
2020-03-02,72.20025634765625,72.8357338359803,67.1043654657983,68.20617931193843,341397200
2020-03-03,69.90721130371094,73.45427795635602,69.05668336601278,73.37454464911569,319475600
2020-03-04,73.14983367919922,73.30930768219956,70.82781196815235,71.62759322830975,219178400
2020-03-05,70.7770767211914,72.37905058025478,70.41221917601806,71.40529829391956,187572800
2020-03-06,69.83712768554688,70.26964007470336,67.9524487742093,68.13849804691934,226176800
2020-03-09,64.31359100341797,67.19376858532901,63.54763339444034,63.728852881306615,286744800
2020-03-10,68.9455337524414,69.21132371848606,65.0867678159455,66.96420578722295,285290000
2020-03-11,66.55101776123047,67.95003374263217,65.68841155580724,67.0246098194062,255598800
2020-03-12,59.978797912597656,65.23899494473845,59.92322498627828,61.841735279374994,418474000
2020-03-13,67.16473388671875,67.63590721616417,61.119254441366124,64.00427119826284,370732000
2020-03-16,58.524208068847656,62.60043194062402,57.99021323308223,58.46138297821733,322423600
2020-03-17,61.097530364990234,62.245249799692694,57.60361793460999,59.80483021639644,324056000
2020-03-18,59.601863861083984,60.406478598445545,57.29433564123959,57.93464652653443,300233600
2020-03-19,59.14519119262695,61.09269547807698,58.62086339938416,59.775834978401704,271857200
2020-03-20,55.39032745361328,60.848656123776394,55.09070998430256,59.72509337905043,401693200
2020-03-23,54.21360397338867,55.21152015646839,51.372084613414366,55.1100377172106,336752800
2020-03-24,59.6525993347168,59.84831571056435,56.61294527600062,57.1106940064076,287531200
2020-03-25,59.32398986816406,62.39988643227555,59.02920598580545,60.587692247407915,303602000
2020-03-26,62.445804595947266,62.503792458271775,59.52696298189895,59.565624014727966,252087200
2020-03-27,59.860408782958984,61.8248250722316,59.69368630258447,61.07095335601888,204216800
2020-03-30,61.56869888305664,61.74025490515105,60.2615017965214,60.5852833250574,167976400
2020-03-31,61.44305419921875,63.424386025978244,60.88973245903772,61.75958725464871,197002000
2020-04-01,58.210105895996094,60.0972038911912,57.78001201918498,59.56079401122782,176218400
2020-04-02,59.18143081665039,59.234588810411715,57.24117510511811,58.072368803656616,165934000
2020-04-03,58.33091354370117,59.3674871060243,57.741345715951596,58.66677342106095,129880000
2020-04-06,63.41954040527344,63.574177122829745,60.25665875100896,60.62392740731182,201820400
2020-04-07,62.685001373291016,65.64975569191732,62.58110401279755,65.43228649705053,202887200
2020-04-08,64.2894058227539,64.6035165473233,63.1199373363336,63.48478743589154,168895200
2020-04-09,64.7533187866211,65.25590475851683,63.95837493137018,64.92487847473,161834800
2020-04-13,66.02428436279297,66.13301897916537,64.23141674512242,64.8306516969401,131022800
2020-04-14,69.35873413085938,69.64868825439446,67.18410032586527,67.65527393314986,194994800
2020-04-15,68.72565460205078,69.18474234820361,67.80747910974512,68.23515430833677,131154400
2020-04-16,69.27175903320312,69.63661665548292,68.22310307044494,69.43848156432168,157125200
2020-04-17,68.33179473876953,69.3345480225858,66.89653644635722,68.7884711835537,215250000
2020-04-20,66.91345977783203,68.06118282102301,66.89413295001411,67.15992291899424,130015200
2020-04-21,64.84514617919922,66.99078550242736,64.13476539316186,66.75640806793423,180991600
2020-04-22,66.71292114257812,67.14784486961675,65.77058148476895,66.11126755910753,116862400
2020-04-23,66.45436096191406,68.07808706003861,66.41569993888298,66.6573258024501,124814400
2020-04-24,68.3729019165039,68.38256902010487,66.9303945618597,66.97872270602501,126161200
2020-04-27,68.42121887207031,68.7522452213369,67.64318307081028,68.09018514896542,117087600
2020-04-28,67.31214904785156,69.06393705890572,67.22033738750322,68.88271760948632,112004800
2020-04-29,69.52301788330078,69.991772685642,68.59517537860054,68.79814023520653,137280800
2020-04-30,70.98968505859375,71.16607461666706,69.67282835408629,70.06184250590752,183064000
2020-05-01,69.8468017578125,72.24614521202258,69.06876605288338,69.16541493960355,240616800
2020-05-04,70.83506774902344,70.96312921364829,69.18234705743826,69.87098252239187,133568000
2020-05-05,71.89822387695312,72.72941781329797,71.1491818865001,71.29415894494899,147751200
2020-05-06,72.6399917602539,73.27063178737225,72.21472783850132,72.59891211487862,142333600
2020-05-07,73.39144134521484,73.73697195261609,72.9637661985266,73.26579854405584,115215200
2020-05-08,75.1382827758789,75.19158466112692,73.72336874196486,74.05044815626871,133838400
2020-05-11,76.32062530517578,76.81487118254181,74.43810496971201,74.64646961486733,145946400
2020-05-12,75.44840240478516,77.45448015586908,75.3272624261115,77.00383559042835,162301200
2020-05-13,74.53743743896484,76.54836579208815,73.46171369194431,75.62769739388037,200622400
2020-05-14,74.99534606933594,75.0559160635201,73.05468108965971,73.77667808210235,158929200
2020-05-15,74.5519790649414,74.59801285788724,72.73487900802405,72.76880175811006,166348400
2020-05-18,76.30850982666016,76.68162311206635,75.18433442581173,75.8748339325949,135178400
2020-05-19,75.86754608154297,77.17100598439245,75.83604850545491,76.32545133616954,101729600
2020-05-20,77.3430404663086,77.41329633678234,76.68645639876391,76.72522208271401,111504800
2020-05-21,76.76640319824219,77.74521626092047,76.52896618682993,77.20492931373624,102688800
2020-05-22,77.26068115234375,77.3430554740474,76.40300778879455,76.5047612593345,81803200
2020-05-26,76.73734283447266,78.55686050645615,76.68161577577496,78.37757568234818,125522000
2020-05-27,77.07170104980469,77.21707055459125,75.8554578938175,76.59441646239908,112945200
2020-05-28,77.10562133789062,78.36305531429218,76.47084882755918,76.74704422339656,133560800
2020-05-29,77.03050231933594,77.80821903420895,76.67435043039059,77.34788852176631,153532400
2020-06-01,77.97782897949219,78.09896899425175,76.85364609349955,76.9844793797038,80791200
2020-06-02,78.33880615234375,78.36303562857958,77.27035057638682,77.71130190496551,87642800
2020-06-03,78.77005767822266,79.03172416978924,78.08682643155123,78.65861096933926,104491200
2020-06-04,78.0916976928711,78.8912188000404,77.71858439241902,78.59321910796065,87560400
2020-06-05,80.31582641601562,80.37639642085425,78.31217331772173,78.34124573703636,137250400
2020-06-08,80.79069519042969,80.82461794300563,79.30309967941871,80.01297837924804,95654400
2020-06-09,83.34188842773438,83.73438081455681,80.43937898287314,80.47087656345983,147712400
2020-06-10,85.48605346679688,85.95365197826031,83.85066386558994,84.28918996715056,166651600
2020-06-11,81.38186645507812,85.05483286146779,81.28011297568305,84.63084277845434,201662400
2020-06-12,82.08446502685547,84.26498513269779,80.97482582626513,83.51876594974783,200146000
2020-06-15,83.09961700439453,83.75135081292053,80.5774812512651,80.73981210877636,138808800
2020-06-16,85.30192565917969,85.57328542706455,83.51874869015089,85.1517132659384,165428800
2020-06-17,85.18321990966797,86.10630607045023,85.06207991592963,86.04573607358105,114406400
2020-06-18,85.21715545654297,85.63387739334637,84.60903023062069,85.1396240743936,96820400
2020-06-19,84.73015594482422,86.38735014117718,83.62293464807695,85.92217671437545,264476000
2020-06-22,86.94700622558594,87.08995051171077,85.07660467814306,85.12263846107449,135445200
2020-06-23,88.80290222167969,90.22024192576087,87.77078689158364,88.18993401998509,212155600
2020-06-24,87.23533630371094,89.3504433677871,86.86222303304002,88.43220009652119,192623200
2020-06-25,88.39340209960938,88.4321677727379,86.63202980327242,87.39036710991999,137522400
2020-06-26,85.67745971679688,88.50971291769464,85.52966510284091,88.2892372764143,205256800
2020-06-29,87.65204620361328,87.74653893980732,85.10810654900735,85.58539837995676,130646000
2020-06-30,88.38374328613281,88.66963931267749,87.22080221413067,87.24018136135113,140223200
2020-07-01,88.2165756225586,89.00398569728229,88.16812405423994,88.46128081179627,110737200
2020-07-02,88.2165756225586,89.75748041356287,88.10271110979996,89.122707936332,114041600
2020-07-06,90.57638549804688,91.0439841546096,89.61210837219791,89.6436059572989,118655600
2020-07-07,90.29534149169922,91.73206023970783,90.18389475245895,90.95434344364946,112424400
2020-07-08,92.39830780029297,92.42980537831811,91.18448282629508,91.27170745727221,117092000
2020-07-09,92.79566192626953,93.34320967936996,91.74901058829923,93.28990778547893,125642800
2020-07-10,92.95796203613281,93.01611424728237,91.78048512195744,92.39102788555245,90257200
2020-07-13,92.52914428710938,96.8683794397454,92.31593673037001,94.26144459491981,191649200
2020-07-14,94.06036376953125,94.25175963929699,90.97856198164641,91.91133403395911,170989200
2020-07-15,94.7072525024414,96.18273684605151,93.51038868590005,95.93318873658312,153198000
2020-07-16,93.54190063476562,94.39714888824498,92.94346863459394,93.58066632878567,110577600
2020-07-17,93.35292053222656,94.14759875840713,92.88047150221618,93.99254337939139,92186800
2020-07-20,95.3202133178711,95.45831468469305,93.09608481622666,93.44012565034129,90318000
2020-07-21,94.00463104248047,96.18515083470295,93.75508296201137,96.11004463336359,103433200
2020-07-22,94.26871490478516,94.94952104533722,93.61940634409747,93.7066235863698,89001600
2020-07-23,89.97794342041016,94.0797418561393,89.16872914510222,94.00221048521436,197004400
2020-07-24,89.75503540039062,90.0990762102355,86.3921882418588,88.17779782726093,185438800
2020-07-27,91.88226318359375,91.97433076494785,90.59333922603253,90.81623268150157,121214000
2020-07-28,90.37285614013672,91.63028980605597,90.3680058085899,91.45342276195278,103625600
2020-07-29,92.10517120361328,92.28930638065711,90.81866491806582,90.85500544148256,90329200
2020-07-30,93.21964263916016,93.32382125064892,90.87194916313929,91.27897773393107,158130000
2020-07-31,102.97867584228516,103.12888823385559,97.71150450591125,99.70789639582766,374336800
2020-08-03,105.57351684570312,108.19013805785316,104.56078815454649,104.85878784183842,308151200
2020-08-04,106.2785415649414,107.36880152265259,105.04048696818748,105.76248400195036,173071600
2020-08-05,106.66375732421875,106.98356866072452,105.53473177113482,105.99991256912482,121776800
2020-08-06,110.38516998291016,110.8794231758555,106.406937145771,106.99567567916016,202428800
2020-08-07,107.87549591064453,110.36334336865978,107.07938502036484,109.90703455219526,198045600
2020-08-10,109.44342803955078,110.46041197638358,106.79538698699508,109.31964010708016,212403600
2020-08-11,106.18861389160156,109.20558233257063,105.9289051039155,108.7080157903305,187902400
2020-08-12,109.71769714355469,109.97497634209523,107.08421855500417,107.27838901940625,165598000
2020-08-13,111.6594467163086,112.66186835700262,110.60847874929773,111.09634192240293,210082000
2020-08-14,111.55995178222656,111.64975583547505,109.75170820856059,111.48471014803833,165565200
2020-08-17,111.26866912841797,112.70555595050736,110.64246299694389,112.68128278727484,119561600
2020-08-18,112.19584655761719,112.62060097941455,110.68614768785797,111.02109807418744,105633600
2020-08-19,112.33661651611328,113.74923011045664,112.24196081309763,112.60360648521876,145538000
2020-08-20,114.82933044433594,114.94340764743272,112.3608970952543,112.37788905057565,126907200
2020-08-21,120.74676513671875,121.22976923366335,115.77592204362502,115.78805492165831,338054800
2020-08-24,122.19092559814453,125.03314486284968,120.32686221834298,124.9481850882098,345937600
2020-08-25,121.18852233886719,121.53318353096768,119.4676607314497,121.06474178007431,211495600
2020-08-26,122.83657836914062,123.29288726438261,121.43852684450661,122.5040574463888,163022400
2020-08-27,121.36813354492188,123.77102883487844,120.22493186903937,123.43850794155522,155552400
2020-08-28,121.1715087890625,122.75887130249573,120.94820607750371,122.34139811689965,187630000
2020-08-31,125.28070068359375,127.18360697027765,122.32927082637391,123.86324282555849,225702700
2020-09-01,130.27096557617188,130.87291336835037,126.72730590113318,128.89233580510103,151948100
2020-09-02,127.57196044921875,133.96026921891615,123.30015014927834,133.5816315551226,200119000
2020-09-03,117.35845184326172,125.08655566898445,116.98952488777601,123.21278864677252,257599600
2020-09-04,117.4361343383789,120.09630926936413,107.65949870759528,116.5720628380903,332607200
2020-09-08,109.53324890136719,115.52349838716887,109.39732807142673,110.63032628792358,231366600
2020-09-09,113.90216064453125,115.66913897859283,111.90217621343139,113.84391097205425,176940500
2020-09-10,110.18373107910156,116.98951312845449,109.22257449751976,116.85359229498353,182274400
2020-09-11,108.73712921142578,111.8730336076421,106.79539476122176,111.2322576836528,180860300
2020-09-14,111.99925994873047,112.55265405113641,109.51384186173257,111.377905426981,140150100
2020-09-15,112.17400360107422,115.36815776085928,110.30022950147779,114.88272413305843,184642000
2020-09-16,108.86334228515625,112.62060121644382,108.77596778791039,111.87303669164397,154679000
2020-09-17,107.12548828125,108.93130194991431,105.54297733812126,106.52355532978139,178011000
2020-09-18,103.72746276855469,107.64976770036112,102.99931226553164,107.18375552641913,287104900
2020-09-21,106.8730697631836,106.97986575435861,100.0964130289504,101.49446425369291,195713800
2020-09-22,108.55267333984375,109.5720869949024,105.97988085188311,109.3973305799532,183055400
2020-09-23,103.99930572509766,108.84393137946276,103.65949625131259,108.36820848614498,150718700
2020-09-24,105.06725311279297,107.03811241012444,101.94105943821374,102.10610509006938,167743300
2020-09-25,109.00896453857422,109.16430684101944,104.53326629739041,105.27112741974788,149981400
2020-09-28,111.61092376708984,111.96043664981464,109.49443238042568,111.65947010357479,137672400
2020-09-29,110.76626586914062,111.95072536524631,110.26141804491623,111.21287142269765,99382200
2020-09-30,112.43614959716797,113.84391175108092,110.30995505877512,110.4750007366762,142675200
2020-10-01,113.3875961303711,114.29050304173128,112.45556438431055,114.2128318777771,116120400
2020-10-02,109.7274169921875,112.00896103141628,108.95072761058432,109.60120691204848,144712000
2020-10-05,113.10603332519531,113.25166489244758,110.2419779334605,110.59149073201426,106243800
2020-10-06,109.86334228515625,112.73710847512729,108.97984952644627,112.32933859803765,161498200
2020-10-07,111.72742462158203,112.18373349473666,110.80509612706318,111.28082649663705,96849000
2020-10-08,111.62061309814453,113.00895361392693,111.25167878876417,112.86332203954677,83477200
2020-10-09,113.5623550415039,113.59147987684435,111.57207401243367,111.92158685077898,100506900
2020-10-12,120.77587890625,121.53315412296922,115.80503626850115,116.56231148522039,240226800
2020-10-13,117.572021484375,121.73704283997935,116.16426694681041,121.62053610441286,262330500
2020-10-14,117.65943145751953,119.44582405293845,116.13516982074954,117.47496426731374,150712000
2020-10-15,117.19339752197266,117.66912045188067,114.70797946369227,115.26137355970408,112559200
2020-10-16,115.55262756347656,118.0089281560019,115.34874631090426,117.74678982617324,115393800
2020-10-19,112.6011962890625,116.9118422011094,112.29051903948137,116.46524411778215,120639300
2020-10-20,114.08661651611328,115.513792607474,112.2613812832418,112.81477533834804,124423700
2020-10-21,113.46526336669922,115.25165563302974,113.05749347361974,113.27108546353527,89946000
2020-10-22,112.37786865234375,114.60115523635135,111.25165924260928,114.02833978633032,101988000
2020-10-23,111.6885757446289,113.15458745033783,110.95071451824744,112.99924512599237,82572600
2020-10-26,111.69828033447266,113.15458121285103,109.591492767667,110.6885775032748,111850700
2020-10-27,113.2031478881836,113.8633380778765,111.20316322843642,112.12548438137411,92276800
2020-10-28,107.96043395996094,112.06720563801413,107.86334871753533,111.69827875394513,143937800
2020-10-29,111.9604263305664,113.52352341003616,108.93131742851756,109.09637051307503,146129200
2020-10-30,105.68860626220703,108.72741799712837,104.58181822292556,107.82451118538518,190272600
2020-11-02,105.60123443603516,107.4555945603439,104.19347979423505,105.9313331743507,122866900
2020-11-03,107.22259521484375,108.24200151383607,105.56241289323033,106.46531984784082,107624400
2020-11-04,111.60120391845703,112.22255845771816,109.07695017681739,110.81480370001444,138235500
2020-11-05,115.56232452392578,116.13514003797306,113.46525517113334,114.513786143965,126387100
2020-11-06,115.43104553222656,115.92703675245446,112.94133225108231,115.07120221763194,114457900
2020-11-09,113.1261215209961,118.64043465344767,112.86353836131654,117.19134868504119,154515300
2020-11-10,112.78573608398438,114.36124992222891,110.99625432436308,112.37727008295128,138023400
2020-11-11,116.20906829833984,116.34522361614252,113.24281896631516,113.97222563450443,112295000
2020-11-12,115.9367446899414,117.22049998551182,115.31431832965924,116.33549051882304,103162300
2020-11-13,115.98539733886719,116.38413582545107,114.63356412889462,116.16045525051373,81581900
2020-11-16,116.99684143066406,117.66789057082231,114.90587400574458,115.65472831052979,91183000
2020-11-17,116.11183166503906,117.35668469756249,115.69363815380922,116.26744200405916,74271000
2020-11-18,114.7891616821289,116.53001321672764,114.75998660153422,115.35323797332128,76322100
2020-11-19,115.3824234008789,115.7908894056509,113.60266912591757,114.36125096903965,74113000
2020-11-20,114.11810302734375,115.50883872913519,114.06948036722605,115.38241090893905,73604300
2020-11-23,110.72394561767578,114.39043445067523,110.6266928661709,113.96251344016258,127959300
2020-11-24,112.00770568847656,112.66903481291116,109.49854453224738,110.78230761489361,113874200
2020-11-25,112.84408569335938,113.54431736019659,112.00769869351593,112.37726952874067,76499200
2020-11-27,113.38868713378906,114.26397656378495,113.02885128250198,113.36923955530375,46691300
2020-11-30,115.78116607666016,117.64844554887398,113.6026659391683,113.75827627180732,169410200
2020-12-01,119.35037994384766,120.0797865936806,116.71479147284033,117.68733367261757,127728200
2020-12-02,119.70050811767578,119.98254627518949,117.57063810536371,118.66960823368215,89004200
2020-12-03,119.5643539428711,120.38128592155832,118.85439479194712,120.12842284343223,78967600
2020-12-04,118.89328002929688,119.48653134532607,118.18332098194936,119.23366830409037,78260400
2020-12-07,120.35211944580078,121.14960390007961,118.89330587676078,118.95165604515132,86712000
2020-12-08,120.96480560302734,121.54833690448348,119.7102251767506,120.9550855226028,82225500
2020-12-09,118.43621063232422,122.49171060296122,117.67762875809393,121.11070219500817,115089200
2020-12-10,119.85612487792969,120.46883134674633,116.85097238388342,117.19136074438724,81312200
2020-12-11,119.04891204833984,119.38930038520903,117.23998269251022,119.06835963048555,86939800
2020-12-14,118.43621063232422,119.96310188222377,118.20280253715556,119.23369509240086,79184500
2020-12-15,124.36871337890625,124.38816838110739,120.7216795566684,120.9259125603246,157243700
2020-12-16,124.30064392089844,124.8452652999531,123.08496589985872,123.91163289009357,98208600
2020-12-17,125.16619110107422,126.02203307421959,124.52430962121518,125.3606965932024,94359800
2020-12-18,123.18218994140625,125.55519511671491,122.65701629999003,125.41903981189304,192541500
2020-12-21,124.70906829833984,124.78687344647531,120.0603182859019,121.58720907350065,121251600
2020-12-22,128.25885009765625,130.71938029303678,126.09007064495803,127.99625958942822,168904800
2020-12-23,127.36415100097656,128.79377458393498,127.18908566358635,128.53119883757725,88223700
2020-12-24,128.34637451171875,129.79546749710363,127.50026768364367,127.71422812013846,54930100
2020-12-28,132.9368133544922,133.56895993255333,129.84412103088945,130.3109520335808,124486200
2020-12-29,131.1668243408203,134.97918980280187,130.65137791610235,134.2595177289514,121047300
2020-12-30,130.04835510253906,132.2560302372561,129.73713444926724,131.85728434018318,96452100
2020-12-31,129.04661560058594,131.040329904096,128.10324856194674,130.39844854670574,99116600
2021-01-04,125.85670471191406,129.94137947234472,123.27946608977872,129.85385422543547,143301900
2021-01-05,127.41272735595703,128.12269373003411,124.90356711123319,125.35094297928433,97664900
2021-01-06,123.12384796142578,127.45166544679954,122.90988747820573,124.21309795786028,155088000
2021-01-07,127.32525634765625,128.01576801979238,124.34927881160118,124.83555003879502,109578200
2021-01-08,128.4241485595703,128.98822458830765,126.65411534803481,128.79370435509387,105158200
2021-01-11,125.43849182128906,126.595819441527,124.97167570919714,125.64273221772613,100384500
2021-01-12,125.2634506225586,126.12901267192076,123.37671619500519,124.97168496595856,91951100
2021-01-13,127.29607391357422,127.84069528222409,124.96197809369782,125.22455385655589,88636800
2021-01-14,125.37044525146484,127.40305532059554,125.22455498651907,127.20854980715394,90221800
2021-01-15,123.64903259277344,126.64446478265978,123.51287725867944,125.24400143779671,111598500
2021-01-19,124.320068359375,125.17591022451418,123.45450641479232,124.27143828252557,90757300
2021-01-20,128.40475463867188,128.85213061210496,125.02031169638846,125.12729193961263,104319500
2021-01-21,133.1118621826172,135.83498363825382,129.9219245699571,130.12616498605254,120150900
2021-01-22,135.25143432617188,136.0100159621577,131.31263593020583,132.53803360991805,114459400
2021-01-25,138.9957275390625,141.1061423033731,132.79090363932372,139.14161777095364,157611700
2021-01-26,139.22915649414062,140.3378541007655,137.48829750104505,139.65707747210416,98390600
2021-01-27,138.1593780517578,140.33787848176394,136.55468894542827,139.4917564593141,140843800
2021-01-28,133.3258056640625,138.09127131319642,132.94651480242143,135.68909090953088,142621100
2021-01-29,128.33665466308594,132.98540444648626,126.63470608598875,132.10038762484038,177523800
2021-02-01,130.45677185058594,131.66272916720465,127.33490577473044,130.07748109742704,106239800
2021-02-02,131.28347778320312,132.56722577893618,130.9139069960329,132.00314951845078,83305400
2021-02-03,130.26229858398438,132.0420525079875,129.94135789213308,132.03231758895785,89880900
2021-02-04,133.61756896972656,133.62728904915303,130.89444790890877,132.55750155942113,84183100
2021-02-05,133.20364379882812,133.84648451427685,132.32705363193958,133.77831254493844,75693800
2021-02-08,133.34971618652344,133.39841892980013,131.41145995524053,132.49259546322395,71297200
2021-02-09,132.47311401367188,134.29449558670797,132.3172860388913,133.06725182462114,76774200
2021-02-10,131.86927795410156,133.4276770274743,130.90501685547775,132.9309297060643,73046600
2021-02-11,131.6160125732422,132.84324151471785,130.29137814000228,132.36597838425936,64280000
2021-02-12,131.84976196289062,132.00560480490336,130.2134567077312,130.85629728454018,60145100
2021-02-16,129.72647094726562,132.47313069680968,129.33686380627134,131.96666370650627,80576300
2021-02-17,127.43757629394531,128.78169493091983,126.10320712430666,127.83691804290048,97918500
2021-02-18,126.33699035644531,126.61944257367797,124.09679724620429,125.84024303159478,96856700
2021-02-19,126.49281311035156,127.31098076958226,125.4506454700138,126.853201614987,87668800
2021-02-22,122.72344970703125,126.34671464924598,122.33384996779367,124.68117557823038,103916400
2021-02-23,122.58708190917969,123.4149766498793,115.31133387912055,120.54169271715817,158273000
2021-02-24,122.09033966064453,122.29487783267318,119.05147832650884,121.69100535268275,111039900
2021-02-25,117.84371185302734,123.17146835413952,117.4054168564186,121.43775757680415,148199500
2021-02-26,118.10670471191406,121.6033452358005,118.04825992472897,119.40211317040608,164560400
2021-03-01,124.4668960571289,124.60325484384613,119.5969181572381,120.53195302229754,116307900
2021-03-02,121.86632537841797,125.37270785746594,121.75918527388905,125.07077161615514,102260900
2021-03-03,118.88587951660156,122.4409643135904,118.6715993335673,121.56436694253905,112966300
2021-03-04,117.0060806274414,120.38584631369558,115.53535272389263,118.58395606502583,178155000
2021-03-05,118.26252746582031,118.76900926850234,114.51264641529035,117.83397451469976,153766600
2021-03-08,113.33413696289062,117.85347628547363,113.18803612592406,117.78529688568887,154376600
2021-03-09,117.94111633300781,118.8858931954571,115.7009310503409,115.93468789918522,129525800
2021-03-10,116.85999298095703,118.99303824849771,116.34376908141869,118.52552453136408,111943300
2021-03-11,118.7884750366211,120.00596925530284,118.10668124655732,119.35339413752823,103026500
2021-03-12,117.8826904296875,118.01904922400895,116.0613233493951,117.26907585524096,88105100
2021-03-15,120.76571655273438,120.77545858975141,117.28855243734995,118.25281346511821,92403800
2021-03-16,122.30461120605469,123.91170522216095,121.47671654048351,122.43122794234345,115227900
2021-03-17,121.51568603515625,122.58707964634337,119.15861117334904,120.82415009129004,111932600
2021-03-18,117.39568328857422,119.97677300065472,117.19114511333716,119.68457136117527,121229700
2021-03-19,116.86973571777344,118.27229182875169,116.5677994448256,116.78207967633583,185549500
2021-03-22,120.18132781982422,120.64884902153915,117.1327239795706,117.20090338075846,111912300
2021-03-23,119.35343170166016,121.00922138779639,118.96383194286418,120.12288918175794,95467100
2021-03-24,116.96711730957031,119.70404974763237,116.94764066899515,119.62612832333967,88530500
2021-03-25,117.45410919189453,118.49629146995656,115.90545997424265,116.43141841542507,98844700
2021-03-26,118.05799102783203,118.32097396831911,115.82754049090362,117.22035432205121,94071200
2021-03-29,118.23331451416016,119.3923715504468,117.59048134086395,118.48655542775977,80819200
2021-03-30,116.7820816040039,117.26907943602144,115.76912522168777,116.9866198017316,85671900
2021-03-31,118.97355651855469,120.30792565051348,117.9995609800172,118.48655874928595,118323800
2021-04-01,119.80144500732422,120.95075998024407,119.30470522783453,120.44428559619276,75089100
2021-04-05,122.62605285644531,122.87929380413213,119.86964340519192,120.64884289146045,88651200
2021-04-06,122.927978515625,123.82405264578033,122.38254338092113,123.21043811923847,80171300
2021-04-07,124.57402801513672,124.59350465582355,121.88579830959569,122.55785759372996,83466700
2021-04-08,126.97005462646484,126.99927330265552,125.17790646414029,125.59671739753477,88844600
2021-04-09,129.5414276123047,129.58038090088027,126.10322399320837,126.4246443564377,106686700
2021-04-12,127.82721710205078,129.39535097083947,127.23307905581414,129.07393056595765,91420000
2021-04-13,130.93421936035156,131.15824904554103,128.49923039780398,128.99597765783932,91266500
2021-04-14,128.5966339111328,131.4894019428346,128.2362603060902,131.43096458655666,87222800
2021-04-15,131.00241088867188,131.48940869866695,130.16477406100063,130.34010100083557,89347100
2021-04-16,130.6712188720703,131.1679511470198,129.8140982138144,130.8075776257029,84922400
2021-04-19,131.33355712890625,131.9471790846723,129.87256379574342,130.0381412567294,94264200
2021-04-20,129.6485595703125,132.0056272235911,128.38236227240412,131.50889480005515,94812300
2021-04-21,130.0283966064453,130.27189547649485,127.88560952240783,128.91804235349915,68847100
2021-04-22,128.50894165039062,130.6614629304673,127.99272533279819,129.58032755811567,84566500
2021-04-23,130.82705688476562,131.60624124145804,128.72322345292264,128.72322345292264,78657500
2021-04-26,131.21669006347656,131.5478450047434,130.08685158645528,131.32383017529745,66905100
2021-04-27,130.89527893066406,131.88875868630524,130.62256132903624,131.49915149684074,66015800
2021-04-28,130.1063232421875,131.5088791677975,129.61932548257246,130.81733580986761,107760100
2021-04-29,130.00889587402344,133.50555049492985,129.00568184694694,132.9211473369093,151101000
2021-04-30,128.0414581298828,130.08683981317637,127.66160046998598,128.3531289693404,109839500
2021-05-03,129.0933074951172,130.58353371132102,128.40177927818544,128.6063099319876,75135100
2021-05-04,124.52532958984375,128.07068022860358,123.40523322106765,127.77847859118502,137564700
2021-05-05,124.76884460449219,127.05772538948398,124.6422204183204,125.84023086704354,84000900
2021-05-06,126.36616516113281,126.3758997645555,123.8240292097585,124.56426777460713,78128300
2021-05-07,127.03939056396484,128.0638111341248,126.3271553590937,127.66380595625425,78973300
2021-05-10,123.76119232177734,126.38568557584613,123.72216543128324,126.25886120807223,88071200
2021-05-11,122.8440933227539,123.19532046962064,119.78054551827158,120.4927732833166,126142800
2021-05-12,119.78053283691406,121.60500079746393,119.27319817304675,120.39519702699735,112172300
2021-05-13,121.9269790649414,123.0782463378904,121.23426847309511,121.5464761686261,105861300
2021-05-14,124.34660339355469,124.7758918234003,122.78556470814284,123.1758262404007,81918000
2021-05-17,123.19532775878906,123.83926036065176,122.12211419930365,123.73193826034131,74244600
2021-05-18,121.80989837646484,123.8977887358132,121.74160317568686,123.47825894714309,63342900
2021-05-19,121.65379333496094,121.87818865261369,119.86835215925528,120.16105011854478,92612000
2021-05-20,124.21000671386719,124.61002681126666,122.05382097524402,122.18066024691666,76857100
2021-05-21,122.37577819824219,124.8831983677244,122.16113401006866,124.70758107227505,79295400
2021-05-24,124.00511169433594,124.82466155300955,122.87336158160026,122.94165678285485,63092900
2021-05-25,123.80997467041016,125.19540319531397,123.24409593795775,124.70757079826137,72009500
2021-05-26,123.76119232177734,124.28804417802037,123.34166255348855,123.86851440973157,56575900
2021-05-27,122.22942352294922,124.5319579811851,122.03429651202822,123.3611810284224,94625600
2021-05-28,121.57574462890625,122.73677048730885,121.51720801205188,122.51236771666937,71311100
2021-06-01,121.25376892089844,122.29771402080185,120.92205152635813,122.03429182182089,67637100
2021-06-02,122.01477813720703,122.19039542274523,121.02937706510446,121.25377238108098,59278900
2021-06-03,120.53179931640625,121.80989840712398,120.13177925202119,121.64403969713835,76229200
2021-06-04,122.82456970214844,123.08799935298282,120.83424294183042,121.04888711847525,75169300
2021-06-07,122.83434295654297,123.2441141916509,121.79039769931899,123.09776519522116,71057600
2021-06-08,123.65386962890625,125.33199613747028,123.13677635872094,123.51727923465421,74403800
2021-06-09,124.03437042236328,124.63927604647924,123.43922338156383,124.11242420165917,56877900
2021-06-10,123.0392074584961,125.0685610035486,122.87334876469549,123.92704498219538,71186400
2021-06-11,124.24903869628906,124.3368510759359,123.02947607177971,123.4490059123557,53522400
2021-06-14,127.30280303955078,127.36133965538929,123.97584053546844,124.70757800792384,96906500
2021-06-15,126.48326110839844,127.4198916269695,126.23934861668313,126.77595907590421,62746300
2021-06-16,126.98085021972656,127.70283662845416,125.33201411236685,127.19549442536886,91815000
2021-06-17,128.58090209960938,129.32240559947226,126.49301177385304,126.63936820067508,96721700
2021-06-18,127.28331756591797,128.30773825283313,127.06867335467656,127.52723008894328,108953300
2021-06-21,129.07846069335938,129.18578275784907,126.06370663710283,127.12716125698881,79663300
2021-06-22,130.71755981445312,130.81513075216756,128.4150256244004,128.9126165646152,74783600
2021-06-23,130.44439697265625,131.04931007255976,129.98584029942936,130.51269961588608,60214200
2021-06-24,130.16148376464844,131.36152922245495,129.69316099657445,131.1761533209972,68711000
2021-06-25,129.8687744140625,130.6297802366699,129.5760764313894,130.21025787505408,70783700
2021-06-28,131.49807739257812,131.95663398446408,130.10290533994575,130.1614419453381,62111300
2021-06-29,133.01034545898438,133.16645300747723,131.0785629298999,131.51760238370522,64556100
2021-06-30,133.62501525878906,134.06405473109936,132.5615455661884,132.85424351014055,63261400
2021-07-01,133.92745971679688,133.98599632611845,132.45421890843855,133.27377610064684,52485800
2021-07-02,136.55197143554688,136.5909908825578,134.39577852908815,134.54212006442484,78852600
2021-07-06,138.5618133544922,139.66428770082487,136.65929888430668,136.65929888430668,108181800
2021-07-07,141.0497283935547,141.3619286538461,139.1862333107396,140.04479519196917,104911600
2021-07-08,139.75209045410156,140.5521155930635,137.2446631833098,138.13250812343543,105575500
2021-07-09,141.57655334472656,142.1033977245654,139.17644811221814,139.27401905419063,99890800
2021-07-12,140.9814453125,142.75713571421414,140.49362024221452,142.64981360326175,76299700
2021-07-13,142.09365844726562,143.86934850619764,140.1326074026889,140.5228614286861,100827100
2021-07-14,145.5181884765625,145.9279745686904,144.0839818158266,144.4937679079545,127050800
2021-07-15,144.8645477294922,146.34754030635762,143.50839445147628,145.60605146154572,106820300
2021-07-16,142.8253936767578,146.1133292004128,142.32781756831105,144.8449961921481,93251400
2021-07-19,138.9813690185547,140.56193247731903,138.22036304802546,140.24971726518362,121434600
2021-07-20,142.59124755859375,143.518127007473,139.47893643261804,139.96676145319105,96350000
2021-07-21,141.8594970703125,142.57173225410514,141.10825732605966,141.9863363279922,74993500
2021-07-22,143.2254180908203,144.59132208932277,142.25951926436974,142.38635852395822,77338200
2021-07-23,144.94253540039062,145.09864294509043,143.3424702853048,143.9571344380385,71447400
2021-07-26,145.36204528808594,146.18158741311717,144.10344891507248,144.65957635599287,72434100
2021-07-27,143.19615173339844,145.5767400665626,142.00585756681636,145.48892025406204,104818600
2021-07-28,141.44969177246094,143.39124006828624,139.0691040815247,141.28383310707383,118931200
2021-07-29,142.09365844726562,142.98150347673163,141.05947187985987,141.16679397009463,56699500
2021-07-30,142.30831909179688,142.7668758133756,140.60093147786202,140.86436116386733,70440600
2021-08-02,141.97654724121094,143.37171915384715,141.71311765614436,142.7960894089371,62880000
2021-08-03,143.77175903320312,144.43519376937195,141.64483467000184,142.25949882463198,64786600
2021-08-04,143.37176513671875,144.19130756729243,142.71808142038705,143.68398028393023,56368300
2021-08-05,143.47911071777344,144.2401166546182,142.61078266741262,143.40105691819448,46397700
2021-08-06,142.79510498046875,143.74290453377364,142.29678337483543,143.0003050001657,54126800
2021-08-09,142.7462615966797,143.34230040071924,142.18931561461758,142.853744492803,48908700
2021-08-10,142.26751708984375,144.32922406312062,141.97438049984515,143.08828761420278,69023100
2021-08-11,142.52154541015625,143.3618622586966,142.19909668704307,142.7071990606952,48493500
2021-08-12,145.482177734375,145.63851920327534,142.5019837127135,142.84397881224007,72282600
2021-08-13,145.68736267089844,146.01957707570978,144.8763581583002,145.56033337689462,59375000
2021-08-16,147.66110229492188,147.72950726446174,143.11753925492116,145.1401525423691,103296000
2021-08-17,146.7523956298828,148.2082823920191,145.67756689112312,146.79147353422863,92229700
2021-08-18,143.0100860595703,147.27029417589944,142.80488601790597,146.37135309386304,86326000
2021-08-19,143.34225463867188,144.6125025756358,141.1926123120228,141.71048021632114,86960300
2021-08-20,144.79823303222656,145.10113537374198,143.42050150190195,144.06539901518747,60549600
2021-08-23,146.28341674804688,146.7524262457425,144.50506608373868,144.91545125791524,60131800
2021-08-24,146.1954803466797,147.40710449199298,145.73623655262395,146.02937310982574,48606400
2021-08-25,144.9643096923828,146.8794554129226,144.41712946066949,146.3811188443998,58991300
2021-08-26,144.16307067871094,145.70690913613237,144.13375851701343,144.95454377317253,48597200
2021-08-27,145.1988067626953,145.34536755607812,143.4693148530707,144.10443150378484,55802400
2021-08-30,149.61532592773438,149.976867364279,145.2085579053338,145.58963083933705,90956700
2021-08-31,148.35487365722656,149.3026732146875,147.8272249811444,149.16587817080352,86453100
2021-09-01,149.0193328857422,151.4328005101191,148.85322564922996,149.33201585532615,80313700
2021-09-02,150.1332244873047,151.17874128646721,148.91183471793337,150.34819027947748,71115500
2021-09-03,150.7683563232422,151.0908050119508,149.58604446464392,150.24070759279422,57808700
2021-09-07,153.1036376953125,153.66058362239795,150.8562777588282,151.4230043452141,82278300
2021-09-08,151.55979919433594,153.44561765373206,150.4556581818044,153.38699333617137,74420200
2021-09-09,150.54360961914062,152.53691096459315,150.4263460744376,151.93110647020356,57305700
2021-09-10,145.56036376953125,151.92135699493102,145.2965393767227,151.45234744847278,140893200
2021-09-13,146.12705993652344,147.95425407222461,145.34536758274155,147.18234237769772,102404300
2021-09-14,144.72976684570312,147.61225802171091,143.54747014740659,146.9087364700221,109296300
2021-09-15,145.6189422607422,146.01956159972383,143.01982179601146,145.1596986106003,83281300
2021-09-16,145.3844451904297,145.56033305169905,143.8503875542624,145.04246503666727,68034100
2021-09-17,142.7169647216797,145.41380316434896,142.42382816362286,145.41380316434896,129868800
2021-09-20,139.6684112548828,141.52491835145102,138.03663577516176,140.5087282891243,123478900
2021-09-21,140.1471405029297,141.29037444715544,139.51202378684255,140.6356964105484,75834000
2021-09-22,142.51174926757812,143.0784609405733,140.4109501394529,141.14378392401113,76404300
2021-09-23,143.46929931640625,143.71357721861844,142.30653411634987,143.29341147385273,64838200
2021-09-24,143.55723571777344,144.09465008430436,142.22836333396052,142.326080458617,53477900
2021-09-27,142.04270935058594,142.61921652920344,140.52819828937186,142.1404264749726,74150700
2021-09-28,138.66192626953125,141.43691994614318,138.44696050068399,139.97125238193445,108972300
2021-09-29,139.56088256835938,141.14379894035906,138.77919013309102,139.2091217179658,74602000
2021-09-30,138.26132202148438,141.07540882378817,138.04635622911155,140.37188712321222,89056700
2021-10-01,139.38499450683594,139.64881887167329,135.9260252404235,138.65216064526572,94639600
2021-10-04,135.955322265625,138.95506236159227,135.1052398519007,138.51535016597074,98322000
2021-10-05,137.88027954101562,138.98442090910424,136.17033348366243,136.2973628189778,80861100
2021-10-06,138.74984741210938,138.8964081885175,135.20292752763442,136.27775625309343,83221100
2021-10-07,140.0103302001953,140.9190518423827,139.45338427911526,139.7855986818326,61732700
2021-10-08,139.6292724609375,140.87997439192273,139.2970580219821,140.73341358342566,58773200
2021-10-11,139.5413818359375,141.49560610904814,138.56426969938218,139.01374784239874,64452200
2021-10-12,138.2710723876953,139.97125212650982,137.81182869231796,139.95170571768443,73035900
2021-10-13,137.684814453125,138.16358964828814,136.0139468710265,138.00726310614547,78762700
2021-10-14,140.46958923339844,140.58685278975153,138.27108764845218,138.85736070158842,69907100
2021-10-15,141.52488708496094,141.5835114147044,140.2253264406504,140.47938508226497,67940300
2021-10-18,143.1957244873047,143.47908032380766,139.88331637742027,140.16667221392322,85589200
2021-10-19,145.35516357421875,145.75578303894451,143.195754584487,143.64521771748375,76378900
2021-10-20,145.84368896484375,146.32247907181252,144.7297822080243,145.29650879090318,58418800
2021-10-21,146.05865478515625,146.21499623763387,144.4855043297612,145.40399172614036,61421000
2021-10-22,145.28675842285156,146.74264548774926,145.23789985010384,146.26387023963363,58883400
2021-10-25,145.23788452148438,145.95117189778182,144.24122639888336,145.27696242983234,50720600
2021-10-26,145.90235900878906,147.3875583918874,145.59944178965912,145.91212476055014,60893400
2021-10-27,145.44308471679688,146.30293288736218,145.09132390307514,145.94140632392705,56094900
2021-10-28,149.0779266357422,149.6641846605071,146.2931525621037,146.39086968766787,100077900
2021-10-29,146.37132263183594,146.5081176612954,143.05891485963772,143.85037288076313,124953200
2021-11-01,145.55055236816406,146.27360541935798,144.41709931929685,145.57986452377787,74588300
2021-11-02,146.58628845214844,148.10081443519022,145.2476354029817,145.25741606122364,69122000
2021-11-03,148.02267456054688,148.49168405814817,146.3908996149076,146.9478455977698,54511500
2021-11-04,147.50479125976562,148.94113176601576,147.192108353955,148.11059575284676,60394600
2021-11-05,148.033203125,148.9334561453401,146.83938576662882,148.6301118041856,65463900
2021-11-08,147.2112274169922,148.31697989696048,146.93723803048172,148.16041026715402,55020900
2021-11-09,147.57330322265625,148.17999196283563,146.83939977322487,146.97639448653322,56787900
2021-11-10,144.74533081054688,146.90790623545243,144.67684091878007,146.80026646441542,65187100
2021-11-11,144.69639587402344,146.22291262356347,144.51047128224292,145.7630135429795,41000000
2021-11-12,146.77088928222656,147.1720784304826,144.31474986015922,145.24435777936998,63804000
2021-11-15,146.7806854248047,148.620341460146,146.22291165316477,147.14273967083543,59222800
2021-11-16,147.75924682617188,148.2387358500832,146.13487006562903,146.72199887322225,59256200
2021-11-17,150.19577026367188,151.6733569463972,147.7494257967945,147.7592057993934,88807000
2021-11-18,154.4817352294922,155.26456834184324,149.765191484069,150.4110299216061,137827700
2021-11-19,157.10421752929688,157.56413140418218,153.17049212484577,154.26644947880266,117305600
2021-11-22,157.56417846679688,162.14372871908944,157.54460352782965,158.21000213967926,117467900
2021-11-23,157.94580078125,158.32742995233392,155.64623082003743,157.6620164381372,96041900
2021-11-24,158.4644317626953,158.66013635871653,156.2137915801923,157.2999692591092,69463600
2021-11-26,153.4445037841797,157.00638063396804,153.00416477836077,156.14527755829806,76959800
2021-11-29,156.8009033203125,157.73051124922804,155.38201155737082,155.9495652762871,88748200
2021-11-30,161.75228881835938,161.96756831221649,156.48775108343634,156.55625589116394,174048100
2021-12-01,161.23367309570312,166.6449857878265,160.99881865483053,163.88550209995378,152052500
2021-12-02,160.245361328125,160.6759203936693,154.41328379839803,155.3331118145511,136739200
2021-12-03,158.36654663085938,161.4195945786872,156.29205136899398,160.49976670029744,118023100
2021-12-06,161.77191162109375,164.27696654760885,160.75422372513128,160.7640037300002,107497000
2021-12-07,167.50608825683594,167.89751232351225,164.72704457429052,165.45116789916563,120405400
2021-12-08,171.32237243652344,172.18349034092375,167.03637277945757,168.43568937410808,116998900
2021-12-09,170.81358337402344,172.9565838887255,170.1873196788355,171.15607763147332,108923700
2021-12-10,175.5985870361328,175.77473158616564,170.94075296583623,171.4495967498973,115402700
2021-12-13,171.96823120117188,178.22108688608395,171.76273170193855,177.23275419312068,153237000
2021-12-14,170.58851623535156,173.92533410356964,168.51402063695375,171.48876932392616,139380400
2021-12-15,175.45179748535156,175.6475020222363,168.61181417618175,171.35172248646532,131063300
2021-12-16,168.5629119873047,177.2523322197485,167.08532532021002,175.43225135839342,150185800
2021-12-17,167.46697998046875,169.74697513874438,166.0481029746897,166.28294252078598,195432700
2021-12-20,166.10679626464844,166.91898445345717,163.8659512088188,164.66834446331637,107499100
2021-12-21,169.27725219726562,169.48273676499653,165.49030091905374,167.87793543850688,91185900
2021-12-22,171.87039184570312,172.08567137280502,168.45528928513505,169.32618739702795,92135300
2021-12-23,172.49661254882812,173.05438616600892,171.5082949159227,172.07584853415432,68356600
2021-12-27,176.45968627929688,176.5477510793258,173.26965909520445,173.28921909656728,74919600
2021-12-28,175.44203186035156,177.43825729141835,174.69834852343934,176.29336988152778,79144300
2021-12-29,175.53013610839844,176.75330850310786,174.31674371757737,175.48120622634931,62348900
2021-12-30,174.3754425048828,176.69458737092964,174.26780274374727,175.61818975957434,59773000
2021-12-31,173.75900268554688,175.38336444447762,173.45564335826015,174.2678317033781,64062300
2022-01-03,178.1036834716797,178.9550216250589,173.89598231281707,174.01340208653673,104487900
2022-01-04,175.84326171875,179.013729963492,175.27570793184105,178.71038559647081,99310400
2022-01-05,171.16578674316406,176.30310888933562,170.89179742320542,175.75513024941833,94537600
2022-01-06,168.30848693847656,171.53766438344002,167.95621276391145,168.99346035254746,96904000
2022-01-07,168.474853515625,170.40257420223315,167.35932100577125,169.17940193566972,86709100
2022-01-10,168.4944305419922,168.79777487885306,164.56070430318124,165.4511773077938,106765600
2022-01-11,171.32237243652344,171.42021724210562,167.15380744997546,168.62161391540354,76138300
2022-01-12,171.7627410888672,173.37732250749067,171.0679876032979,172.3400748149154,74805200
2022-01-13,168.4944305419922,172.82934594142114,168.10300645305696,172.00737775161056,84505800
2022-01-14,169.35556030273438,170.05031384521072,167.41804452412237,167.66267899736397,80440800
2022-01-18,166.15570068359375,168.836884364845,165.7740715864879,167.82899175117316,90956700
2022-01-19,162.66236877441406,167.4082840823907,162.3785993220683,166.35146124273905,94815000
2022-01-20,160.97923278808594,166.0382709410417,160.6563135530504,163.3962221186515,91420500
2022-01-21,158.92434692382812,162.76021377251277,158.81670715554318,160.89120276470334,122848900
2022-01-24,158.15126037597656,158.8166737850042,151.37978119467465,156.58560899416545,162294600
2022-01-25,156.3507537841797,159.26679197315192,153.64999508546384,155.5679206315474,115798400
2022-01-26,156.2626953125,160.86181974023197,154.43283450239605,159.99092174206848,108275300
2022-01-27,155.80279541015625,160.32363543352318,154.88296745549835,158.96346843901696,121954600
2022-01-28,166.67434692382812,166.69392186078738,159.30595841103175,162.15350702087153,179935700
2022-01-31,171.02880859375,171.2440880703996,165.87191101795182,166.5079694467073,115541600
2022-02-01,170.86251831054688,171.08757786653237,168.6118779567779,170.27538954650115,86213900
2022-02-02,172.06605529785156,172.10520516503925,169.60993119295432,170.99945285212843,84914300
2022-02-03,169.18922424316406,172.45755270443476,168.42596575248498,170.7353161664464,89418100
2022-02-04,168.90505981445312,170.580497991328,167.22962163757825,168.20940619823992,82465400
2022-02-07,168.1898193359375,170.43351937589156,167.49416572772904,169.36555780513737,77251200
2022-02-08,171.2957305908203,171.80522273077705,167.96445422996524,168.2583925780297,74829200
2022-02-09,172.7163848876953,173.0789003149091,171.36427769381476,172.49103867215615,71285000
2022-02-10,168.64053344726562,171.93261055270034,168.08206395678414,170.61970267650963,90865900
2022-02-11,165.2308807373047,169.5811269216294,164.64300397443432,168.846288443205,98670700
2022-02-14,165.46600341796875,166.1518495458794,163.19289630795137,163.98651932384257,86185500
2022-02-15,169.29696655273438,169.45373566949445,166.80832036305304,167.5137664381475,62527400
2022-02-16,169.06182861328125,169.83585183660028,166.6123672162483,168.3759824121772,61177400
2022-02-17,165.46600341796875,168.43474911832254,165.06428820364812,167.57253401447812,69589300
2022-02-18,163.91795349121094,167.0924457737123,162.83039207397334,166.3870146722984,82772700
2022-02-22,160.99822998046875,163.32031494834902,158.87208401329053,161.6448765238355,91162800
2022-02-23,156.83412170410156,162.7911986729469,156.52058346872764,162.19352949330056,90009200
2022-02-24,159.4501190185547,159.55789590082478,148.92722915533128,149.49550590272597,141147500
2022-02-25,161.51747131347656,161.78200234869726,157.61791846840168,160.5278794584224,91974200
2022-02-28,161.78201293945312,162.07595128148682,159.14639022474867,159.76365924798694,95056600
2022-03-01,159.9008331298828,163.23210951924372,158.69570233786408,161.37050993245586,83474400
2022-03-02,163.19290161132812,163.97673219026618,159.65587901852524,161.0667710705488,79724800
2022-03-03,162.86961364746094,165.49544453294706,162.20336719835964,165.06433685396212,76678400
2022-03-04,159.87144470214844,162.20333673673338,158.82308299816066,161.16476749621853,83737200
2022-03-07,156.0796661376953,161.68403439715155,155.82491261205914,160.05758861933697,96418800
2022-03-08,154.25729370117188,159.58732445146612,152.65044751471495,155.6094012673305,131148300
2022-03-09,159.65585327148438,160.1065606405456,156.18742332820318,158.21556911317273,91454900
2022-03-10,155.31541442871094,157.14760632107578,152.82675388635474,156.9614449084205,105342000
2022-03-11,151.60206604003906,156.06008893270172,151.37671976951566,155.71715834467904,96970100
2022-03-14,147.57510375976562,151.0043487465107,147.06562669739512,148.38832650780375,108732100
2022-03-15,151.95477294921875,152.42508026860065,147.33999637401098,147.84947354452075,92964300
2022-03-16,156.3638153076172,156.76553056777536,151.3375306500096,153.8751690879972,102300200
2022-03-17,157.3729705810547,157.74529344907543,154.44342469949348,155.40360925613626,75615400
2022-03-18,160.6650390625,161.15493125437885,156.53034776701656,157.26518605483486,123511700
2022-03-21,162.03680419921875,162.9871965878479,159.7147042118935,160.20459657921455,95811400
2022-03-22,165.40724182128906,165.99510360566663,161.57628048257416,162.1641422669517,81532000
2022-03-23,166.7691192626953,169.14998832074127,164.26085849061369,164.59399656875675,98062700
2022-03-24,170.5511016845703,170.61967882805246,166.76913277034842,167.60194065734933,90131400
2022-03-25,171.1879425048828,171.73661941189775,169.2577659174967,170.3649271443604,80546200
2022-03-28,172.0501708984375,172.1775327221898,168.52294058057433,168.6895021580393,90371900
2022-03-29,175.3422393798828,175.39121664425457,172.7751938429614,173.11812439551318,100589400
2022-03-30,174.17633056640625,175.97913082903224,173.12795375967593,174.94056143752658,92633200
2022-03-31,171.08021545410156,174.43107749837506,170.8744540788675,174.24491600419395,103049300
2022-04-01,170.7862548828125,171.3447392929013,168.46417011530542,170.51191638497735,78751300
2022-04-04,174.832763671875,174.88175589117134,170.91362533338986,171.04100211349504,76468400
2022-04-05,171.52105712890625,174.695564012496,170.89399570193683,173.9117334912033,73401800
2022-04-06,168.35638427734375,170.11999949152553,166.69075350018778,168.87566890286308,89058800
2022-04-07,168.66012573242188,169.85546417791434,166.41642550623965,167.69994098041755,77594700
2022-04-08,166.65155029296875,168.30738857225097,165.77954264267717,168.30738857225097,76575500
2022-04-11,162.39930725097656,165.61299973690032,162.1543610861938,165.29947642014864,72246700
2022-04-12,164.2707061767578,166.43602198876223,163.27132159796375,164.62342926631288,79265200
2022-04-13,166.9552459716797,167.5823073528285,163.39863897484116,164.00610048305086,70618900
2022-04-14,161.9485626220703,167.80768430539896,161.70361651341247,167.17081545269417,75329400
2022-04-18,161.73304748535156,163.23211669383912,160.2633706181813,160.60628625032533,69023900
2022-04-19,164.0159149169922,164.4274375522312,160.59647667199232,161.6840380358106,67723800
2022-04-20,163.849365234375,165.4660187034269,162.74221886501599,165.34843439183405,67929800
2022-04-21,163.05575561523438,168.06245565058305,162.5560708382442,165.49542471534926,87227800
2022-04-22,158.51930236816406,164.47639297111272,158.2351714866705,163.0949084089232,84882400
2022-04-25,159.58729553222656,159.87142644375086,155.25665006996203,157.8628653370747,96046400
2022-04-26,153.63023376464844,159.0582340646371,153.55184919980582,158.97005703556184,95623200
2022-04-27,153.40484619140625,156.5597381127117,152.2389003975014,152.7581849182673,88063200
2022-04-28,160.3319549560547,161.194170207573,155.7171628080034,156.03070106321982,130216800
2022-04-29,154.46304321289062,162.84020491275837,154.071135335253,158.56834326506834,131747600
2022-05-02,154.76675415039062,155.0312851805643,150.17156281104934,153.54202362072925,123055300
2022-05-03,156.25601196289062,157.46115753940876,153.15990462040372,154.9528969165434,88966500
2022-05-04,162.66384887695312,163.11454143572888,156.04049519291306,156.44221048032446,108256500
2022-05-05,153.600830078125,160.76305283929582,151.8176149978829,160.53770657596968,130525300
2022-05-06,154.32691955566406,156.44636712680793,151.2851189689877,153.0807608024048,116124600
2022-05-09,149.20489501953125,152.90411309612608,148.64560521517865,152.0210026549501,131577900
2022-05-10,151.60891723632812,153.7970575708187,150.05858149525076,152.599963074193,115366700
2022-05-11,143.74932861328125,152.53128118939546,143.07228159830737,150.61789721596364,142689800
2022-05-12,139.88330078125,143.45495579096956,136.19390367446763,140.08936442340104,182602000
2022-05-13,144.3478546142578,145.31927170624107,140.42295884876623,141.87516608975716,113990900
2022-05-16,142.807373046875,144.7502078730768,141.47290744658727,142.81719487180055,86643800
2022-05-17,146.4378662109375,146.95791370140876,143.92592034755194,146.06499632256597,78336300
2022-05-18,138.1759796142578,144.59317839270622,137.27324030149254,144.09275951105042,109742900
2022-05-19,134.77114868164062,139.00022255113117,134.03523053806913,137.25364468817165,136095600
2022-05-20,135.00660705566406,138.05821430560903,130.12011571020568,136.47844306099526,137426100
2022-05-23,140.4229736328125,140.57015125059797,135.0654837610607,135.20285452842407,117726300
2022-05-24,137.72463989257812,139.30441157484717,134.75153153593112,138.1661878220446,104132700
2022-05-25,137.881591796875,139.12773541661255,135.7425158289754,135.83082238994155,92482700
2022-05-26,141.08042907714844,141.62991229122073,134.56510030460086,134.81040638033278,90601500
2022-05-27,146.8303680419922,146.869610416665,142.5326018592053,142.6601657784012,90978500
2022-05-31,146.04537963867188,147.8312145429356,144.08293159739236,146.2710719434681,103718400
2022-06-01,145.91783142089844,148.89093902040028,144.90715690011942,147.08547543452738,74286600
2022-06-02,148.37088012695312,148.42975116841052,144.10254995382152,145.05433838348728,72348100
2022-06-03,142.65036010742188,145.19172685572278,141.7476357595722,144.14180991397814,88570300
2022-06-06,143.39608764648438,145.78046996633253,142.17936438712687,144.2693764860653,71598400
2022-06-07,145.91783142089844,146.20237980048756,141.39438806442126,141.63969407079793,67808200
2022-06-08,145.181884765625,147.05601090574325,144.69127284964156,145.79023875031248,53950200
2022-06-09,139.9617919921875,145.17208908244996,139.85385675234653,144.3184289860741,69473000
2022-06-10,134.55526733398438,138.11710068108783,134.48657445941151,137.6461172993445,91437900
2022-06-13,129.40382385253906,132.6614796951245,128.9720829038409,130.37522601482007,122207100
2022-06-14,130.26731872558594,131.37610685696256,129.01135295389076,130.63038185886012,84784300
2022-06-15,132.8871612548828,134.76130271815364,129.67856950370555,131.76856647591572,91533000
2022-06-16,127.61798858642578,129.90424225906582,126.61713593346167,129.60006522049088,108123900
2022-06-17,129.08984375,130.58130861525225,127.37270152778396,127.62782938306579,134520300
2022-06-21,133.31890869140625,134.48656772231706,130.8167993077871,130.91491273074396,81000500
2022-06-22,132.80870056152344,135.17343948860204,131.395735327504,132.2592024365102,73409200
2022-06-23,135.67385864257812,135.9878425646897,133.0834276529192,134.25108671150673,72433800
2022-06-24,139.00022888183594,139.24553494086544,137.14571567446453,137.2732646440002,89116800
2022-06-27,139.00022888183594,140.79587103060723,138.3231817633475,140.02069549958952,70207900
2022-06-28,134.8594207763672,140.72713574825013,134.74167869464102,139.46136345282662,67083400
2022-06-29,136.61581420898438,138.02877917366496,134.10388314834785,134.87905849783044,66242400
2022-06-30,134.15296936035156,135.77198324759192,131.25836106107414,134.67301697127326,98964500
2022-07-01,136.32144165039062,136.42937688810812,133.11284998534265,133.48570492012948,71051600
2022-07-05,138.90211486816406,138.9511790795148,134.3590413928598,135.18328121558443,73353800
2022-07-06,140.236572265625,141.41403840686974,138.43112318423007,138.6960579320058,74064300
2022-07-07,143.60215759277344,143.79839942455877,140.58979232323185,140.5995991745189,66253700
2022-07-08,144.27915954589844,144.77959333061295,142.27746932390713,142.5325821547398,64547800
2022-07-11,142.14993286132812,143.88670373849325,141.08040216848238,142.93491514840724,63141600
2022-07-12,143.12132263183594,145.66268901013973,142.32653364630602,143.02319425019243,77588800
2022-07-13,142.75828552246094,143.700252180436,139.4515504526769,140.30522551606126,71185600
2022-07-14,145.6823272705078,146.15331059436355,140.56033683517074,141.37475454509644,78140700
2022-07-15,147.3504180908203,148.02746510063992,145.4174054581408,146.96774129904725,76259900
2022-07-18,144.3086395263672,148.7241480973096,143.9455764182645,147.9097302753274,81420900
2022-07-19,148.1648712158203,148.3905486154959,144.15166737027897,145.1426985360673,82982400
2022-07-20,150.16656494140625,150.83380527169302,147.54669777582993,148.28261602365345,64823400
2022-07-21,152.43319702148438,152.64906755964233,149.0872186523304,151.59915039930192,65086600
2022-07-22,151.1968231201172,153.34570636779952,150.5295978961148,152.47241748797757,66675400
2022-07-25,150.07821655273438,152.12897123891142,149.42079823109208,151.1183116577891,53623900
2022-07-26,148.75355529785156,150.21556938623502,147.96857315136768,149.4011517193333,55138700
2022-07-27,153.8461151123047,154.37598449377768,149.3030578563077,149.71517016840275,78620700
2022-07-28,154.39561462402344,154.68016301876492,151.51081343985047,154.0325515340952,81378700
2022-07-29,159.458740234375,160.55772152561576,156.50526076605678,158.2125962735302,101786900
2022-08-01,158.4774932861328,160.51844113720935,157.8691391572039,157.98688125382472,67829400
2022-08-02,157.0056610107422,159.36060780651525,156.63280603827062,157.0939825576486,59907000
2022-08-03,163.01075744628906,163.4621121282082,157.73176722636683,157.82007379818262,82507500
2022-08-04,162.69679260253906,164.05088687619767,161.34269832888046,162.89303446062004,55474100
2022-08-05,162.4707794189453,162.96207295817032,160.1616937873522,160.36804367078585,56697000
2022-08-08,161.99911499023438,164.88792318870864,161.34078349494277,163.47299550022427,60276900
2022-08-09,162.04824829101562,162.93258559805665,160.40732977942574,161.16392597706255,63135500
2022-08-10,166.29302978515625,166.3912794896035,163.99376480339055,164.76018146628317,70170500
2022-08-11,165.5561065673828,168.01257432763373,165.26132743753485,167.09876052441393,57149200
2022-08-12,169.10321044921875,169.17198373539173,166.45021384103478,166.8629135304174,68039400
2022-08-15,170.17425537109375,170.37076978453467,168.36629877849532,168.53333677957454,54091700
2022-08-16,170.01705932617188,170.6852264080059,168.6709196812625,169.77141253005902,56377100
2022-08-17,171.51055908203125,173.08268924248625,169.56504107416526,169.76155547008622,79542000
2022-08-18,171.1175079345703,171.85444813238172,170.10544459568962,170.72447915963892,62290100
2022-08-19,168.53335571289062,170.71470043124475,168.3270058100883,170.01705694310306,70346300
2022-08-22,164.65211486816406,166.90223255698254,164.22959465128477,166.73519456201245,69026800
2022-08-23,164.31802368164062,165.7722632709113,163.74812140904885,164.17064162540487,54147100
2022-08-24,164.61280822753906,165.1827105189657,163.35509799580043,164.40647334198977,53841500
2022-08-25,167.0692901611328,167.17737534622174,165.41855096314578,165.841056236527,51218200
2022-08-26,160.77090454101562,168.07153485537452,160.71195171096292,167.59989722186273,78961000
2022-08-29,158.56991577148438,160.0634374134409,157.03708224821386,158.3439099366534,73314000
2022-08-30,156.14288330078125,159.72931938342805,154.97360252515915,159.3068142254931,77906200
2022-08-31,154.48236083984375,157.78385443277264,154.40375206464415,157.51855169061037,87991100
2022-09-01,155.20945739746094,155.66143904544523,151.97673759886456,153.91243529158203,74229900
2022-09-02,153.0968780517578,157.56765189981036,152.2715085702032,156.9682732301626,76957800
2022-09-06,151.8391876220703,154.3546082697241,151.01381803326322,153.74540904842692,73714800
2022-09-07,153.2443084716797,153.94193699739438,150.93522252185548,152.12415964759478,87449600
2022-09-08,151.77040100097656,153.6373103822705,150.02138227376568,151.94725947173376,84923800
2022-09-09,154.6297149658203,155.07189112050955,152.0553417641127,152.76280561990976,68028800
2022-09-12,160.58416748046875,161.39971639450192,156.52609383916058,156.81103743896202,104956000
2022-09-13,151.1611785888672,157.7445084078153,150.6993615052029,157.11565333541313,122656600
2022-09-14,152.6055908203125,154.3644300184662,150.9351958505273,152.0946413613245,87965400
2022-09-15,149.716796875,152.53683214610933,148.7440452074938,151.95709434204855,90481100
2022-09-16,148.07586669921875,148.71455728301882,145.78643705402317,148.57699569456918,162278800
2022-09-19,151.79005432128906,151.86866309017464,146.50374580326707,146.71008070263835,81474200
2022-09-20,154.1678924560547,155.32735289857166,150.41441795742156,150.72883799724963,107689800
2022-09-21,151.04327392578125,155.9758648340084,150.92536828428254,154.600234046477,101696800
2022-09-22,150.080322265625,151.780193333908,148.28218651419172,149.72659039660394,86652500
2022-09-23,147.810546875,148.8324456934816,145.9731140864417,148.55732254844892,96029900
2022-09-26,148.14466857910156,151.0924300246352,147.03434030349507,147.0539962445305,93339400
2022-09-27,149.11740112304688,152.02586530633175,147.33892101138343,150.08034720002962,84442700
2022-09-28,147.2307891845703,148.0168615520226,142.31785562934772,145.06910141888903,146691400
2022-09-29,139.99899291992188,144.16516723784525,138.2303333041484,143.55596808972413,128138200
2022-09-30,135.7935333251953,140.60821907927374,135.59701890511008,138.8199033723931,124925300
2022-10-03,139.9695281982422,140.57874239032802,135.29241903979042,135.8033685254817,114311700
2022-10-04,143.5559539794922,143.67385961125873,141.74798266491518,142.50457878595228,87830100
2022-10-05,143.8507537841797,144.81369999304195,140.51978392175167,141.5613389023429,79471000
2022-10-06,142.89764404296875,144.9709035584296,142.69130913468942,143.2710319630231,68402200
2022-10-07,137.65061950683594,140.60821619318722,137.02176437961742,140.05795483791823,85925600
2022-10-10,137.97486877441406,139.4192729060871,136.15709176712548,137.97486877441406,74899000
2022-10-11,136.55996704101562,138.8887089375452,135.8132061545904,137.46394548029593,77033700
2022-10-12,135.93109130859375,137.91592138284778,135.75423283314072,136.70734348798558,70433700
2022-10-13,140.50015258789062,141.0896959265644,132.03024051986287,132.63945479417762,113224000
2022-10-14,135.97039794921875,142.00348171103434,135.78370401470698,141.79713183786654,88598000
2022-10-17,139.93026733398438,140.41172553722842,137.827531016397,138.61360389064592,85250900
2022-10-18,141.24688720703125,144.1455159806622,138.1615644966325,142.95659405664904,99136600
2022-10-19,141.35499572753906,142.42601218125702,139.03608932702545,139.22278329462767,61758300
2022-10-20,140.89312744140625,143.34959455977452,140.1660077768585,140.5295751056751,64522000
2022-10-21,144.70559692382812,145.27549920361895,140.1660346242772,140.38220497154572,86548600
2022-10-24,146.84764099121094,147.61405773965313,143.45771845108737,144.62699951406933,75981900
2022-10-25,149.6873321533203,149.83472923085242,146.7592264620596,147.47651092815792,74732300
2022-10-26,146.74937438964844,149.34340346890698,145.4621728259598,148.33134005875115,88194300
2022-10-27,142.27857971191406,146.45457384887203,141.6202483177286,145.49164292829627,109180200
2022-10-28,153.02810668945312,154.75745443354808,145.24601935139384,145.6193922207591,164762400
2022-10-31,150.6698760986328,151.55421333060897,149.27460445858512,150.4930176480896,97943200
2022-11-01,148.0267333984375,152.74315424703352,146.5332118743015,152.3796018355527,80379300
2022-11-02,142.50460815429688,149.5202795588878,142.47513174028055,146.35634784769096,93604600
2022-11-03,136.46168518066406,140.3134243600425,136.33394407491397,139.58630459413143,97918500
2022-11-04,136.19595336914062,140.41823769444377,132.25908536615194,139.84739003185524,140814800
2022-11-07,136.72743225097656,136.95379796987663,133.52872680415337,134.94600177423487,83374600
2022-11-08,137.29824829101562,139.19777957129702,135.31997786188919,138.1938892139262,89908500
2022-11-09,132.74136352539062,136.36329048249235,132.4657839221066,136.31407662091405,74917800
2022-11-10,144.5519561767578,144.5519561767578,137.2982811810409,139.0108242882595,118854000
2022-11-11,147.33731079101562,147.6424157179768,142.09143135008082,143.51855829432515,93979700
2022-11-14,145.93968200683594,147.9081158240503,145.10309162733654,146.6187940766482,73374100
2022-11-15,147.67190551757812,151.16587871608763,146.21526862726066,149.81750629168315,89868300
2022-11-16,146.441650390625,147.50460662223392,144.96532479416157,146.77629560614008,64218300
2022-11-17,148.3411865234375,149.0891860323431,143.8433076526517,144.11888720950952,80389400
2022-11-18,148.9021759033203,150.28992540848853,147.60301733738748,149.90608139833125,74829600
2022-11-21,145.6739501953125,147.99670287508093,145.3885338782466,147.790025718782,58724100
2022-11-22,147.80970764160156,148.04592513732047,144.6110022662971,145.7920747269315,51804100
2022-11-23,148.68568420410156,149.4336837921187,146.98297781162248,147.09124229312135,58301400
2022-11-25,145.77236938476562,146.53022062215993,144.79798922240155,145.96920976620405,35195900
2022-11-28,141.94378662109375,144.32559012136235,141.11704788902577,142.8492645206864,69246000
2022-11-29,138.94190979003906,142.5244590100729,138.13485967272496,142.01266197350824,83763800
2022-11-30,145.69361877441406,146.37273080225066,138.33168095809938,139.16825626793215,111380900
2022-12-01,145.96920776367188,146.77627283984336,144.29604201746156,145.870795083282,71250400
2022-12-02,145.47711181640625,145.66411544857186,143.35119950014382,143.65631938407483,65447400
2022-12-05,144.31576538085938,148.5380503426706,143.46933803189978,145.43777233013495,68826400
2022-12-06,140.65443420410156,144.97514559227898,139.68005411221395,144.74877992089566,64727200
2022-12-07,138.7155303955078,141.10717022124382,137.79036411926236,139.94580150371553,69721100
2022-12-08,140.3985595703125,141.25483863673134,138.87303512029186,140.11314322681335,62128300
2022-12-09,139.9163055419922,143.2724894333561,138.6761823933455,140.09345741010685,76097000
2022-12-12,142.2095184326172,142.21935519606154,138.8336463442299,140.44776160871248,70462700
2022-12-13,143.17404174804688,147.6030180487257,141.9634590975565,147.14043487810696,93886200
2022-12-14,140.94972229003906,144.3452679150581,138.9320744491566,143.05594605605327,82291200
2022-12-15,134.34561157226562,139.5619643292127,133.88302841156911,138.88285224146853,98931900
2022-12-16,132.3870391845703,135.47748033551235,131.6193510336839,134.53264031194206,160156900
2022-12-19,130.2808074951172,133.06614357854048,129.24739159594094,132.9775676474043,79592600
2022-12-20,130.21189880371094,131.14690185461754,127.83993247167396,129.31625782088165,77432800
2022-12-21,133.31216430664062,134.65069977293228,130.65478191534362,130.88114757728772,85928000
2022-12-22,130.1429901123047,132.43621717922085,128.24345879689446,132.2295400503929,77852100
2022-12-23,129.77883911132812,130.32999816428637,127.59387642427377,128.85367283616628,63814900
2022-12-27,127.97772979736328,129.33595400462013,126.68840798575984,129.30642869732836,69007800
2022-12-28,124.05071258544922,128.96195335269854,123.88339749624971,127.62341762114275,85438400
2022-12-29,127.56436920166016,128.42063320760047,125.71404389802797,125.9699349180437,75703700
2022-12-30,127.87932586669922,127.89901441454006,125.41879052423468,126.38332662595286,77034200
2023-01-03,123.09601593017578,128.83399514878522,122.21021915687207,128.2237854341601,112117500
2023-01-04,124.36566925048828,126.62937150933897,123.10587260552037,124.8873030948284,89113600
2023-01-05,123.04679870605469,125.7533952948206,122.79090770776376,125.12349705306252,80962700
2023-01-06,127.57421112060547,128.2336347517989,122.91886860960567,124.02119442530204,87754700
2023-01-09,128.09584045410156,131.30439758356596,127.83994943275363,128.41079711233908,70790800
2023-01-10,128.66668701171875,129.18832083166095,126.09787998496417,128.20410381019116,63896200
2023-01-11,131.38311767578125,131.40279120059512,128.40094170907022,129.17846644203894,69458900
2023-01-12,131.30441284179688,132.14098840377943,129.36550386584642,131.76699610111268,71379600
2023-01-13,132.63308715820312,132.79056549396478,129.58202324711493,129.94617875784812,57809700
2023-01-17,133.79444885253906,135.12313266732727,132.01301865225,132.7019674841355,63646600
2023-01-18,133.07598876953125,136.42232060237055,132.8988218980733,134.6605787592018,69672800
2023-01-19,133.13504028320312,134.0995687562006,131.65871475561192,131.96381962844052,58280400
2023-01-20,135.6940155029297,135.84165708820683,132.1016288639502,133.14489665420894,80223600
2023-01-23,138.88287353515625,141.0579999020067,135.72353008280908,135.94005904305521,81760300
2023-01-24,140.28045654296875,140.90051809732327,138.0856567013407,138.0954934654877,66435100
2023-01-25,139.6210174560547,140.18201330953534,136.61915274790366,138.6663258108729,65799300
2023-01-26,141.68788146972656,141.9732977828438,139.6603818984353,140.9103416541343,54105100
2023-01-27,143.6267852783203,144.9062704324847,140.82177572822627,140.90051489349364,70555800
2023-01-30,140.7430419921875,143.2527985417942,140.59541543784155,142.6721140707524,64015300
2023-01-31,142.0126953125,142.0619091768315,140.03442411726166,140.44779354531312,65874500
2023-02-01,143.1346893310547,144.29607334830789,139.08957136310852,141.69774073810188,77663600
2023-02-02,148.43963623046875,148.79393998354684,145.83145179927072,146.54992610628193,118339000
2023-02-03,152.0615234375,154.8960731461596,145.4967979818679,145.69363837431163,154357300
2023-02-06,149.3352813720703,150.68366923696223,148.40027797417193,150.16203528809376,69858300
2023-02-07,152.20916748046875,152.7800151967711,148.26246234257331,148.26246234257331,83322600
2023-02-08,149.5222625732422,152.14028370808583,148.7840997356859,151.45133472995892,64120100
2023-02-09,148.4888153076172,151.89421276586904,148.04592065726195,151.35289040745275,56007100
2023-02-10,148.85353088378906,149.17882019931434,147.08909918660703,147.32567733632254,57450700
2023-02-13,151.65298461914062,152.0571182724141,148.7648180243575,148.79438841262413,62199000
2023-02-14,151.01226806640625,151.5741355635304,148.7056873791277,149.9476888936107,61707600
2023-02-15,153.1118621826172,153.279432747917,150.696851620169,150.923562968411,65573800
2023-02-16,151.51498413085938,154.09756497312395,151.16012443154224,151.3178281549916,68167900
2023-02-17,150.37158203125,150.81515300249052,148.69586111717868,150.17444104857563,59144100
2023-02-21,146.3596649169922,149.1394018439348,146.29067235544917,148.05510409777494,58867200
2023-02-22,146.78353881835938,147.8086807909047,145.0585291708209,146.74410160351695,51011300
2023-02-23,147.2665252685547,148.1931042440918,145.1373820304515,147.94667430552937,48394200
2023-02-24,144.61495971679688,145.0881010134071,143.6390916917033,145.00924162382364,55469600
2023-02-27,145.8076934814453,147.03984342133134,145.34440390077674,145.60070071444446,44998500
2023-02-28,145.30496215820312,146.95111245136155,144.73324285815977,144.9501024216552,50547000
2023-03-01,143.23495483398438,145.12753521820275,142.93923585875515,144.7332532784917,55479000
2023-03-02,143.8263702392578,144.61494903595985,141.84506394442167,142.31822024697658,52238100
2023-03-03,148.87326049804688,148.9521198871165,145.22610023869615,145.9259528752422,70732300
2023-03-06,151.6332550048828,154.06798373466975,151.26854354881283,151.59381779613093,87558000
2023-03-07,149.4351043701172,151.83039589059405,148.9718149331636,151.50510660246357,56182000
2023-03-08,150.68695068359375,151.2783884609091,149.66180891591966,150.62780991403972,47204800
2023-03-09,148.4395294189453,152.33311931510104,148.08466971716794,151.36711819838627,53833600
2023-03-10,146.37936401367188,148.7845223003039,145.50207415084836,148.06495118697146,68572400
2023-03-13,148.32127380371094,150.95314411845015,145.59082548311505,145.69925527320058,84457100
2023-03-14,150.41094970703125,151.2093801741156,147.956517536496,149.11965944141213,73695900
2023-03-15,150.80528259277344,151.06156433450928,147.77911548729296,149.03098388604963,77167900
2023-03-16,153.6244354248047,154.22572509887632,149.47454848721353,149.98712698991974,76161100
2023-03-17,152.78656005859375,154.50171782493953,152.07684064085686,153.8511391851991,98944600
2023-03-20,155.1522979736328,155.56631354554972,151.94870846939224,152.85558396503848,73641400
2023-03-21,157.00543212890625,157.1237136794573,154.30455474450915,155.07342994575768,73938300
2023-03-22,155.57615661621094,159.82460651427928,155.5564380089166,157.0251659140942,75701800
2023-03-23,156.66043090820312,159.24302685232914,155.4282812343858,156.56186795883147,67622100
2023-03-24,157.96160888671875,158.0503200650471,155.5958872192805,156.5914588714899,59196500
2023-03-27,156.01971435546875,158.47416184588545,155.61556566491817,157.6560126824132,52390300
2023-03-28,155.39871215820312,156.22672817707905,153.7525619849842,155.714149696992,45992200
2023-03-29,158.4741668701172,158.75016719414856,157.074446643704,157.09415020907082,51305700
2023-03-30,160.04147338867188,160.14990317241256,158.96704237580855,159.22332411879057,49501700
2023-03-31,162.545166015625,162.64374399803975,159.59787385661696,160.1203040734608,68749800
2023-04-03,163.7970428466797,163.91532439911353,161.87489241518372,161.92418140899423,56976200
2023-04-04,163.2647705078125,164.45748300799937,162.75219201536794,164.22091988909426,46278300
2023-04-05,161.4214630126953,162.69304993016723,159.48946069965245,162.38747921010668,51511700
2023-04-06,162.3086395263672,162.60435849941234,159.6866210280676,160.11047335808198,45390100
2023-04-10,159.7161407470703,159.7161407470703,157.793990593468,159.11485120764732,47716900
2023-04-11,158.5037384033203,160.04145880285023,158.21787125365222,160.03160702009572,47644200
2023-04-12,157.81375122070312,159.74575366976245,157.49831365463328,158.9177526201656,50133100
2023-04-13,163.1957550048828,163.4323331532267,159.11487595150933,159.32188371142138,68445600
2023-04-14,162.8507843017578,163.94493394539444,161.48063430124813,162.23962776220338,49386500
2023-04-17,162.87046813964844,163.02818690758198,161.68760746192598,162.73246797792896,41516200
2023-04-18,164.09274291992188,165.01932174992547,163.28444562876558,163.72803148121778,49923000
2023-04-19,165.2362060546875,165.7586363174907,163.17604035173306,163.43233711220313,47720200
2023-04-20,164.27020263671875,165.47278202514906,163.19577163848064,163.71820194187683,52456400
2023-04-21,162.6634979248047,164.07307012591417,162.141067594516,162.6930683177726,58337300
2023-04-24,162.9690399169922,163.23518844762253,161.5496011414824,162.64375061086378,41949600
2023-04-25,161.43133544921875,163.93505711689548,161.3918982344198,162.83105575677226,48714100
2023-04-26,161.4214630126953,162.91976126426218,160.47518046288778,160.73146218660858,45498800
2023-04-27,166.00506591796875,166.1529178634098,162.83104713478986,162.83104713478986,64902300
2023-04-28,167.25694274902344,167.42452836533985,165.48265898999023,166.08394872105114,55275900
2023-05-01,167.16819763183594,168.0159171618742,166.23176694003394,166.86262693627947,52472900
2023-05-02,166.13319396972656,167.91735928630777,165.14747425578494,167.6610625345139,48425700
2023-05-03,165.0587921142578,168.47924132633688,164.7729399649435,167.07952089132834,65136000
2023-05-04,163.42245483398438,164.65460440159984,161.96359395737636,162.53531316165655,81235400
2023-05-05,171.09140014648438,171.81097141948842,168.32151475691046,168.53837432535954,113453200
2023-05-08,171.02236938476562,171.3673772990156,169.65221959190652,170.01693107088172,55962800
2023-05-09,169.31710815429688,171.06182151405454,169.14953757945023,170.5788283985824,45326900
2023-05-10,171.08151245117188,171.54480192353225,169.44521410372417,170.5492304195713,53724500
2023-05-11,171.26882934570312,172.09683043603525,169.71139012861647,171.36740735017244,49514700
2023-05-12,170.34095764160156,171.8117019924622,168.79122976444327,171.3773829679925,45533100
2023-05-15,169.84739685058594,170.97267098611968,169.25514096380277,170.9233138186056,37266700
2023-05-16,169.84739685058594,170.9035679392614,169.58088019536424,169.768428394902,42110300
2023-05-17,170.45936584472656,170.69625612547324,168.21868321528598,169.49202872106457,57951600
2023-05-18,172.78892517089844,172.97647339745131,170.35082834910114,170.76540150488879,65496700
2023-05-19,172.8975067138672,174.11161490131875,172.68034719263906,174.11161490131875,55809500
2023-05-22,171.9499053955078,172.45332751081392,171.2095929310653,171.73274586766902,43570900
2023-05-23,169.34397888183594,171.1404774028389,169.0675968111729,170.89370662105455,50747300
2023-05-24,169.62037658691406,170.19288666082696,168.317434571077,168.88006417332414,45143500
2023-05-25,170.75552368164062,171.65375792303627,169.47231254318322,170.18301363335365,56058300
2023-05-26,173.16397094726562,173.4995906286618,170.87394612033412,171.0812401864408,54835000
2023-05-30,175.0098419189453,176.67801481811213,174.28927545149398,174.67423726963298,55964400
2023-05-31,174.9604949951172,177.03337571367211,174.4768188110026,175.03946345752533,99625300
2023-06-01,177.76380920410156,177.79342049505456,174.64462268903534,175.40468096744894,68901800
2023-06-02,178.6127166748047,179.43199760539318,176.94454352013497,178.69168514468382,61996900
2023-06-05,177.26040649414062,182.56103856696868,175.74028990045602,180.27101332814428,121946500
2023-06-06,176.89517211914062,177.79340630920336,175.13815031318512,177.64534986625156,64848400
2023-06-07,175.52316284179688,178.86937468745242,175.02962118278163,176.13514967923302,61944600
2023-06-08,178.2376251220703,178.50412674833163,175.1677956906412,175.60209965770608,50214900
2023-06-09,178.62257385253906,179.8761586114367,178.29683460490384,179.15559212759166,48900000
2023-06-12,181.41603088378906,181.51474523727245,178.63246384356634,178.92859184232086,54274900
2023-06-13,180.94223022460938,181.77137654932005,180.08347260699438,180.43882318354116,54929100
2023-06-14,181.573974609375,182.0082936822176,179.66891102186548,181.0014644735094,57462900
2023-06-15,183.6073455810547,184.11076766616947,181.4061542027307,181.5838370156226,65433200
2023-06-16,182.5314178466797,184.57468723659963,181.88981981135748,184.31803597311566,101256200
2023-06-20,182.6202850341797,183.69621733182024,182.02804406160988,182.02804406160988,49799100
2023-06-21,181.58383178710938,183.015099412311,180.23151756348105,182.51167734169172,49515700
2023-06-22,184.58456420898438,184.63392138287654,181.29757524213758,181.36667829792557,51245300
2023-06-23,184.26869201660156,185.13733008755815,182.62026481317798,183.15329819733586,53117000
2023-06-26,182.87689208984375,185.62098193195177,182.83740033087778,184.41673933227065,48088700
2023-06-27,185.630859375,185.9565986299679,183.27173119056016,183.48889069387212,50730800
2023-06-28,186.80548095703125,187.4470789620611,185.17679982937508,185.5025240055518,51216800
2023-06-29,187.14111328125,187.6149240946042,186.49951518133068,186.63770623646846,46347300
2023-06-30,191.46450805664062,191.96791501002735,188.78950625721086,189.15473724224137,85213200
2023-07-03,189.97402954101562,191.37568580561538,189.28305928715224,191.27697146600818,31458200
2023-07-05,188.858642578125,190.48732393792235,188.15780683402295,189.09554798353173,46920300
2023-07-06,189.33242797851562,189.53972207962792,186.756140199604,187.3878728511301,45094300
2023-07-07,188.2169952392578,190.18129599874976,187.78269133409245,188.93757673504143,46815000
2023-07-10,186.17376708984375,187.5359467558433,184.62403920180722,186.8153651594175,59922200
2023-07-11,185.650634765625,186.85487763479418,184.1897556525184,186.71668657087457,46638100
2023-07-12,187.31878662109375,189.22385000348103,186.03557542450565,187.22993768452707,60750200
2023-07-13,188.07882690429688,188.72044002337208,187.32864909209994,188.03935020331573,41342300
2023-07-14,188.22691345214844,188.71057462083735,187.18060758311253,187.77284851528793,41616200
2023-07-17,191.48428344726562,191.81002272437502,189.33243414864154,189.42126802557274,50520200
2023-07-18,191.22763061523438,191.8198865800326,189.93455398917624,190.85254922844402,48288200
2023-07-19,192.5799102783203,195.66947000209956,190.16154474141445,190.60574416603285,80507300
2023-07-20,190.6353759765625,193.93223012421538,190.01350876450033,192.57005054034346,59581200
2023-07-21,189.46072387695312,192.4515843269373,188.75988828116408,191.59282688932564,71951700
2023-07-24,190.26031494140625,192.39241858357238,189.7667732684065,190.91179356457312,45377800
2023-07-25,191.1190185546875,191.92843389899372,190.42806342033606,190.83277109248917,37283200
2023-07-26,191.98765563964844,193.11292972833346,190.82290485561143,191.1683748904412,47471900
2023-07-27,190.72421264648438,194.65279947329122,190.06286872536143,193.48804855415668,47460200
2023-07-28,193.30050659179688,194.09017617119656,191.63233355900982,192.15548645475204,48291400
2023-07-31,193.9124755859375,193.9519673452193,192.7378442652397,193.52751377225187,38824100
2023-08-01,193.08334350585938,194.1888718595327,192.75760424557473,193.7052107356477,35175100
2023-08-02,190.0924835205078,192.65889079076135,189.37191700535638,192.52069974591456,50389300
2023-08-03,188.70069885253906,189.885195713569,188.22690312046603,189.09554118067888,61235200
2023-08-04,179.63926696777344,184.9596445164711,179.57016391801557,183.12366926443607,115956800
2023-08-07,176.5398712158203,180.76458694137423,175.05924612335895,179.7775035464,97576100
2023-08-08,177.47756958007812,177.94149990785485,175.2862435821482,177.3689898212007,67823000
2023-08-09,175.8883514404297,178.59294967088076,174.72358547458126,178.53372709089916,60378500
2023-08-10,175.6711883544922,178.41527829006225,175.30597241092943,177.1616784798233,54686900
2023-08-11,175.73049926757812,176.5508864753638,174.5048729038775,175.2659575562626,52036700
2023-08-14,177.38116455078125,177.60849603671858,175.2560608313475,175.90841909398483,43675600
2023-08-15,175.39443969726562,177.40092323969566,174.99907927707545,176.8078826094104,43622600
2023-08-16,174.52462768554688,176.471793411816,174.45543132326716,175.07813825565708,46964900
2023-08-17,171.98440551757812,175.4537406821077,171.47042491030345,175.08803154260252,66062900
2023-08-18,172.46875,173.0716844916875,169.96805819399307,170.30411608587545,61172200
2023-08-21,173.80308532714844,174.08973444525807,171.7274205434044,173.0420157807921,46311900
2023-08-22,175.17701721191406,175.6218015319945,174.20837345764443,175.00898825019638,42038900
2023-08-23,179.02191162109375,179.44693836874362,176.26423745502308,176.45203891919172,52722800
2023-08-24,174.33685302734375,179.00217866700072,173.9711287799832,178.57715186115848,54945800
2023-08-25,176.541015625,177.07475372946672,173.78334110152613,175.3252679389123,51449600
2023-08-28,178.1027069091797,178.49806733287568,176.48170504077262,178.003859262239,43820700
2023-08-29,181.9871826171875,182.7581460326424,177.4207046822572,177.61838490226515,53003900
2023-08-30,185.476318359375,185.67401369107617,182.6000383003729,182.79771855003776,60813900
2023-08-31,185.6937255859375,186.9292456956689,185.30824391498263,185.66407430986655,60794500
2023-09-01,187.26535034179688,187.7200133732383,186.09901131803056,187.29500162288934,45766500
2023-09-05,187.5025177001953,187.77927298177536,185.43673181910435,186.09896874874457,45280000
2023-09-06,180.79119873046875,186.66239298088038,179.3678770840619,186.21759365485326,81755800
2023-09-07,175.503173828125,176.1456533918577,171.52973657694065,173.15073850258275,112488800
2023-09-08,176.11599731445312,178.15214742516778,175.73051558651892,176.2840413464044,65551300
2023-09-11,177.2823028564453,178.21141635408188,175.2856982178241,177.98408488615974,58953100
2023-09-12,174.25779724121094,178.0434334916735,172.79494533569144,177.4108476610135,90370200
2023-09-13,172.19198608398438,175.24618840249718,171.96463950783718,174.46533118918654,84267900
2023-09-14,173.70425415039062,174.060084556446,171.56927171405846,171.98440467411754,60895800
2023-09-15,172.98268127441406,174.45542656560403,171.80647888602266,174.4356540223445,109259500
2023-09-18,175.90843200683594,177.3021024660386,174.12927983360214,174.4356864419302,67257600
2023-09-19,176.99569702148438,177.54920768301113,175.07816717117066,175.4636488877364,51826900
2023-09-20,173.4571533203125,177.61837681135137,173.36818440563272,177.18347129792434,58436200
2023-09-21,171.91519165039062,174.25774788080986,171.84601037143327,172.52801984046553,63149100
2023-09-22,172.7652587890625,175.02874030453424,172.03384046276338,172.64665367280514,56725400
2023-09-25,174.04031372070312,174.92000347180993,172.13266274999066,172.1820865728236,46172700
2023-09-26,169.96804809570312,173.1705067749598,169.67152023376326,172.7949188930673,64588900
2023-09-27,168.45574951171875,171.0355161486817,167.09174554279588,170.6203831944849,66921800
2023-09-28,168.71275329589844,170.03722730338785,165.67830850769053,167.37838547451082,56294400
2023-09-29,169.22674560546875,171.06520035560507,168.36681324873706,170.02736032081233,51861100
2023-10-02,171.7373046875,172.28093658205415,168.9499639274405,169.23661305458424,52164500
2023-10-03,170.40293884277344,171.61870157072957,168.84125459232132,170.26456118455488,49594600
2023-10-04,171.64834594726562,172.19197782627828,168.98950418793981,169.10810929534875,53020300
2023-10-05,172.88389587402344,173.4176340313492,170.67971670138417,171.77685938003185,48527900
2023-10-06,175.43399047851562,175.92819856079907,171.17390414032383,171.78673241813826,57266700
2023-10-09,176.9166259765625,176.97592853708252,173.7635757979471,174.76187075811515,42390800
2023-10-10,176.32354736328125,177.6381425852869,175.88864186643335,176.03691333055846,43698000
2023-10-11,177.7172393798828,177.7666632072918,175.54272671219826,176.13576739500243,47551100
2023-10-12,178.61666870117188,180.2277765858699,176.96600064702005,177.98408304070654,56743100
2023-10-13,176.7782440185547,179.82255265296823,176.0764618780152,179.31846581874476,51427100
2023-10-16,176.6497344970703,177.0055649122618,174.46532818230494,174.70255348644375,52517000
2023-10-17,175.0979461669922,176.35323912433296,172.77517684946517,174.60373800385415,57549400
2023-10-18,173.80308532714844,175.52293478970745,173.08154578913502,173.54610256783715,54764400
2023-10-19,173.427490234375,175.7799102245973,173.16061367257353,174.00075828264139,59302900
2023-10-20,170.87741088867188,173.38798159754705,170.6401855525277,173.2792552037354,64244000
2023-10-23,170.9959716796875,171.9942664316387,167.96152725501383,168.93018581492106,55980100
2023-10-24,171.43087768554688,171.65820914819068,169.46392436745393,171.04539603931104,43816600
2023-10-25,169.11802673339844,171.05531414118843,168.67322735441405,169.88899020331988,57157000
2023-10-26,164.9567413330078,169.3947344867521,163.75087263790635,168.39642470029793,70625300
2023-10-27,166.2713623046875,167.00279566914165,164.89746448966903,164.97653958977486,58499100
2023-10-30,168.3173828125,169.18719386762373,166.91383366211736,167.06210513671374,51131000
2023-10-31,168.7918243408203,168.92030818010912,165.9550598323106,167.38827526603964,44846000
2023-11-01,171.95474243164062,172.2117251766134,168.14933458405196,169.01914553939386,56934900
2023-11-02,175.5130615234375,175.7206204672586,173.42750286114074,173.4868054165182,77334800
2023-11-03,174.6037139892578,174.77175801380423,171.34195262679097,172.2216424329047,79829200
2023-11-06,177.15382385253906,177.35150406781844,174.16881791314302,174.33684685023218,63841300
2023-11-07,179.7137908935547,180.32660394138705,176.89679947181725,177.1043583703275,70530000
2023-11-08,180.77142333984375,181.32493395317235,179.4864793691692,180.23768527185777,49340300
2023-11-09,180.29698181152344,181.98716487212562,179.7039261272927,180.84061367506283,53763500
2023-11-10,184.4834747314453,184.65174012268164,181.64298820237886,182.07846664625706,66133400
2023-11-13,182.8999481201172,184.11729742228064,182.31601793716675,183.9094650326421,43627500
2023-11-14,185.51278686523438,186.17589626502485,184.38450869065176,185.7701081675421,60108400
2023-11-15,186.07693481445312,187.55162053928348,185.84930383072194,185.91859136162876,53790500
2023-11-16,187.7594757080078,188.9966236513369,186.7103615664657,187.6209157424311,54412900
2023-11-17,187.7396697998047,188.42257785422723,186.63119011836693,188.29390964052354,50922700
2023-11-20,189.48158264160156,189.93685974559065,187.92773262314063,187.93762437034974,46505100
2023-11-21,188.67991638183594,189.5508734120303,187.78917585688575,189.442003783256,38134500
2023-11-22,189.34303283691406,190.9463718813115,188.8679722130009,189.52119000957208,39617700
2023-11-24,188.01678466796875,188.93721542830764,187.30418629136327,188.9075250877743,24048300
2023-11-27,187.838623046875,188.7095799535061,186.95777439426936,187.9672912540552,40552600
2023-11-28,188.4423370361328,189.11535325725313,187.45261884770375,187.82871659191514,38415400
2023-11-29,187.42295837402344,190.11499348364924,187.02707707633283,188.93722623545,43014200
2023-11-30,187.99697875976562,188.36318478193425,186.2550800746654,187.888109148078,48794400
2023-12-01,189.27374267578125,189.5904446947665,187.28439912721964,188.37309535289532,45704800
2023-12-04,187.48233032226562,188.09596593756666,185.52269231677565,188.02667840765253,43389500
2023-12-05,191.43133544921875,192.4012552746417,188.22464232394302,188.25434777036742,66628400
2023-12-06,190.3426513671875,192.75755159573393,190.1348038567878,192.4507413057332,41089700
2023-12-07,192.27259826660156,192.9950884718347,191.59958189996593,191.63917909312914,47477700
2023-12-08,193.69776916503906,193.97488907234165,191.67873543823174,192.2032849129047,53406400
2023-12-11,191.19378662109375,191.50061200003438,189.45188773429211,191.12451418849048,60943700
2023-12-12,192.7080535888672,192.71794533501543,189.748790485074,191.09480795445688,52696900
2023-12-13,195.9246368408203,195.96421892707963,192.8466123940007,193.08413511536142,70404200
2023-12-14,196.0731201171875,197.56758952005956,194.14317218582164,195.98404908233329,66831600
2023-12-15,195.53866577148438,196.36011872958818,194.9745190512041,195.4990685795855,128538400
2023-12-18,193.87591552734375,194.60831249977454,192.39133809002112,194.0738561652729,55751900
2023-12-19,194.9151153564453,194.92500710230044,193.87590816937887,194.14313632648785,40714100
2023-12-20,192.8268280029297,195.6475162401682,192.8268280029297,194.87553713507947,52242800
2023-12-21,192.67831420898438,195.0536467316969,191.5104540892898,194.08372721342002,46482500
2023-12-22,191.6094512939453,193.40083883584492,190.98592398969686,193.1731927744169,37149600
2023-12-26,191.0651397705078,191.8964996004414,190.84740051477698,191.6193796571302,28919300
2023-12-27,191.16409301757812,191.5105004803971,189.12527563548673,190.5108903848591,48087700
2023-12-28,191.5896759033203,192.65857351066379,191.18388776405135,192.14391575114956,34049900
2023-12-29,190.5504913330078,192.40125999570787,189.75871355527508,191.90640077236304,42672100
