Date,close,high,low,open,volume,rsi_14,macd,macd_signal,macd_diff,bb_bbm,bb_bbh,bb_bbl,bb_bbhi,bb_bbli,ema_10,ema_50,atr,volume_change_pct,next_close,target
2019-03-14,43.82036209106445,43.9086110924784,43.5413127001033,43.86090735580744,94318000,75.10762084498359,0.9490487430448411,0.8470493571462776,0.1019993858985635,41.69433746337891,43.44917703994027,39.93949788681755,1.0,0.0,42.46636556136737,40.21564940090787,0.7193284427662031,-0.24016756626117775,44.39038848876953,1
2019-03-15,44.39038848876953,44.67898009371108,43.82275112158004,44.08749085728255,156171600,77.64198010625952,1.0451514817729404,0.8866697820716103,0.15848169970133008,41.87703113555908,43.93037170579653,39.82369056532163,1.0,0.0,42.81618791180412,40.37936465925539,0.7292776970433764,0.655798469009097,44.84354782104492,1
2019-03-18,44.84354782104492,44.93179318512388,44.31168098754593,44.3140683580027,104879200,79.43456721239164,1.1446845544990012,0.9382727365570885,0.20641181794191266,42.08691520690918,44.431460606055836,39.74236980776253,1.0,0.0,43.18479880439336,40.55443066560008,0.7214801613672748,-0.32843615612569765,44.48817825317383,0
2019-03-19,44.48817825317383,45.07490005613711,44.34269057791804,44.92225754761337,126585600,74.39704900583035,1.1812728988901213,0.9868727690236951,0.19440012986642619,42.27294845581055,44.755589831812316,39.790307079808784,0.0,0.0,43.42177688598981,40.70869527687748,0.7222465411424029,0.20696572819014647,44.8769416809082,1
2019-03-20,44.8769416809082,45.19415263672283,44.05887055501057,44.41662677956,124140800,76.17694414073904,1.227489648430172,1.0349961449049905,0.19249350352518158,42.46530265808106,45.12285958711819,39.80774572904392,0.0,0.0,43.686352303247695,40.8721559201728,0.7517490797545358,-0.01931341321603719,46.52975463867188,1
2019-03-21,46.52975463867188,46.82550097334092,45.2704535350537,45.32054098726622,204136800,81.92886408654601,1.3815591935788234,1.104308754639757,0.2772504389390664,42.751864433288574,45.83122455264077,39.67250431393638,1.0,0.0,44.20333454605209,41.09402253658453,0.8372355235172632,0.6443973294839409,45.56621551513672,0
2019-03-22,45.56621551513672,47.14988281885893,45.501818379976086,46.58939664841029,169630800,71.14466211602868,1.4096611670334767,1.165379237118501,0.24428192991497566,42.96747226715088,46.19732394712389,39.73762058717787,0.0,0.0,44.451131085885656,41.2694026533905,0.8951518746148045,-0.1690337068083756,45.015262603759766,0
2019-03-25,45.015262603759766,45.78801351500889,44.50486400413485,45.67591630319227,175381200,65.81038784593309,1.3716632083820244,1.2066360313712057,0.1650271770108187,43.14050712585449,46.41947122013636,39.86154303157262,0.0,0.0,44.55370045277186,41.416299122032434,0.9228659914904641,0.033899504099491384,44.55019378662109,0
2019-03-26,44.55019378662109,46.00268699582232,44.02310159148573,45.711711607654806,199202000,61.61106595835071,1.2891617316225918,1.223141171421483,0.0660205602011088,43.28909549713135,46.54066674015376,40.03752425410894,0.0,0.0,44.55306287710808,41.539196952016304,0.9983459495509022,0.13582299585132263,44.950870513916016,1
2019-03-27,44.950870513916016,45.25853921871362,44.4929430532049,45.01765137448114,119393600,63.756785725551,1.2417953365482859,1.2268720044468435,0.014923332101442366,43.45127849578857,46.69463007810075,40.20792691347639,0.0,0.0,44.62539153834588,41.6729880720908,0.9817209649764609,-0.40064055581771263,45.01049041748047,1
2019-03-28,45.01049041748047,45.21083297191448,44.72666997905723,45.065345337062375,83121600,64.07852416805814,1.1952894029533567,1.220555484148146,-0.025266081194789347,43.636953353881836,46.78964557782609,40.48426112993758,0.0,0.0,44.69540951637035,41.80387051700804,0.9461811098250887,-0.30380187882767584,45.30385208129883,1
2019-03-29,45.30385208129883,45.3348587781949,44.96756043418868,45.27523275449241,94256000,65.692376017242,1.1686336685843912,1.2101711210353951,-0.04153745245100393,43.81559238433838,46.92059701721618,40.71058775146058,0.0,0.0,44.80603543726643,41.94112469599984,0.9048323408380269,0.13395314815884207,45.61153411865234,1
2019-04-01,45.61153411865234,45.71647288572653,44.92941211660565,45.706934321186864,111448000,67.34923780759,1.1589762196388094,1.1999321407560781,-0.040955921117268757,43.999121284484865,47.07297089956445,40.92527166940528,0.0,0.0,44.95248974297296,42.085062320417585,0.8964200857153738,0.18239687659141057,46.27458190917969,1
2019-04-02,46.27458190917969,46.37952433040807,45.56622420517309,45.575762771064326,91062800,70.63988121561738,1.191094837291729,1.1981646800632082,-0.007069842771479262,44.219618797302246,47.2820377524537,41.157199842150796,0.0,0.0,45.192870136828724,42.249357206251396,0.8904829456810595,-0.18291221017873804,46.591773986816406,1
2019-04-03,46.591773986816406,46.86605222606471,46.06706209372375,46.09091395769468,93087200,72.08906690581772,1.2279883378023015,1.204129411611027,0.0238589261912745,44.468020057678224,47.452867278357594,41.483172836998854,0.0,0.0,45.44721629137194,42.419648060391204,0.8839477447281954,0.02223081214282896,46.67287063598633,1
2019-04-04,46.67287063598633,46.83505168659805,46.06468441762447,46.45821474988475,76457200,72.46330101440641,1.2493685812950517,1.213177245547832,0.036191335747219666,44.74456558227539,47.458076504828185,42.0310546597226,0.0,0.0,45.67006253584728,42.586441102571406,0.8758348536028657,-0.17864969619883297,46.985313415527344,1
2019-04-05,46.985313415527344,47.00916528414231,46.7301122506272,46.85413541671345,74106400,73.91447935359382,1.2768058760599459,1.225902971650255,0.05090290440969092,45.031843757629396,47.3941456256422,42.66954188961659,0.0,0.0,45.90919905942547,42.758945899157915,0.837296267499517,-0.030746613791768462,47.72467422485352,1
2019-04-08,47.72467422485352,47.75567728467312,46.82789643538214,46.846977201039394,103526800,77.00300127727334,1.3427321872201645,1.249268814764237,0.09346337245592751,45.284658432006836,47.66328929295355,42.90602757106012,1.0,0.0,46.23928545313966,42.95368034330284,0.8437594519131932,0.39700214826249836,47.5815658569336,0
2019-04-09,47.5815658569336,48.3805560125003,47.51716873376691,47.77714095718664,143072800,75.14834311809875,1.3676660120589688,1.2729482542231834,0.0947177578357854,45.506347846984866,47.87345679146894,43.13923890250079,0.0,0.0,46.483336435647644,43.135166049719736,0.8451614395432073,0.3819880456075142,47.84868621826172,1
2019-04-10,47.84868621826172,47.87730918188847,47.26673569472371,47.38598773186565,86781200,76.29598095265028,1.3929238693228498,1.2969433772431167,0.09598049207973314,45.73185291290283,48.08923815638771,43.37446766941795,0.0,0.0,46.731581850668384,43.320009977897854,0.8284051572304614,-0.39344725202833797,47.45039367675781,0
2019-04-11,47.45039367675781,47.93932784783885,47.32875788639063,47.90355368575557,83603200,71.02896246160351,1.3650663881495362,1.3105679794244007,0.05449840872513545,45.9133544921875,48.212356652273634,43.61435233210137,0.0,0.0,46.862274909957364,43.4819858092257,0.8128455003888722,-0.03662083492738055,47.43132019042969,0
2019-04-12,47.43132019042969,47.73422148659965,46.79690190331519,47.51002699837706,111042800,70.77698145274834,1.3261628824730565,1.3136869600341319,0.012475922438924592,46.06540107727051,48.34353565596284,43.78726649857818,0.0,0.0,46.96573768822506,43.63686166731213,0.8217365063099857,0.32821231723187627,47.51718521118164,1
2019-04-15,47.51718521118164,47.66506027266798,47.22620982993786,47.36215895495653,70146400,71.27109000222723,1.2874195918466498,1.3084334863966356,-0.021013894549985812,46.199082946777345,48.488485521258234,43.90968037229646,0.0,0.0,47.06600087421717,43.789031218052116,0.7943875017685669,-0.3682940271679028,47.52194595336914,1
2019-04-16,47.52194595336914,48.02757352365968,47.35737752813351,47.57203341989984,102785600,71.3000648576498,1.2427734878341212,1.2953014866841328,-0.05252799885001158,46.35077133178711,48.56749887845926,44.134043785114955,0.0,0.0,47.14889997951752,43.93542003120181,0.7855166798941101,0.4653011416123991,48.44734954833984,1
2019-04-17,48.44734954833984,48.50697558632508,47.369309762567,47.59111687701552,115627200,76.30311249376686,1.2674530550831093,1.2897318003639282,-0.022278745280818857,46.52929172515869,48.81645069830412,44.24213275201326,0.0,0.0,47.3849817193034,44.11235844363859,0.8106701901701082,0.12493578867078647,48.62145233154297,1
2019-04-18,48.62145233154297,48.69061692830525,48.30185766916621,48.44495796431432,96783200,77.11151919595363,1.2862335300199348,1.2890321462951295,-0.002798616275194732,46.63387660980224,49.09614615917727,44.17160706042721,0.0,0.0,47.60979455789241,44.28918565492896,0.7805336950964606,-0.1629720342618346,48.78125381469727,1
2019-04-22,48.78125381469727,48.87904139023964,48.258929140631615,48.37579748500796,77758000,77.85816060135443,1.2990373420309567,1.291033185442295,0.008004156588661715,46.79462852478027,49.37409985637347,44.215157193187075,0.0,0.0,47.82278715003875,44.46534519060614,0.7690750204187154,-0.19657543871250382,49.48483276367188,1
2019-04-23,49.48483276367188,49.54922989372461,48.63098759521515,48.75739448502875,93292000,80.82413134775535,1.350390930367702,1.3029047344273763,0.04748619594032566,47.01810703277588,49.71405082476778,44.32216324078398,0.0,0.0,48.12497726160841,44.662187840530294,0.7797298259966254,0.19977365672985425,49.40851211547852,0
2019-04-24,49.40851211547852,49.7233356470686,49.38227651790569,49.45621220944261,70162400,79.57885779426795,1.3691478959566439,1.31615336673323,0.052994529223413966,47.26102294921875,49.89859162007975,44.62345427835775,0.0,0.0,48.35834723503933,44.84831820425375,0.7483962047942175,-0.2479269390730181,48.96012878417969,0
2019-04-25,48.96012878417969,49.55161802291001,48.92196724896242,49.32981092311776,74172800,72.51052689546964,1.3324722283690846,1.319417139060401,0.013055089308683598,47.461485862731934,49.97267248414089,44.95029924132298,0.0,0.0,48.46776206215576,45.00956567797634,0.7399143883051732,0.057158820108776265,48.72639846801758,0
2019-04-26,48.72639846801758,48.893350644801465,48.20645752970833,48.869498774138975,74596400,69.06672391106204,1.26990770884602,1.309515253017525,-0.039607544171504916,47.64728126525879,49.946521045363575,45.348041485154006,0.0,0.0,48.51478686322154,45.15532382660541,0.7408970216027578,0.005710988394667549,48.800331115722656,1
2019-04-29,48.800331115722656,49.12469688428121,48.62145301481061,48.750243646182206,88818800,69.55921567454554,1.2123158012434985,1.2900753626627197,-0.07775956141922125,47.82210521697998,49.903408326456955,45.740802107503,0.0,0.0,48.56670400003992,45.29826528892374,0.7239217964504604,0.1906579942195601,47.860633850097656,0
2019-04-30,47.860633850097656,48.51174924911249,47.48856790780347,48.43065870051709,186139600,57.112833131300675,1.0784167663911646,1.2477436434084088,-0.16932687701724425,47.934560203552245,49.752308841967455,46.116811565137034,0.0,0.0,48.438327609141325,45.3987503305384,0.7659104686982264,1.0957229775678123,50.20989227294922,1
2019-05-01,50.20989227294922,51.35232549546432,49.90221989618125,50.05724976982913,259309200,71.05628397663924,1.1486256957070893,1.227920053868145,-0.07929435816105568,48.13132572174072,50.037543194516616,46.22510824896483,1.0,0.0,48.760430275288215,45.587422563574115,0.9606091241745435,0.39308991745979904,49.88313293457031,0
2019-05-02,49.88313293457031,50.71789731595207,49.63986136370917,50.04770135204242,127985200,67.75657052394413,1.1644766680844185,1.2152313767113998,-0.05075470862698128,48.29589366912842,50.2103273737965,46.38145996446033,0.0,0.0,48.96455803152132,45.755881793809266,0.9689967547508546,-0.5064378741672104,50.50325012207031,1
2019-05-03,50.50325012207031,50.5247146205948,50.14072282120273,50.29813642228416,83569600,70.5514794531563,1.213093169456009,1.2148037352603216,-0.0017105658043126137,48.48741264343262,50.47889000668382,46.49593528018142,1.0,0.0,49.24432022980295,45.942053100799896,0.9456099641275426,-0.3470370011532583,49.72333526611328,0
2019-05-06,49.72333526611328,49.80919689030437,48.53558583087321,48.72400247433716,129772400,63.13871378689834,1.1751431672695887,1.206871621662175,-0.031728454392586425,48.62431373596191,50.55957986224924,46.68904760967459,0.0,0.0,49.331413872768465,46.090338675910225,1.0186138446325113,0.5528661139936053,48.38294982910156,0
2019-05-07,48.38294982910156,49.47052812168986,47.898786717614094,49.10323334856584,155054800,52.8594110407538,1.025092980640892,1.1705158934579185,-0.14542291281702657,48.657227516174316,50.55214249288466,46.76231253946397,0.0,0.0,49.15896586482902,46.18024499564322,1.0761806091944168,0.19482108676421173,48.39248275756836,1
2019-05-08,48.39248275756836,48.97443337179271,48.11820448511399,48.15397864611798,105358000,52.9181198188055,0.8966107833520383,1.1157348714367425,-0.2191240880847043,48.69777336120605,50.53263991307668,46.86290680933543,0.0,0.0,49.01960529987254,46.2669994176795,1.0604697718718672,-0.3205111999112572,47.87256240844727,0
2019-05-09,47.87256240844727,48.10152439811103,46.9042359570728,47.79623931903588,139634400,49.31110492340243,0.744255178898392,1.0414389329290725,-0.29718375403068054,48.698967170715335,50.53165219288826,46.86628214854241,0.0,0.0,48.81105204688612,46.32996267221941,1.0910252739164166,0.3253326752595911,47.20934295654297,0
2019-05-10,47.20934295654297,47.60918188331269,46.15349214662306,47.26680569139999,164834800,45.08908680061587,0.5635003168081667,0.9458512097048914,-0.38235089289672475,48.68691463470459,50.55511222648306,46.818717042926124,0.0,0.0,48.519832212278274,46.36444817356543,1.135885630195545,0.18047415250110288,44.4655647277832,0
2019-05-13,44.4655647277832,45.36579237166061,43.77842304776529,44.94201700800786,229722400,32.63866261738917,0.19658470784145265,0.7959979093322038,-0.5994132014907512,48.53862686157227,51.11755313289507,45.95970059024947,0.0,1.0,47.782692669642806,46.289982156083774,1.2998166500942692,0.3936523112837824,45.169471740722656,1
2019-05-14,45.169471740722656,45.418469654624175,44.39134823649402,44.63077085317976,146118800,37.413354519629216,-0.03697294154574848,0.6294037391566134,-0.6663766807023619,48.421241188049315,51.36357287638156,45.47890949971707,0.0,1.0,47.30756159165732,46.246040571167654,1.2803384192396898,-0.363933164549909,45.710567474365234,1
2019-05-15,45.710567474365234,45.909288693023,44.53739806425962,44.59725372096499,106178800,40.882286479580294,-0.17637402779448053,0.46824818576639465,-0.6446222135608752,48.33067226409912,51.48222884090525,45.17911568729299,0.0,0.0,47.01719902487694,46.225041626195015,1.2868778627770965,-0.27333922808016486,45.50945281982422,0
2019-05-16,45.50945281982422,46.08167274519695,45.21256745080139,45.46875141212985,132125600,39.9949795428068,-0.29962477689525,0.31467359323406574,-0.6142983701293158,48.18377742767334,51.565364273779046,44.802190581567636,0.0,0.0,46.74306335123099,46.19697932006283,1.2570369650355582,0.24436893240458546,45.25087356567383,0
2019-05-17,45.25087356567383,45.7057750661255,44.714565600818894,44.75526700637096,131516400,38.82811706576219,-0.4134016316284175,0.16905854826156907,-0.5824601798899866,48.015248489379886,51.62129823030647,44.4091987484533,0.0,0.0,46.47175611749332,46.159877133616206,1.23804928648349,-0.004610764303057069,43.835880279541016,0
2019-05-20,43.835880279541016,44.13755507522487,43.1631033991647,43.93883389096766,154449200,33.13168297689302,-0.6107088696250784,0.013105064684239581,-0.623813934309318,47.76797981262207,51.784831619076215,43.75112800616793,0.0,0.0,45.992505965138356,46.06874000208384,1.29874363505675,0.1743721695545195,44.67626190185547,1
2019-05-21,44.67626190185547,45.01145210514859,44.22135673647284,44.34585752053852,113459200,38.86798860688713,-0.6912956774478047,-0.12777508374216928,-0.5635205937056355,47.52755126953125,51.67798522449646,43.37711731456604,0.0,0.0,45.753188862723285,46.01413301776116,1.2899456486675234,-0.26539470583207947,43.761661529541016,0
2019-05-22,43.761661529541016,44.46317163112691,43.70659535573083,44.21177717624734,118994400,35.317104554994785,-0.8195150502861637,-0.26612307705096816,-0.5533919732351955,47.245208740234375,51.608236950673145,42.882180529795605,0.0,0.0,45.39109298396287,45.92580080253684,1.26706856991446,0.048785819043321244,43.0146598815918,0
2019-05-23,43.0146598815918,43.22534925933381,42.57172666496303,43.0481788953211,146118800,32.690241553111875,-0.9702224960752872,-0.406942960855832,-0.5632795352194553,46.94793529510498,51.603453283257906,42.29241730695206,0.0,0.0,44.959014238077216,45.81163841348017,1.2615590195332833,0.2279468613649045,42.84946441650391,0
2019-05-24,42.84946441650391,43.60843364494514,42.76566504244201,43.143953201217286,94858800,32.121249748392415,-1.09041944943759,-0.5436382585721836,-0.5467811908654064,46.6540885925293,51.558716066316066,41.74946111874253,0.0,0.0,44.57545972506388,45.69547472732424,1.2316454183168435,-0.35081043643939036,42.67228698730469,0
2019-05-28,42.67228698730469,43.23732444311592,42.59567365858896,42.83748915813703,111792800,31.48821023879917,-1.1862982311881822,-0.6721702530953834,-0.5141279780927989,46.3476863861084,51.439789961177034,41.255582811039766,0.0,0.0,44.22942831819857,45.57691834536269,1.189502944474709,0.17851796564999778,42.468780517578125,0
2019-05-29,42.468780517578125,42.94044331585505,42.138376171721504,42.23893322191725,113924800,30.738867079260743,-1.26413200101441,-0.7905626026791888,-0.47356939833522116,46.078093719482425,51.38753607600708,40.76865136295777,0.0,0.0,43.909310536267576,45.455030587410356,1.1618289587360542,0.019070995627625376,42.68904876708984,1
2019-05-30,42.68904876708984,42.91171002345526,42.29878877414538,42.60524939880032,84873600,32.6082483144542,-1.293135555748961,-0.8910771932931433,-0.4020583624558177,45.70205154418945,50.85057760000807,40.55352548837083,0.0,0.0,43.68744476005344,45.346560712103674,1.1226212652056131,-0.255003300422735,41.915714263916016,0
2019-05-31,41.915714263916016,42.614827782966735,41.89656001846683,42.193441689682246,108174400,29.588748203218614,-1.3628130526659703,-0.9854243651677087,-0.3773886874982616,45.30368061065674,50.32797206578832,40.27938915552516,0.0,0.0,43.3653119425739,45.212017714135534,1.0990403711639984,0.2745353089771143,41.49193954467773,0
2019-06-03,41.49193954467773,42.59807084717863,40.766489319881806,42.042612284986966,161584400,28.055615584542537,-1.4356784417833168,-1.0754751804908302,-0.3602032612924866,44.85311508178711,49.536088155903144,40.170142007671075,0.0,0.0,43.024698779320055,45.066132295725424,1.1513647394592006,0.4937397387921727,43.00987243652344,1
2019-06-04,43.00987243652344,43.05536331158064,41.78402998710208,42.00429832390132,123872000,40.04002840170494,-1.3553170379897423,-1.1314435519906128,-0.2238734859991296,44.51744194030762,48.6905979093978,40.34428597121744,0.0,0.0,43.02200308062976,44.985494654188095,1.1807975271337516,-0.23339134223353242,43.704200744628906,1
2019-06-05,43.704200744628906,44.290789049993,43.36901055867717,44.12079739285381,119093600,44.587060616110385,-1.2215226025990162,-1.1494593621122935,-0.07206324048672275,44.283504486083984,48.07034562523976,40.49666334692821,0.0,0.0,43.14603901953869,44.935247834205384,1.1879488904434525,-0.038575303539137185,44.34585571289063,1
2019-06-06,44.34585571289063,44.4057113648459,43.61082655329625,43.8334914782854,90105200,48.475720107536695,-1.0515912656925437,-1.1298857428283435,0.07829447713579984,44.0811731338501,47.367577089058,40.7947691786422,0.0,0.0,43.364187509239045,44.912134417683234,1.159872884808181,-0.24340854588323801,45.52621078491211,1
2019-06-07,45.52621078491211,45.94998985503987,44.47754216929505,44.654712574082296,122737600,54.76446848520011,-0.812310853360195,-1.0663707649347138,0.2540599115745188,43.96385555267334,46.84276116656289,41.08494993878379,0.0,0.0,43.75728265027051,44.93621584384908,1.1916058317611136,0.36215889870950835,46.108009338378906,1
2019-06-10,46.108009338378906,46.77599685145349,45.87816201203644,45.9236528950948,104883600,57.516879855116294,-0.5691720604772712,-0.9669310240432254,0.3977589635659542,43.90878887176514,46.57127071581884,41.24630702771144,0.0,0.0,44.18468750265386,44.98216852990907,1.195761562816847,-0.1454647964437955,46.64191818237305,1
2019-06-11,46.64191818237305,46.92683167348995,46.35221886941992,46.65389004356182,107731600,59.9266125078083,-0.3296013940483604,-0.8394650980442525,0.5098637039958921,44.017606544494626,46.92852456485426,41.106688524134995,0.0,0.0,44.631456717148254,45.047256751574324,1.1688373322664325,0.027153911574354872,46.49348068237305,0
2019-06-12,46.49348068237305,46.919652667642254,46.30194184945108,46.43601793650664,73012800,58.92587608919784,-0.14998860531860458,-0.7015697994991229,0.5515811941805183,44.08380699157715,47.15244603645445,41.01516794669985,0.0,0.0,44.97000652900731,45.10397141552722,1.1294711526896282,-0.3222712741665398,46.48389434814453,0
2019-06-13,46.48389434814453,47.11596983908178,46.35221484639415,46.615577503193705,86698400,58.85751711575185,-0.008321784909604446,-0.5629201965812193,0.5545984116716148,44.122473335266115,47.29002430934169,40.95492236119054,0.0,0.0,45.24525885975953,45.15808604033574,1.1033485698323426,0.18744110621699206,46.14631271362305,0
2019-06-14,46.14631271362305,46.34981972932592,45.56212099174863,45.86139923834012,75046000,56.377218025752256,0.07583598427989102,-0.4351689604089972,0.5110049446888882,44.15431632995605,47.38909082223282,40.91954183767928,0.0,0.0,45.409086833189264,45.19684002752348,1.0903789117297398,-0.134401557583531,46.421653747558594,1
2019-06-17,46.421653747558594,46.6778377161418,46.00984653024875,46.184624027838574,58676400,57.93428468462044,0.16287185761375156,-0.3155607968044475,0.47843265441819904,44.21285533905029,47.565128447308716,40.86058223079187,0.0,0.0,45.59318990852914,45.24487193811309,1.060208359884262,-0.2181275484369587,47.51340866088867,1
2019-06-18,47.51340866088867,47.95394531637442,46.737681866076485,46.93879594967235,106204000,63.4978277764782,0.3162978271567738,-0.18918907201220325,0.505486899168977,44.396731758117674,48.037171463614484,40.756292052620864,0.0,0.0,45.942320590776326,45.333834162535666,1.0939285890936596,0.8099951598939268,47.37455368041992,0
2019-06-19,47.37455368041992,47.8557954951952,47.24047759483256,47.80790804751456,84496800,62.36801600155463,0.4218220746285084,-0.06698684268406094,0.48880891731256937,44.5316463470459,48.396597928123235,40.666694765968565,0.0,0.0,46.20272660707516,45.413862378923284,1.0597421113271583,-0.20439154834092876,47.75522994995117,1
2019-06-20,47.75522994995117,48.03056445872031,47.41285375699523,47.9731017236882,86056000,64.24624242328275,0.5300580156629522,0.052422128985341696,0.4776358866776105,44.73132476806641,48.822545583658446,40.64010395247437,0.0,0.0,46.484999942143524,45.505680715042025,1.0309041589681036,0.01845276980903421,47.59242630004883,0
2019-06-21,47.59242630004883,48.08803285817052,47.44158888613369,47.59721577519034,191202400,62.80259404111938,0.595830521430905,0.16110380747445435,0.4347267139564506,44.960213088989256,49.152625406126674,40.76780077185184,0.0,0.0,46.686350189035394,45.58751387523837,1.0034427170444415,1.2218369433857021,47.54454040527344,0
2019-06-24,47.54454040527344,47.92282855213777,47.446376262360126,47.53496145541416,72881600,62.358741012180445,0.6367516380883274,0.256233373597229,0.3805182644910984,45.194966888427736,49.41404038806496,40.97589338879051,0.0,0.0,46.84238477380595,45.664260013671125,0.965800543668242,-0.6188248683070924,46.82387924194336,0
2019-06-25,46.82387924194336,47.7073455597451,46.75683755347193,47.50862436501984,84281200,55.95003747161387,0.6040672732883081,0.32580015353544484,0.2782671197528633,45.40254650115967,49.51181800925383,41.29327499306551,0.0,0.0,46.839020131649114,45.709735277524935,0.9647082195685938,0.15641259247876005,47.83663940429688,1
2019-06-26,47.83663940429688,48.12155290184591,47.2500547257955,47.35061178611295,104270000,61.87921972106501,0.6523658919001036,0.3911133012083766,0.261252590691727,45.670939445495605,49.67862435325642,41.663254537734794,0.0,0.0,47.020405453948705,45.79314328249639,0.9884914653067335,0.237167956792262,47.8222770690918,0
2019-06-27,47.8222770690918,48.2604209170684,47.78157566069608,47.95395659195468,83598800,61.75227771133878,0.6816266074696173,0.4492159624606248,0.23241064500899256,45.9276008605957,49.793523040675964,42.06167868051544,0.0,0.0,47.16620029306563,45.87271715648052,0.9520881646685614,-0.19824685911575712,47.38652420043945,0
2019-06-28,47.38652420043945,47.76481237594813,47.17822769146476,47.56848407525534,124442400,57.87312100283404,0.6620229323399158,0.491777356436483,0.1702455759034328,46.201141357421875,49.64391659525043,42.75836611959332,0.0,0.0,47.20625918531541,45.932082138596556,0.9300853941655952,0.4885668215333234,48.25562286376953,1
2019-07-01,48.25562286376953,48.95952585004053,48.04014034472605,48.64348628342958,109012000,62.88140942201136,0.7084493146282682,0.5351117480748401,0.17333756655342814,46.53932552337646,49.33290561479146,43.74574543196147,0.0,0.0,47.39705258139798,46.02320138272099,0.9760079838395581,-0.12399632279673167,48.53813934326172,1
2019-07-02,48.53813934326172,48.63391056866705,48.2101315728329,48.2221034326709,67740800,64.36451512705804,0.7592866915415613,0.5799467367681843,0.17933995477337694,46.81573886871338,49.2253271937354,44.40615054369136,0.0,0.0,47.60452290173684,46.121826400781416,0.9365630561248859,-0.3785931824019374,48.94036865234375,1
2019-07-03,48.94036865234375,48.94755103721536,48.52856153764481,48.66981997785124,45448000,66.42161350778554,0.8225503739896709,0.6284674642124817,0.19408290977718923,47.077547264099124,49.198494645925514,44.956599882272734,0.0,0.0,47.84740394730173,46.23235746947013,0.8995935163710048,-0.3290897066465114,48.897274017333984,0
2019-07-05,48.897274017333984,49.10078467800823,48.578841537594826,48.68658462459811,69062000,65.98213973474749,0.8593043950637451,0.6746348503827344,0.1846695446810107,47.30511817932129,49.16552594531104,45.44471041333154,0.0,0.0,48.03828941458032,46.336864000758915,0.8726184895168906,0.5195828199260693,47.88930892944336,0
2019-07-08,47.88930892944336,48.21970962943666,47.50383840170208,48.07845117383741,101354400,56.556459133190046,0.7979001664431706,0.6992879135948217,0.09861225284834896,47.42327308654785,49.10868941205232,45.73785676104338,0.0,0.0,48.01120205364632,46.397744194040655,0.9098197128108199,0.4675856476788973,48.18141174316406,1
2019-07-09,48.18141174316406,48.24605322338057,47.599612848119484,47.69298752839831,82312000,58.41060484915924,0.7640002098840526,0.7122303728526679,0.05176983703138471,47.52694320678711,49.12900728604143,45.92487912753279,0.0,0.0,48.04214926992228,46.467691941065105,0.8910069029858388,-0.18787936192212673,48.657859802246094,1
2019-07-10,48.657859802246094,48.777571116582486,48.25802445075848,48.32745905892124,71588400,61.31108378593339,0.7667411123370513,0.7231325207495446,0.04360859158750674,47.62774028778076,49.247959321831004,46.007521253730516,0.0,0.0,48.1540966394357,46.553580876797696,0.8699463651595949,-0.13027991058411892,48.30351257324219,0
2019-07-11,48.30351257324219,48.93558813067086,48.29393727609442,48.67701126809106,80767200,58.06754752176832,0.731883737160743,0.7248827640317843,0.007000973128958643,47.71824188232422,49.27592356665728,46.16056019799116,0.0,0.0,48.181263172855054,46.62220564920729,0.8536395429750838,0.1282163031999597,48.674617767333984,1
2019-07-12,48.674617767333984,48.84221286513295,48.41125143272195,48.47110708574294,70380800,60.42864214920052,0.7258371055722606,0.7250736323398796,0.0007634732323809068,47.827778053283694,49.32997236107859,46.3255837454888,0.0,0.0,48.270964008214854,46.70269239893775,0.8311438821833467,-0.12859675709941665,49.13191604614258,1
2019-07-15,49.13191604614258,49.28993219429551,48.84221307681378,48.863760235202925,67789600,63.17992367029325,0.7493077030010937,0.7299204464721225,0.01938725652897122,47.977058219909665,49.37066487494811,46.58345156487122,0.0,0.0,48.42750074238353,46.79795607137716,0.8157274925246452,-0.036816859143402714,48.96192169189453,0
2019-07-16,48.96192169189453,49.34739222396268,48.72249909193417,48.98346884909922,67467200,61.46900304240972,0.7455964253998957,0.7330556422576772,0.012540783142218515,48.104071617126465,49.36412895464937,46.84401427960356,0.0,0.0,48.524668187749164,46.8828174682602,0.8020964667749213,-0.004755891759207875,48.68658065795898,0
2019-07-17,48.68658065795898,49.10317358811525,48.66742641412559,48.85417572487808,56430000,58.69642645752358,0.71222737698929,0.7288899892039997,-0.01666261221470977,48.16273021697998,49.41655156767322,46.908908866286744,0.0,0.0,48.5541068186964,46.95355327962094,0.7759286601474021,-0.16359356843028905,49.239654541015625,1
2019-07-18,49.239654541015625,49.29232780714967,48.77038462090295,48.84221213411293,74162400,62.36822604380393,0.7220868382562671,0.7275293590144533,-0.005442520758186187,48.255985260009766,49.53855717481042,46.97341334520911,0.0,0.0,48.67875185911807,47.043204309479556,0.7637728379362085,0.3142371079213184,48.5046272277832,0
2019-07-19,48.5046272277832,49.44077053948735,48.44956104865332,49.2707788735222,83717200,55.328651156595036,0.6629479200935506,0.7146130712302727,-0.0516651511367221,48.29345512390137,49.55899380104738,47.027916446755356,0.0,0.0,48.647092835239,47.100515012158134,0.7800183131431958,0.12883617574404282,49.61315155029297,1
2019-07-22,49.61315155029297,49.61554446110949,48.74883581666229,48.75841111322735,89111600,62.249133955066405,0.6974883384842983,0.7111881246810778,-0.013699786196779584,48.39449138641358,49.740145980718694,47.04883679210846,0.0,0.0,48.82273987433972,47.1990497783595,0.8036539502991307,0.064435982092091,50.00101852416992,1
2019-07-23,50.00101852416992,50.017779860965895,49.62991273666517,49.91004041383206,73420800,64.33130682766819,0.7475422899716833,0.718458957739199,0.02908333223248427,48.5173152923584,49.97407402134875,47.060556563368046,1.0,0.0,49.03697235612702,47.308930905646186,0.7751521188972589,-0.17608033073135254,49.96031188964844,0
2019-07-24,49.96031188964844,50.07523371101221,49.60117800125017,49.720889297382925,59966400,63.93275905049171,0.7749920954775007,0.7297655852868594,0.04522651019064128,48.67413692474365,50.04040066265911,47.30787318682819,0.0,0.0,49.20485227131273,47.41290663050902,0.7536452325304576,-0.1832505230125523,49.56526947021485,0
2019-07-25,49.56526947021485,50.09678795373076,49.49583486785246,50.0129885793759,55638400,60.04501056430132,0.7561531792041336,0.7350431040703143,0.02111007513381935,48.76056842803955,50.1226763554313,47.39846050064779,0.0,0.0,49.27038267111312,47.49731301637984,0.7427386506267322,-0.07217375063368825,49.73765563964844,1
2019-07-26,49.73765563964844,50.21410430811092,49.59400060850746,49.675403421281054,70475600,61.15508539374035,0.7465278175293477,0.737340046762121,0.009187770767226766,48.85633735656738,50.21041010355726,47.5022646095775,0.0,0.0,49.355341392665,47.58516958984136,0.7360312354316847,0.2666719388048542,50.20212936401367,1
2019-07-29,50.20212936401367,50.43197666906582,49.90524767605758,49.91003715101464,86693600,64.0530106059589,0.7675311752260541,0.7433782724549076,0.024152902771146456,48.997117614746095,50.294961119351,47.69927411014119,0.0,0.0,49.50930284200112,47.68779546333831,0.7330519350020915,0.23012219832112102,49.98664855957031,0
2019-07-30,49.98664855957031,50.31705290620776,49.63469705640404,49.98185908479763,135742800,61.751399585236676,0.7580506514120202,0.7463127482463301,0.011737903165690122,49.083668899536136,50.402874974362085,47.764462824710186,0.0,0.0,49.59609297246824,47.77794656515133,0.7294307860593507,0.5657764817702806,51.00657653808594,1
2019-07-31,51.00657653808594,53.000966743437786,50.58998365476769,51.81582589589421,277125600,67.67258845254639,0.8233459127907352,0.7617193811552112,0.06162653163552401,49.20709075927734,50.743113904915,47.671067613639686,1.0,0.0,49.852544529853276,47.90455950526641,0.8926370287599309,1.0415491650385875,49.90285110473633,0
2019-08-01,49.90285110473633,52.20130954173058,49.49822997674807,51.21249302793154,216071600,57.32955025285683,0.7770738361360259,0.7647902721513742,0.01228356398465169,49.255214881896975,50.81492374396713,47.69550601982682,0.0,0.0,49.86169117983201,47.98292388171621,1.0219543527758295,-0.22031165651964313,48.84699630737305,0
2019-08-02,48.84699630737305,49.42400195472412,48.2747764812972,49.20852309178124,163448400,49.530590539695254,0.6477375092107707,0.7413797195632535,-0.09364221035248288,49.25270099639893,50.81486955463822,47.690532438159636,0.0,0.0,49.67720120302128,48.01680907487923,1.0652486578232077,-0.24354519520381201,46.28996658325195,0
2019-08-05,46.28996658325195,47.56130005899529,46.108006714672,47.40328391275704,209572000,36.559540535246185,0.3350444259723844,0.6601126608450798,-0.3250682348726954,49.17273387908936,51.12172928695204,47.223738471226675,0.0,1.0,49.06134036306322,47.949089761482085,1.1848015817430533,0.2821905873657986,47.1662483215332,1
2019-08-06,47.1662483215332,47.42243223605077,46.45755587635723,47.00104615658989,143299200,42.15058876735313,0.15614161422715966,0.5593184515214958,-0.4031768372943362,49.12197570800781,51.218861607441745,47.025089808573874,0.0,0.0,48.71677817369413,47.91839009717037,1.1810633011041791,-0.3162292672685283,47.6546745300293,1
2019-08-07,47.6546745300293,47.77917530974308,46.4048918709798,46.7855729428345,133457600,45.057140515510916,0.05315897648085155,0.458086556513367,-0.40492758003251544,49.07181644439697,51.25685202830039,46.88678086049355,0.0,0.0,48.523668420300524,47.90804831022366,1.1948647395084004,-0.06867868069047145,48.70574188232422,1
2019-08-08,48.70574188232422,48.72968560566816,47.73847610399667,47.93240784186512,108038000,50.78736936725769,0.05571460205948853,0.3776121656225913,-0.3218975635631028,49.09192790985107,51.25560685277823,46.92824896692392,0.0,0.0,48.55677268612301,47.93933041109035,1.1863037635177192,-0.19046948244236372,48.30438232421875,0
2019-08-09,48.30438232421875,48.729767784636486,47.89581454791173,48.37888473817284,98478800,48.69871786507175,0.025064661885501494,0.3071026648751734,-0.2820380029896719,49.07341613769531,51.257300723499526,46.889531551891096,0.0,0.0,48.51088352941314,47.953646172389504,1.161135868746793,-0.08847997926655438,48.18181228637695,0
2019-08-12,48.18181228637695,48.55913570914154,47.86216992838576,47.97512638824654,89927600,48.04884469449887,-0.009012128014660448,0.24387970629720665,-0.2528918343118671,49.02591094970703,51.24370984731915,46.80811205209491,0.0,0.0,48.45105239431565,47.96259386313411,1.127980862461721,-0.08683290210684935,50.22223663330078,1
2019-08-13,50.22223663330078,50.98408951762822,48.18181426451599,48.31159574878954,188874000,58.078178483079036,0.12716112840521987,0.2205359907188093,-0.09337486231358944,49.08892669677734,51.36668175734824,46.811171636206446,0.0,0.0,48.77308589231295,48.05120730510143,1.247573460232403,1.1002895662733132,48.72737503051758,0
2019-08-14,48.72737503051758,49.6142018262065,48.688920981443054,48.82591215607856,146189600,50.40131349034616,0.1131522284733606,0.19905923826971958,-0.08590700979635899,49.090966415405276,51.367349276136856,46.814583554673696,0.0,0.0,48.764774826531976,48.0777236864903,1.267983616777069,-0.22599404894268138,48.48462677001953,0
2019-08-15,48.48462677001953,49.30175490823095,47.9871372796202,48.89799851067112,108909600,49.262565138719374,0.08152257693746634,0.17555190600326895,-0.09402932906580261,49.05321502685547,51.34348273624155,46.76294731746939,0.0,0.0,48.71383881625698,48.093680670158115,1.2713146176223318,-0.25501130039346165,49.62861633300781,1
2019-08-16,49.62861633300781,49.78723651957056,48.98933158147647,49.0950783725183,110481600,54.48195919530145,0.14707090538063738,0.16985570587874263,-0.022784800498105245,49.1094144821167,51.39823957013371,46.820589394099684,0.0,0.0,48.880162001120766,48.15387422556399,1.2735499841886675,0.014433989290200344,50.55389404296875,1
2019-08-19,50.55389404296875,51.12588234715276,50.47698595695916,50.61878111496255,97654400,58.22514394843194,0.27056173893976876,0.18999691249094788,0.08056482644882088,49.15645160675049,51.52212790597947,46.79077530752151,0.0,0.0,49.1844769178204,48.247992649775945,1.2895297006141162,-0.11610259083865548,50.55629348754883,1
2019-08-20,50.55629348754883,51.27488825272847,50.54668181087362,50.68126728740163,107537200,58.234735662936906,0.3644219005387441,0.22488191010050712,0.139539990438237,49.18421535491943,51.60136116196784,46.767069547871024,0.0,0.0,49.43389811231648,48.33851425125724,1.2494351821313114,0.10120178916669387,51.104248046875,1
2019-08-21,51.104248046875,51.346982292320256,50.854304127508136,51.1883657988658,86141600,60.46706781190964,0.47751758287122215,0.27540904465465016,0.202108538216572,49.24141216278076,51.78037807326588,46.702446252295644,0.0,0.0,49.73759810041802,48.44697440010499,1.2166675837484626,-0.1989599877995708,51.060997009277344,0
2019-08-22,51.060997009277344,51.536853889289645,50.65002720346251,51.23643854407338,89014800,60.19358473566358,0.5572332901567236,0.3317738937550649,0.22545939640165874,49.31619853973389,51.9742386029193,46.65815847654848,0.0,0.0,49.97821608384699,48.549485090660774,1.193107519611225,0.033354383944574906,48.70094299316406,0
2019-08-23,48.70094299316406,50.96247108877293,48.30679812036176,50.33279789322292,187272000,47.554554324642105,0.4250719622128827,0.35043350744662843,0.07463845476625425,49.26436290740967,51.927934176681106,46.60079163813823,0.0,0.0,49.74598461281373,48.55542461624914,1.3046140459901079,1.1038299249113632,49.6262092590332,1
2019-08-26,49.6262092590332,49.794441106144575,49.28253222326784,49.47479876304336,104174400,51.82537523554937,0.39049305170271253,0.35844541629784527,0.03204763540486727,49.23556690216064,51.87025861805937,46.600875186261916,0.0,0.0,49.72420727576272,48.59741617086813,1.2895343364894225,-0.4437267717544534,49.06624603271485,0
2019-08-27,49.06624603271485,50.121304742904,48.91483550162449,49.9554748597441,103493200,49.213426516167566,0.3142818182724483,0.3496126966927659,-0.035330878420317624,49.189546775817874,51.80221556651016,46.57687798512559,0.0,0.0,49.60457795884492,48.615801655646436,1.2836011154030005,-0.006539034542075606,49.39548873901367,1
2019-08-28,49.39548873901367,49.44115245482456,48.86435650196321,49.0518153700021,63755200,50.78404059303978,0.2772549786996734,0.3351411530941474,-0.057886174394473966,49.108992385864255,51.58855790384148,46.62942686788703,0.0,0.0,49.56656173705741,48.646377619700054,1.2331150323643114,-0.38396725581970603,50.23185348510742,1
2019-08-29,50.23185348510742,50.30635957969884,49.66707477161969,50.109285330383344,83962000,54.6230576395107,0.3118043009028426,0.33047378265588645,-0.018669481753043837,49.12544250488281,51.63009493761907,46.620790072146555,0.0,0.0,49.6875238730665,48.70855314383368,1.2100975901015156,0.3169435591136096,50.16696548461914,0
2019-08-30,50.16696548461914,50.57793166287148,49.79685169001332,50.508236909621736,84573600,54.2693681074959,0.33014328206690635,0.33040768253809044,-0.0002644004711840897,49.191440963745116,51.73256437456268,46.650317552927554,0.0,0.0,49.77469507516698,48.7657457846488,1.179453474584133,0.007284247635835239,49.43634033203125,0
2019-09-03,49.43634033203125,49.74396530148532,49.08064964869603,49.61178183792797,80092000,50.3185315064005,0.2824656251420947,0.32081927105889135,-0.03835364591679663,49.34875965118408,51.5136143657829,47.183904936585265,0.0,0.0,49.71317603096048,48.79204361003635,1.1728007861083454,-0.05299053132419573,50.27511215209961,1
2019-09-04,50.27511215209961,50.34480690239136,49.82569194490394,50.08284558735108,76752400,54.42089372820107,0.30880292658660125,0.31841600216443333,-0.009613075577832086,49.5042028427124,51.45584324056501,47.552562444859795,0.0,0.0,49.81534623480396,48.8502031607055,1.153919770697757,-0.041697048394346514,51.25807571411133,1
2019-09-05,51.25807571411133,51.42390559777108,50.83268649087719,50.95045064510023,95654800,58.722505206714175,0.40433149048181605,0.33559909982790986,0.06873239065390618,49.684372901916504,51.58440402153491,47.7843417822981,0.0,0.0,50.07766068558711,48.94462953534887,1.153553604624451,0.24627764082947246,51.25326156616211,0
2019-09-06,51.25326156616211,51.53204789572798,51.07301235316033,51.44312612414458,77449200,58.69328922238474,0.47418400605640443,0.3633160810736088,0.11086792498279563,49.8117488861084,51.772860378038665,47.85063739417813,0.0,0.0,50.291406300237114,49.03516412479252,1.1039451716203936,-0.19032604741215287,51.47196960449219,1
2019-09-09,51.47196960449219,52.01752496664898,50.72694165520818,51.63299180966499,109237600,59.67486045636773,0.5409547491675966,0.3988438146924064,0.1421109344751902,49.97012825012207,51.930347107384954,48.00990939285919,0.0,0.0,50.506054173738036,49.13072512399643,1.1172764673218512,0.41044194129829625,52.08000946044922,1
2019-09-10,52.08000946044922,52.0992364848002,50.88075361239367,51.39746659829906,127111600,62.353289977353825,0.6356078868476729,0.4461966291234597,0.1894112577242132,50.165038108825684,52.15028456793112,48.179791649720244,0.0,0.0,50.79222786223097,49.24638333326909,1.1245054962564713,0.16362497894497863,53.73590087890625,1
2019-09-11,53.73590087890625,53.76474325009253,52.32755338078154,52.40926915409926,177158400,68.49120214490365,0.8346168356551473,0.5238806704297972,0.3107361652253501,50.34072132110596,52.86407286010945,47.81736978210247,1.0,0.0,51.327441137990114,49.42244284486271,1.1645218029269597,0.3937233108543987,53.61572647094727,0
2019-09-12,53.61572647094727,54.41603338856972,53.56045107438245,54.02669627568618,128906800,67.62942660129599,0.9714376623120842,0.6133920688062546,0.35804559350582954,50.58513889312744,53.36954146584679,47.8007363204081,1.0,0.0,51.74349301670959,49.586885340003285,1.1424546965884106,-0.2723641667569813,52.57268142700195,0
2019-09-13,52.57268142700195,53.06295761966519,52.156907647555165,52.87309674944196,159053200,60.51267975114581,0.9843570795512235,0.6875850709552485,0.2967720085959751,50.78954162597656,53.52695109609767,48.05213215585545,0.0,0.0,51.894254545853656,49.70397538263068,1.1650521342172462,0.23386198400705016,52.84907150268555,1
2019-09-16,52.84907150268555,52.90435057226379,52.28669479868519,52.32755084977788,84632400,61.66389842061287,1.005309596764043,0.7511299761170074,0.2541796206470357,50.95056438446045,53.77341408778334,48.12771468113756,0.0,0.0,52.067857628914,49.82731248537793,1.1259523941716283,-0.4678987910963124,53.04133224487305,1
2019-09-17,53.04133224487305,53.07017461149301,52.66160681112901,52.86348870875079,73274800,62.48326463982723,1.0256059062447278,0.8060251621425516,0.2195807441021762,51.07493629455566,54.032874687546666,48.11699790156466,0.0,0.0,52.24485301363383,49.95335247594637,1.074710637471083,-0.13419919557994342,53.53883361816406,1
2019-09-18,53.53883361816406,53.558060644423605,52.73852652761445,53.127863724624426,101360000,64.59217312267918,1.069506475858276,0.8587214248856966,0.21078505097257938,51.224063301086424,54.35787950699701,48.09024709517584,0.0,0.0,52.48012221445751,50.09395957956274,1.0564837431380885,0.383285931861977,53.10383605957031,0
2019-09-19,53.10383605957031,53.77676368542415,52.96203719031205,53.35618208567524,88242400,61.34511617013764,1.0570127410994985,0.898379688128457,0.15863305297104147,51.32404270172119,54.56204493703572,48.08604046640666,0.0,0.0,52.59352473175074,50.21199395132774,1.039215368279089,-0.1294159431728492,52.327545166015625,0
2019-09-20,52.327545166015625,53.48835049337496,52.2650600947515,53.20476016935374,221652400,55.940569756519416,0.9732521341405445,0.9133541773308747,0.059897956809669806,51.387370109558105,54.65175088781834,48.12298933129787,0.0,0.0,52.54516481070799,50.2949567440606,1.0523635847322586,1.5118582450160014,52.56547927856445,1
2019-09-23,52.56547927856445,52.83465027251121,52.30832196549194,52.620754678997145,76662000,57.18561705360376,0.915517033573856,0.913786748579471,0.0017302849943851006,51.580596923828125,54.63690933766002,48.52428450999623,0.0,0.0,52.54885835031825,50.383996843452906,1.014789636324188,-0.6541341307380385,52.315521240234375,0
2019-09-24,52.315521240234375,53.47152241710132,52.19776078738406,53.12063572645369,124763200,55.414032804520424,0.8399100653021279,0.8990114119240024,-0.059101346621874495,51.71506252288818,54.64982283728,48.780302208496366,0.0,0.0,52.50643342121208,50.45974289822865,1.0332876358522642,0.6274451488351465,53.12065124511719,1
2019-09-25,53.12065124511719,53.23360772644387,52.18575868726323,52.52462813124328,87613600,59.7404419626034,0.8353291068998061,0.8862749509191632,-0.05094584401935709,51.9177827835083,54.64547892827117,49.190086638745434,0.0,0.0,52.61810938919483,50.564092245165455,1.0343277360900054,-0.2977608782076766,52.8466682434082,0
2019-09-26,52.8466682434082,53.09901788679732,52.591916597251874,52.87310494256668,75334000,57.68897507630152,0.8003644230363065,0.8690928453425919,-0.0687284223062854,52.09034175872803,54.58461360609806,49.596069911358,0.0,0.0,52.65966554450635,50.653605029410265,0.9982139440739559,-0.1401563227626761,52.58950805664063,0
2019-09-27,52.58950805664063,53.103818957729175,52.21939431443392,53.002876179178735,101408000,55.75373502642325,0.7433352749334645,0.8439413312607664,-0.10060605632730191,52.20822448730469,54.558723235177844,49.85772573943154,0.0,0.0,52.646909637621675,50.72952279518401,0.9900861368754772,0.34611198130989984,53.82721710205078,1
2019-09-30,53.82721710205078,53.97381992879909,53.06295860070048,53.08939529625113,103909600,62.3075721995064,0.7889178858835066,0.8329366421853145,-0.04401875630180785,52.39123706817627,54.64551072033912,50.136963416013415,0.0,0.0,52.8615109947906,50.85100100329643,1.0182451179671186,0.02466866519406752,53.97622680664063,1
2019-10-01,53.97622680664063,54.84863417143314,53.88249736252752,54.09158894337955,139223200,63.01779162236308,0.8275270545337747,0.8318547246550066,-0.004327670121231919,52.61823139190674,54.52395948289022,50.71250330092326,0.0,0.0,53.06418659694515,50.973558877937386,1.01847168592535,0.3398492535819597,52.62316131591797,0
2019-10-02,52.62316131591797,53.73349535353158,52.37561567643191,53.60852153239703,138449200,53.2128711943395,0.7404090471846416,0.8135655891609337,-0.07315654197629207,52.735633850097656,54.31000023516999,51.161267465025325,0.0,0.0,52.98400018221293,51.0382491696229,1.0600530748027335,-0.005559418257876536,53.07017135620117,1
2019-10-03,53.07017135620117,53.1038177258777,51.70268021152755,52.49577373492866,114426000,55.66696682981555,0.6993754087748982,0.7907275530837267,-0.09135214430882843,52.82623863220215,54.25155967247308,51.40091759193122,0.0,0.0,52.99966766839261,51.117932392625974,1.0844162490561202,-0.17351635112373343,54.55783081054688,1
2019-10-04,54.55783081054688,54.6731929479549,53.80799525329293,54.22857675291312,138478800,62.68233519473101,0.7779301453102292,0.7881680715290272,-0.010237926218798044,52.99146709442139,54.41525402135005,51.567680167492725,1.0,0.0,53.282970057875204,51.25283036979935,1.1214594878202353,0.2102039746211526,54.5698471069336,1
2019-10-07,54.5698471069336,55.25959957952468,54.27664143090137,54.3799862186076,122306000,62.73363218550066,0.8315691432156456,0.796848285866351,0.03472085734929453,53.14636096954346,54.54910218997259,51.74361974911433,1.0,0.0,53.51694770315854,51.382909457530104,1.1115665350204549,-0.11678899586073821,53.930572509765625,0
2019-10-08,53.930572509765625,54.81018970341159,53.913751153872425,54.27184763994498,111820000,58.15372705542917,0.8131211635302407,0.800102861399129,0.013018302131111659,53.238889122009276,54.59129939085155,51.886478853167,0.0,0.0,53.59215221345074,51.482817812519734,1.0962002503432198,-0.08573577747616634,54.562644958496094,1
2019-10-09,54.562644958496094,54.745296196966166,54.22858318869605,54.562644958496094,74770400,61.17204291774705,0.8398230139486103,0.8080468919090252,0.03177612203958502,53.28022632598877,54.737360583072345,51.8230920689052,0.0,0.0,53.768605439822615,51.60359534765607,1.076094781547314,-0.3313324986585584,55.29805755615234,1
2019-10-10,55.29805755615234,55.38217532730824,54.62753205841933,54.77893891244817,113013600,64.3903297126416,0.909838026893425,0.8284051189059052,0.08143290798751979,53.364342880249026,55.06338801490415,51.665297745593904,1.0,0.0,54.04668764279165,51.748476218577494,1.0577687520662307,0.5114751291955104,56.76889801025391,1
2019-10-11,56.76889801025391,57.11257146209531,55.83159977697895,55.98541231262477,166795600,69.78454763313368,1.071656571529033,0.8770554094305307,0.1946011620985022,53.57415370941162,55.78854427767113,51.35976314115211,1.0,0.0,54.541634982330244,51.945355504525594,1.1118219773431408,0.47588962744306884,56.68716812133789,0
2019-10-14,56.68716812133789,57.23032136758356,56.39877014720684,56.454045539346986,96427600,69.15764405190691,1.1797051088481965,0.9375853493140639,0.24211975953413256,53.76605854034424,56.33300977414778,51.1991073065407,1.0,0.0,54.93173191669527,52.131308940479016,1.0918026375598249,-0.4218816323691992,56.55499649047852,0
2019-10-15,56.55499649047852,57.11496750151027,56.44924969566711,56.812150134970125,87360000,68.09232022728986,1.240370982532852,0.9981424759578216,0.24222850657503037,53.94174175262451,56.755346133074504,51.128137372174514,0.0,0.0,55.22687093011041,52.30478688361626,1.06136800672292,-0.09403531768912632,56.32666778564453,0
2019-10-16,56.32666778564453,56.53575933506916,56.04547949556907,56.08633553766423,73903200,66.19528475366822,1.2555516879396862,1.0496243183541947,0.20592736958549152,54.08113346099854,57.07174491350555,51.090522008491526,0.0,0.0,55.42683399475297,52.46250770330364,1.0219500773076724,-0.15403846153846157,56.54537963867188,1
2019-10-17,56.54537963867188,56.75446755281839,56.122396137875576,56.49971591783996,67585200,67.13966267857784,1.2705842210447642,1.0938162988923086,0.17676792215245563,54.253210639953615,57.39148953776773,51.1149317421395,0.0,0.0,55.630205930010945,52.622620328220044,0.9941016014244682,-0.0854902088136914,56.81695938110352,1
2019-10-18,56.81695938110352,57.09814772935947,56.30745241628178,56.37955283902993,97433600,68.32303614979355,1.2895467353120154,1.1329623861762501,0.15658434913576524,54.47768135070801,57.67458142086429,51.28078128055173,0.0,0.0,55.845979284755046,52.787104212646845,0.9795725808282699,0.44164106934654335,57.80231475830078,1
2019-10-21,57.80231475830078,57.91767689190389,57.03565787328163,57.08372359535983,87247200,72.23052449306616,1.368311564496544,1.180032221840309,0.18827934265623503,54.73952312469483,58.11965029777298,51.359395951616676,0.0,0.0,56.20167664358154,52.98377913600583,0.988225790111991,-0.10454709668943774,57.670143127441406,0
2019-10-22,57.670143127441406,58.20848515863878,57.58842735440891,57.95854116803715,82293600,70.96597921834702,1.4038850006894137,1.22480277761013,0.17908222307928368,55.00725421905518,58.42501512987937,51.589493308230985,0.0,0.0,56.46867054973788,53.16755811606213,0.9619280768346968,-0.056776607157593584,58.44400024414063,1
2019-10-23,58.44400024414063,58.45842326091589,57.97295104383975,58.18444461705697,75828800,73.85235822165099,1.477489428660519,1.2753401078202078,0.20214932084031112,55.273421669006346,58.885637012786056,51.66120632522664,0.0,0.0,56.82782140326565,53.37447741520247,0.9495246523089677,-0.0785577493268006,58.540130615234375,1
2019-10-24,58.540130615234375,58.83333625721578,58.11474150069101,58.763637850238034,69275200,74.19554097431714,1.5259877487973768,1.3254696360156417,0.20051811278173504,55.55809478759765,59.256796665579486,51.85939290961582,0.0,0.0,57.13915035089633,53.57705205049784,0.9330296597529533,-0.08642626548224419,59.26113510131836,1
2019-10-25,59.26113510131836,59.29718347709064,58.37190638286585,58.43919912909384,73477200,76.66891550730494,1.6041108617683193,1.3811978811661774,0.22291298060214193,55.891676139831546,59.66199304761514,52.12135923204795,0.0,0.0,57.524965760063964,53.799957268177074,0.9324759050723701,0.06065662747996403,59.85475158691406,1
2019-10-28,59.85475158691406,59.902817306683154,59.29477696701474,59.46300881979624,96572800,78.49642043271326,1.6943919848925688,1.4438367019114557,0.25055528298111307,56.19305286407471,60.21061095843693,52.175494769712486,0.0,0.0,57.94856318312762,54.037400182637356,0.911704926521829,0.3143233547277251,58.47044372558594,0
2019-10-29,58.47044372558594,60.02299199906073,58.29740784317792,59.83553309820382,142839600,65.59330559091802,1.6353866310532936,1.4821466877398235,0.15323994331347013,56.41776371002197,60.41691755275737,52.41860986728658,0.0,0.0,58.04345055448367,54.21124502745887,0.9698391571904702,0.47908727923390426,58.46321868896485,0
2019-10-30,58.46321868896485,58.953498506371375,57.97054053655013,58.82371704469009,124522000,65.53275823137707,1.569944124342733,1.4997061750604055,0.07023794928232752,56.70976657867432,60.39882397928073,53.02070917806791,0.0,0.0,58.119772033480245,54.37798909261597,0.9707762152355254,-0.12823894774278277,59.78505706787109,1
2019-10-31,59.78505706787109,59.88359418347861,57.02123582867412,59.41975464010306,139162000,70.83666483043814,1.606226200600858,1.521010180168496,0.08521602043236198,57.045510864257814,60.56693092520765,53.52409080330798,0.0,0.0,58.42255113064221,54.59003097399852,1.1058892252047368,0.11756958609723589,61.48180389404297,1
2019-11-01,61.48180389404297,61.50823692360431,59.88119007430968,59.972513844449246,151125200,75.95217071847631,1.7517007798071091,1.5671483000962187,0.1845524797108904,57.39170951843262,61.21524374377283,53.56817529309241,1.0,0.0,58.97877890580599,54.86029657870615,1.1499814130996284,0.08596599646455205,61.885555267333984,1
2019-11-04,61.885555267333984,61.969673022918535,61.37605206348472,61.84469555712721,103272000,76.9866297024299,1.8779222744357114,1.6293030949641174,0.24861917947159395,57.75749492645264,61.823274869165225,53.69171498374005,1.0,0.0,59.50728369881108,55.13579691943665,1.1102413806949274,-0.31664606564623243,61.79663848876953,0
2019-11-05,61.79663848876953,62.0513901112309,61.60196993451809,61.777407799701365,79897600,76.20913255444401,1.9483198588383246,1.6931064477389588,0.2552134110993658,58.15079822540283,62.18139194214437,54.12020450866129,0.0,0.0,59.92353002425807,55.39700639274382,1.0630398661247764,-0.22633821364939188,61.82307052612305,1
2019-11-06,61.82307052612305,61.88315359336873,61.37365035662275,61.71011406632682,75864400,76.28580221448318,1.9833801247108696,1.7511611831333411,0.23221894157752843,58.51381950378418,62.49385667848123,54.533782329087124,0.0,0.0,60.268901024597156,55.6490089077783,1.0235015354548627,-0.05047961390579947,62.53659057617188,1
2019-11-07,62.53659057617188,62.75836332673703,62.218397769161385,62.3702628523427,94940400,78.31717380450624,2.0451653498318834,1.8099620164730497,0.2352033333588337,58.875746154785155,62.93592407558515,54.81556823398516,0.0,0.0,60.68120821579256,55.919110149676094,1.0172009115376572,0.25144863730550826,62.7077522277832,1
2019-11-08,62.7077522277832,62.7800654404132,61.91468299950218,62.35822120185219,69986400,78.78660937709284,2.0839197707836377,1.8647535673351674,0.21916620344847026,59.17268886566162,63.43665851169065,54.90871921963259,0.0,0.0,61.049670763427216,56.18533140764108,1.0063567350643259,-0.2628385808359771,63.20432662963867,1
2019-11-11,63.20432662963867,63.26940852518434,62.259392237784176,62.26421066680897,81821200,80.13063236245807,2.130147320443328,1.9178323179567998,0.21231500248652813,59.49854679107666,63.94511417839085,55.05197940376247,0.0,0.0,61.44142637546565,56.46058612222922,1.0066181316597427,0.16910142541979578,63.14645004272461,0
2019-11-12,63.14645004272461,63.34652881203322,62.89575939265847,63.047617104065104,87388800,79.4984266613209,2.137473367283924,1.9617605278222248,0.17571283946169935,59.82811946868897,64.32990032551201,55.32633861186593,0.0,0.0,61.75143067860364,56.722776864209436,0.9669146522108146,0.0680459343055344,63.751502990722656,1
2019-11-13,63.751502990722656,63.82622908514769,62.93192148786903,62.946384128313966,102734400,81.17091891912894,2.1671208087539284,2.0028325840085657,0.16428822474536275,60.19936122894287,64.70949470580216,55.68922775208358,0.0,0.0,62.11508018989801,56.99841318289623,0.9617284340013745,0.17560145007140493,63.31038284301758,0
2019-11-14,63.31038284301758,63.85034108012296,63.18021171215137,63.57794906917557,89182800,76.28480951134414,2.1304632561428036,2.0283587184354133,0.10210453770739036,60.537611389160155,64.913571409519,56.16165136880132,0.0,0.0,62.33240794501065,57.245941404861775,0.9408999292849615,-0.13190907816661213,64.06248474121094,1
2019-11-15,64.06248474121094,64.06730317075748,63.399586537701325,63.56108852589213,100206400,78.64509649830906,2.13746090046412,2.050179154841155,0.08728174562296509,60.89988765716553,65.18245066066328,56.61732465366779,0.0,0.0,62.64696736250161,57.51325682981665,0.9277585291746003,0.12360679413519193,64.38545989990234,1
2019-11-18,64.38545989990234,64.4650044028249,63.6936367950426,64.07208560229782,86703200,79.58475471497967,2.144349256674566,2.0690131752078376,0.07533608146672854,61.229044914245605,65.52064357657237,56.93744625191884,0.0,0.0,62.963056914756294,57.78275498942785,0.9165877490751504,-0.1347538680164141,64.19023132324219,0
2019-11-19,64.19023132324219,64.60243134404664,63.9732843310493,64.57832448794083,76167200,77.36862026186569,2.1097352987961884,2.077157599925508,0.032577698870680294,61.55504932403564,65.7039373897487,57.406161258322584,0.0,0.0,63.186179534481,58.03402857114607,0.8960562679267351,-0.12151800625582443,63.442962646484375,0
2019-11-20,63.442962646484375,64.13960443972219,62.77042035286797,64.0094406588,106234400,69.4022934432318,1.9989623570270751,2.061518551345822,-0.0625561943187467,61.80499744415283,65.7724265862962,57.83756830200946,0.0,0.0,63.23286737302706,58.24614363292404,0.933467318101555,0.3947525969183585,63.158538818359375,0
2019-11-21,63.158538818359375,63.640646649849145,62.95845994871737,63.56350763127917,121395200,66.59176691933463,1.8667051615794605,2.02255587339255,-0.1558507118130894,62.03591785430908,65.74559989228011,58.32623581633805,0.0,0.0,63.2193530903602,58.43878658137248,0.9155187026037137,0.14271083566151832,63.103065490722656,0
2019-11-22,63.103065490722656,63.44053935025517,62.87647432295545,63.298318486465696,65325200,66.03012577587921,1.7373866357440093,1.9655220258628419,-0.22813539011883255,62.228014373779295,65.73543700043784,58.72059174712076,0.0,0.0,63.1982098904261,58.62169947977837,0.8904148686534283,-0.4618798766343315,64.20951080322266,1
2019-11-25,64.20951080322266,64.22638633771652,63.28145203899359,63.327252857545794,84020400,71.24030914266521,1.7045328682291299,1.9133241943360995,-0.2087913261069696,62.44575233459473,65.87666541605738,59.01483925313208,0.0,0.0,63.38208278366183,58.840829335599715,0.9070510099634594,0.28618664772553326,63.7081298828125,0
2019-11-26,63.7081298828125,64.39995331834635,63.27664139219919,64.34692117225768,105207600,66.27941171404774,1.6193716622149026,1.8545336879118601,-0.23516202569695754,62.70763664245605,65.64956368390565,59.76570960100644,0.0,0.0,63.44136407441649,59.03170386686296,0.9224982182622953,0.25216733079109366,64.56385040283203,1
2019-11-27,64.56385040283203,64.59760146667433,63.95398456897874,64.01906644818817,65235600,70.10565297335862,1.6024581472797905,1.8041185797854462,-0.20166043250565568,63.012668228149415,65.32974543795234,60.695591018346484,0.0,0.0,63.64545249776477,59.24865078984214,0.9201391729479766,-0.3799345294446409,64.42162322998047,0
2019-11-29,64.42162322998047,64.60241356645375,64.09619915305304,64.26493974297915,46617600,68.7101416461027,1.5595994292281787,1.755214749673993,-0.1956153204458142,63.244496536254886,65.10659358460609,61.38239948790369,0.0,0.0,63.78657444907671,59.451512454161296,0.8905731186946007,-0.28539631734819637,63.676788330078125,0
2019-12-02,63.676788330078125,64.66269773145665,63.505642149829725,64.42646230113999,94487200,61.77500187603407,1.4488304196031834,1.6939378836598311,-0.24510746405664774,63.35424575805664,65.03804622710089,61.670445289012385,0.0,0.0,63.766613336531506,59.61720954733451,0.9096075803326235,1.0268568094453596,62.54142379760742,0
2019-12-03,62.54142379760742,62.56070486863775,61.779692755265934,62.26661887986274,114430400,52.99439901816462,1.2549643049750685,1.6061431679228786,-0.3511788629478101,63.38703918457031,64.9781419281521,61.79593644098853,0.0,0.0,63.54385160218167,59.73188461597267,0.980142437081164,0.21106774250903837,63.09343338012695,1
2019-12-04,63.09343338012695,63.47188969636738,62.83791688344509,62.93193141754983,67181600,56.25037979134072,1.1328082638580241,1.5114761871099078,-0.3786679232518837,63.45187892913818,64.87531040615801,62.028447452118364,0.0,0.0,63.4619573799899,59.86371005770421,0.9765941129153634,-0.4129042632027853,64.01905822753906,1
2019-12-05,64.01905822753906,64.09379166553936,63.33206085496577,63.58757726755583,74424400,61.114387324054746,1.098031487119897,1.4287872471119059,-0.3307557599920088,63.56167831420898,64.79117766698778,62.33217896143019,0.0,0.0,63.563248443180655,60.026664887893816,0.978291553808009,0.10780928111268562,65.25566101074219,1
2019-12-06,65.25566101074219,65.32556866060735,64.43366681014422,64.47706207759182,106075600,66.47664124075868,1.156917921245892,1.3744133819387032,-0.21749546069281123,63.6976318359375,65.03982769321686,62.355435978658136,1.0,0.0,63.87095981910093,60.23172355937807,1.0017357594694571,0.42527988132924155,64.34207916259766,0
2019-12-09,64.34207916259766,65.27736166371423,63.85755870346598,65.08452157936348,128042400,59.904323888142486,1.1169914424755731,1.3229289940460773,-0.2059375515705042,63.77934818267822,65.06848340352948,62.490212961826956,0.0,0.0,63.956617881554884,60.3929139751906,1.031597702382228,0.20708626677577113,64.7181167602539,1
2019-12-10,64.7181167602539,65.10139135960284,64.086549723577,64.7470420347139,90420400,61.587726365936355,1.1029780672694045,1.2789388086907427,-0.17596074142133822,63.855037689208984,65.17756607952825,62.53250929888973,0.0,0.0,64.09507222313653,60.562529770683284,1.0304008404996297,-0.29382454561926363,65.27014923095703,1
2019-12-11,65.27014923095703,65.34970112214458,64.72295963208492,64.79768573812183,78756800,63.9786641393676,1.123466154816164,1.247844277915827,-0.12437812309966301,63.961222648620605,65.37687416129846,62.545571135942744,0.0,0.0,64.3087225881948,60.747142298537156,1.0019139491704185,-0.12899301485063108,65.43647766113281,1
2019-12-12,65.43647766113281,65.70163837389192,64.43851852305019,64.54940123697496,137310400,64.6917808621595,1.1399834069558068,1.2262721037238231,-0.08628869676801632,64.04547138214112,65.59536067249529,62.495582091786936,0.0,0.0,64.51376896509261,60.93103780295267,1.0205715135755125,0.7434735794242529,66.3259506225586,1
2019-12-13,66.3259506225586,66.36210722075081,65.30870330727501,65.43646152513958,133587600,68.30536003495466,1.210888118153818,1.2231953066098222,-0.012307188456004203,64.19624977111816,65.99715687675948,62.395342665476846,1.0,0.0,64.84325653917733,61.142603011564674,1.022916684996962,-0.027112294480243326,67.46131896972656,1
2019-12-16,67.46131896972656,67.68550461462198,66.76709014300219,66.77190857113695,128186000,72.21440114346692,1.3432116418790088,1.2471985736636595,0.09601306821534927,64.36619148254394,66.65885421825435,62.07352874683353,1.0,0.0,65.31926789018628,61.39039579423769,1.0469622069302778,-0.0404348906635047,67.59391784667969,1
2019-12-17,67.59391784667969,67.92174758501162,67.20581728332861,67.3914334748193,114158400,72.63883185019813,1.4421543513137607,1.28618972919368,0.15596462212008078,64.52661437988282,67.21676858321739,61.83646017654824,1.0,0.0,65.73284060954872,61.633671168843264,1.0233170708411865,-0.10943160719579359,67.43238830566406,0
2019-12-18,67.43238830566406,67.95306540143068,67.28293612524905,67.44685094529272,116028400,71.21179314197904,1.490353213253556,1.3270224260056551,0.16333078724790084,64.6887222290039,67.65484554540919,61.72259891259862,0.0,0.0,66.04184928156968,61.861071840875454,0.9980893712226465,0.016380748153443037,67.4998779296875,1
2019-12-19,67.4998779296875,67.77950120181951,67.24195597172216,67.37453261033633,98369200,71.46404193290887,1.5165155598435263,1.3649210527732294,0.15159450707029687,64.89156799316406,68.03854079240806,61.74459519392007,0.0,0.0,66.30694539940927,62.08220149141711,0.9651933611422683,-0.15219722068045405,67.36007690429688,0
2019-12-20,67.36007690429688,68.13385757058333,67.14794837558046,68.03261909048223,275978000,70.09393967967998,1.5085786776837864,1.3936525777553408,0.1149260999284456,65.10164489746094,68.31799963551913,61.88529015940276,0.0,0.0,66.49842385484338,62.28917699780455,0.9666730635608831,1.8055326260658826,68.45928192138672,1
2019-12-23,68.45928192138672,68.51954537378231,67.58425541558223,67.62282490788083,98572000,74.27075667581583,1.572854413221819,1.4294929448486364,0.14336146837318253,65.36945571899415,68.76267374977083,61.976237688217466,0.0,0.0,66.8549435033058,62.53114189676856,0.9804441639840652,-0.642826602120459,68.52434539794922,1
2019-12-24,68.52434539794922,68.67380489910754,68.19892872751366,68.62559120758853,48478800,74.49779917086639,1.6104788775062246,1.4656901313801542,0.1447887461260704,65.58519744873047,69.19758197482126,61.972812922639676,0.0,0.0,67.1584711205137,62.766169485050156,0.9443321645276231,-0.5081889380351419,69.88392639160156,1
2019-12-26,69.88392639160156,69.90080192756368,68.62803782360339,68.65696311017838,93121200,78.72296490643103,1.7300603019804441,1.5185641655002122,0.2114961364802319,65.89398727416992,69.85113964861948,61.93683489972035,1.0,0.0,67.65400844252966,63.0452972068757,0.9751981906052541,0.9208643778311345,69.85741424560547,0
2019-12-27,69.85741424560547,70.86261220178719,69.45244547671278,70.17560714532725,146266000,78.45001459277498,1.8019187362670408,1.5752350796535781,0.22668365661346268,66.15866546630859,70.420910717971,61.896420214646184,0.0,0.0,68.05462767945254,63.312439051531776,1.006267371638765,0.570705703964296,70.2719955444336,1
2019-12-30,70.2719955444336,70.55403170483157,68.75335966764395,69.77542534439749,144114400,79.63888164730407,1.8707554053580253,1.6343391447944677,0.23641626056355758,66.45118408203125,70.99044610831984,61.91192205574265,0.0,0.0,68.45778547308545,63.58536283556714,1.063010562035112,-0.01471018555234982,70.78545379638672,1
2019-12-31,70.78545379638672,70.79268511683624,69.78990032835488,69.88873327875099,100805600,81.03439239661125,1.9443277513217652,1.6963368660999272,0.247990885221838,66.80661735534667,71.5307355725224,62.08249913817095,0.0,0.0,68.88099789550385,63.86771934383457,1.0587087210669872,-0.3005168116440827,72.4005355834961,1
2020-01-02,72.4005355834961,72.46079905454006,71.15669665838297,71.40980029421532,135480400,84.60795869059184,2.1086507546659448,1.7787996438131308,0.32985111085281393,67.29957294464111,72.19500766378849,62.40413822549373,1.0,0.0,69.52091383877516,64.20233958852718,1.1027541880017269,0.3439769219170363,71.69661712646484,0
2020-01-03,71.69661712646484,72.4559349891833,71.47243889814949,71.62912236880935,146322800,77.73324818946259,2.157210601116404,1.8544818352737855,0.3027287658426183,67.729732131958,72.58293837977489,62.87652588414111,0.0,0.0,69.91649625471874,64.49623282530905,1.0942357525040187,0.08002928836938783,72.26793670654297,1
2020-01-06,72.26793670654297,72.3065062028637,70.56851011431775,70.81920816221287,118387200,79.20978289961513,2.2162478193830566,1.92683503209564,0.2894127872874166,68.14217605590821,73.06542812231766,63.21892398949876,0.0,0.0,70.34403088232314,64.80100552653391,1.1402186336498714,-0.19091761502650306,71.92804718017578,0
2020-01-07,71.92804718017578,72.53308721808551,71.70868733859578,72.27757077764687,108872000,75.9817393830121,2.2101319704016333,1.9834944197568387,0.22663755064479463,68.47579536437988,73.47513269548519,63.47645803327457,0.0,0.0,70.63203384556907,65.0804973560885,1.1176601512098616,-0.08037355389771872,73.08511352539062,1
2020-01-08,73.08511352539062,73.38643082203993,71.63155918060959,71.63155918060959,132079200,79.10374812767917,2.2724552504999735,2.041286585905466,0.2311686645945077,68.91294708251954,73.91900422422326,63.906889940815816,0.0,0.0,71.07804833280935,65.39440387253173,1.1631752576541816,0.21316040855316332,74.63749694824219,1
2020-01-09,74.63749694824219,74.83033706552648,73.81068409472688,74.06137477592067,170108400,82.40774413083442,2.419223959516742,2.116874060627721,0.302349898889021,69.40891609191894,74.61578088941212,64.20205129442576,1.0,0.0,71.72522080834258,65.75687811079489,1.204750134974301,0.2879272436538076,74.80622863769531,1
2020-01-10,74.80622863769531,75.37030104945943,74.30483992947904,74.87131787710281,140644800,82.72742059187681,2.520104262782368,2.1975201010586507,0.3225841617237175,69.88572006225586,75.23384040797896,64.53759971653275,0.0,0.0,72.28540405004307,66.11175460204589,1.1948009196175928,-0.17320485055411727,76.40443420410156,1
2020-01-13,76.40443420410156,76.43095395568463,75.00391177805751,75.12203317921409,121532000,85.42837775916985,2.6979145824584094,2.2975989973386026,0.4003155851198068,70.43411788940429,76.0855783863805,64.78265739242808,1.0,0.0,73.03431862350826,66.51538909624416,1.225509805215573,-0.1358941105536785,75.37271881103516,0
2020-01-14,75.37271881103516,76.55147571173875,75.24978634537415,76.3417600315841,161954400,77.05199800469147,2.724177114011738,2.3829146206732297,0.3412624933385082,70.88645629882812,76.59812100856666,65.17479158908958,0.0,0.0,73.45948229396768,66.8627353595693,1.2309512024405034,0.3326070499950631,75.04969787597656,0
2020-01-15,75.04969787597656,76.05248268254357,74.61820946436237,75.17263768221467,121923600,74.58614159472225,2.6879403662609462,2.443919769790773,0.24402059647017316,71.26587524414063,77.02499685715794,65.50675363112332,0.0,0.0,73.74861239978748,67.1837927131539,1.2454742035648392,-0.2471732784042916,75.98980712890625,1
2020-01-16,75.98980712890625,76.10069718746519,75.23048903454546,75.5920697800867,108829200,76.90286570711491,2.7039124231997533,2.495918300472569,0.2079941227271842,71.68566970825195,77.53622732695435,65.83511208954955,0.0,0.0,74.15610235053634,67.52912661181087,1.2315831398451096,-0.10739840359044517,76.83109283447266,1
2020-01-17,76.83109283447266,76.83349837052724,75.93195936574989,76.23809509330889,137816400,78.76813571984682,2.7527234366505695,2.5472793277081696,0.20544410894239995,72.15560493469238,78.07359980400476,66.23761006538,0.0,0.0,74.64246425670657,67.89390960093486,1.208008558768841,0.26635498561047943,76.31040954589844,0
2020-01-21,76.31040954589844,76.90098699093934,76.1730071029982,76.45986173724447,110843200,74.74486036914797,2.7180596271699216,2.58143538760052,0.1366242395694015,72.59613151550293,78.37226604319866,66.8199969878072,0.0,0.0,74.94572703655963,68.22396842230599,1.1737207965668628,-0.19571836153026778,76.58281707763672,1
2020-01-22,76.58281707763672,77.1348251407198,76.48880253772091,76.79493830286927,101832400,75.45132022104296,2.6816568487448933,2.601479679829395,0.08017716891549842,73.05726852416993,78.5535053726826,67.56103167565726,0.0,0.0,75.24337977130091,68.55176640878955,1.1487704250136126,-0.08129321419807445,76.95161437988281,1
2020-01-23,76.95161437988281,77.03115890447519,76.08863757604202,76.63583446102108,104472000,76.41328352721112,2.651995689203659,2.6115828817042477,0.04041280749941123,73.48188514709473,78.80093695714501,68.16283333704445,0.0,0.0,75.55396788195216,68.88117221157752,1.1340383466864383,0.025921023171407098,76.7298583984375,0
2020-01-24,76.7298583984375,77.93994620320352,76.53942377731238,77.1975035046655,146537600,74.52229507089213,2.580844780055159,2.6054352613744305,-0.02459048131927144,73.89216079711915,78.87346922938909,68.9108523648492,0.0,0.0,75.76776615767676,69.1889638267485,1.1530729237724884,0.40264951374530966,74.47359466552734,0
2020-01-27,74.47359466552734,75.1533609751762,73.49250366771739,74.74116092508633,161940000,58.62560934312427,2.3157015787516286,2.5474885248498707,-0.23178694609824202,74.12164421081543,78.75383673784928,69.48945168378158,0.0,0.0,75.53246225001323,69.39620425179866,1.301950195697319,0.10510885943266435,76.58039093017578,1
2020-01-28,76.58039093017578,76.7515370876536,75.25459488094803,75.35342783283777,162234000,65.93312873918477,2.249642059482909,2.4879192317764787,-0.2382771722935697,74.45779304504394,78.76796463086855,70.14762145921934,0.0,0.0,75.7229947373155,69.67793706271542,1.3716639261565289,0.001815487217488032,78.18339538574219,1
2020-01-29,78.18339538574219,79.0294966511186,77.46987813568431,78.20991513135742,216229200,70.24005436929716,2.300124078625444,2.450360201146272,-0.15023612252082774,74.85336303710938,79.00348581140646,70.70324026281229,0.0,0.0,76.17034030975671,70.01148444793215,1.44862405435555,0.3328229594289729,78.07009887695312,0
2020-01-30,78.07009887695312,78.12313101118072,76.8359045055242,77.26739289963146,126743200,69.57059026963952,2.304425379775296,2.421173236872077,-0.11674785709678126,75.2175952911377,79.14859507195135,71.28659551032405,0.0,0.0,76.51575095833788,70.32750854318788,1.441400256202867,-0.41384789843369907,74.60855865478516,0
2020-01-31,74.60855865478516,77.78323285410741,74.31447274556798,77.36138873428479,199588400,52.961662353236235,2.0053998244374185,2.3380185543851457,-0.33261872994772723,75.32799644470215,79.05506307457662,71.60092981482768,0.0,0.0,76.16898872132828,70.49539286128973,1.6067021044301721,0.5747464163757898,74.40367889404297,0
2020-02-03,74.40367889404297,75.56796570063159,72.85129158100523,73.35268032975995,173788400,52.16782235077767,1.731923299319348,2.2167995033719863,-0.4848762040526382,75.46334953308106,78.83250866641033,72.09419039975178,0.0,0.0,75.8480232981855,70.64865898022123,1.6859858198013284,-0.1292660294886877,76.86000061035156,1
2020-02-04,76.86000061035156,77.05043515977154,75.60169956180454,76.00666815397705,136616400,59.92368375004201,1.693869938783422,2.1122135904542736,-0.41834365167085164,75.69295272827148,78.77327040290454,72.61263505363841,0.0,0.0,76.03201917312478,70.89224100493223,1.7546122802247026,-0.21389229660897968,77.48674774169922,1
2020-02-05,77.48674774169922,78.28463523931488,76.88411323556181,77.98572352193352,118826800,61.63313978668234,1.6947496133567057,2.02872079503476,-0.3339711816780544,75.97088775634765,78.61437083935638,73.32740467333892,0.0,0.0,76.29651527650195,71.15084911225644,1.7310424479917466,-0.13021569884728335,78.39311218261719,1
2020-02-06,78.39311218261719,78.39552507490272,77.1999001655233,77.7567339114429,105425600,64.0230917241785,1.7484280076584895,1.972662237559506,-0.2242342299010165,76.23628768920898,78.72910737072115,73.7434680076968,0.0,0.0,76.67771471397744,71.43485942874118,1.692798338090866,-0.11277927201607718,77.32755279541016,0
2020-02-07,77.32755279541016,78.14183107037995,76.8370524098855,77.89295663582978,117684000,59.34292484069013,1.6855567357512484,1.9152411371978544,-0.22968440144660596,76.37079048156738,78.79333697227666,73.9482439908581,0.0,0.0,76.79586709241974,71.66594544312035,1.6830312977080675,0.11627536385849346,77.69481658935547,1
2020-02-10,77.69481658935547,77.69481658935547,75.83430131081457,75.914034625019,109348800,60.41696116401493,1.6463873896343557,1.8614703876851548,-0.2150829980507991,76.5152198791504,78.89142070615638,74.1390190521444,0.0,0.0,76.95931245549896,71.90237176258054,1.6957087249104128,-0.07082696033445501,77.22606658935547,0
2020-02-11,77.22606658935547,78.26264398287658,77.00860470842123,78.19015914717811,94323200,58.300064212374565,1.5595437436495274,1.8010850588780294,-0.24154131522850197,76.55630149841309,78.95175249737375,74.16085049945244,0.0,0.0,77.00781320710924,72.11114410872858,1.6641609070207655,-0.137409829828951,79.06000518798828,1
2020-02-12,79.06000518798828,79.06483505188083,77.67548599053883,77.67548599053883,113730400,63.664243020510455,1.6200283679836929,1.7648737206991623,-0.1448453527154694,76.74066581726075,79.30498980568954,74.17634182883195,0.0,0.0,77.38093902181451,72.38364846477798,1.6766328752710942,0.20575213733206676,78.49698638916016,0
2020-02-13,78.49698638916016,78.8231827517843,78.12971776259822,78.33268258573789,94747600,61.067088079075994,1.604041564145433,1.7327072893884166,-0.12866572524298348,76.91303024291992,79.4629277724817,74.36313271335813,0.0,0.0,77.58385672496827,72.6233872069106,1.6233224859938777,-0.16691051820797254,78.51634979248047,1
2020-02-14,78.51634979248047,78.76522420824622,78.00893385896474,78.4656030374421,80113600,61.125824428490226,1.574781273492647,1.7011220862092626,-0.12634081271661568,77.03935737609864,79.64354664819611,74.43516810400116,0.0,0.0,77.75340091906139,72.85448377889374,1.5613916190858497,-0.1544524610649769,77.07867431640625,0
2020-02-18,77.07867431640625,77.25989377012822,76.0179329078446,76.19915236156656,152531200,54.545965892889555,1.4192239562460003,1.6447424602166103,-0.22551850397061002,77.0517364501953,79.65420127022743,74.44927163016318,0.0,0.0,77.63072335494226,73.02013830977658,1.6283219951965655,0.9039364102973777,78.19497680664062,1
2020-02-19,78.19497680664062,78.4245243735885,77.32029218115534,77.32029218115534,93984000,58.2994875911199,1.3702248441626779,1.589838937005824,-0.21961409284314604,77.14596481323242,79.77061598788715,74.5213136385777,0.0,0.0,77.73331489161468,73.22307315279086,1.6081454281955427,-0.3838375361893174,77.39276123046875,0
2020-02-20,77.39276123046875,78.44383521283203,76.88776405995536,77.95575362250639,100566000,54.797450585136,1.2522257235576149,1.5223162943161823,-0.27009057075856746,77.18646202087402,79.80007796687684,74.5728460748712,0.0,0.0,77.6713960441336,73.38659033230765,1.6044258371013373,0.07003319713993861,75.64098358154297,0
2020-02-21,75.64098358154297,77.42902110600791,75.02484049800245,76.98684158821678,129554000,48.01474188156536,1.00576294512301,1.419005624477548,-0.41324267935453807,77.12093048095703,79.8191670941354,74.42269386777866,0.0,0.0,77.30223014184439,73.47499791070904,1.6615511778802035,0.2882485134140764,72.04803466796875,0
2020-02-24,72.04803466796875,73.49779058260468,69.88548651960743,71.82574289040825,222195200,37.705918828768944,0.5145866333563873,1.238121826253316,-0.7235351928969287,76.8868392944336,80.37647437527026,73.39720421359694,0.0,1.0,76.346921873867,73.41903856785649,1.9539758838841563,0.7150778825817805,69.60759735107422,0
2020-02-25,69.60759735107422,73.09909512359589,69.13643119372864,72.71732938397975,230673600,32.58799899127868,-0.07078110778975599,0.9763412394447017,-1.0471223472344577,76.64353942871094,81.26668732002555,72.02039153739632,0.0,1.0,75.12159014245013,73.26957028484541,2.097453601454377,0.038157439944697336,70.7118148803711,1
2020-02-26,70.7118148803711,71.9755209333374,69.22581713906433,69.23306562077462,198054800,36.769951795464756,-0.44051020626187665,0.6929709503033862,-1.1334811565652627,76.3501106262207,81.64778636689654,71.05243488554486,0.0,1.0,74.31981282207212,73.16926615133663,2.144042900941427,-0.14140673228319145,66.08951568603516,0
2020-02-27,66.08951568603516,69.10500967174747,65.95420576749399,67.92104419759342,320605600,28.734162343155802,-1.0938943620914898,0.335597887824411,-1.4294922499159008,75.74541664123535,82.60008833978145,68.89074494268925,0.0,1.0,72.82339516097448,72.89162887818755,2.3307262017939756,0.618772178205224,66.05084991455078,0
2020-02-28,66.05084991455078,67.27106508637516,61.94562839291094,62.16067897498532,426510000,28.677703345117976,-1.596423441881626,-0.05080637811679639,-1.5456170637648297,75.14445419311524,83.09794373814277,67.1909646480877,0.0,1.0,71.59202329798835,72.6233630364763,2.5446340940561356,0.330326107840911,72.20025634765625,1
2020-03-02,72.20025634765625,72.8357338359803,67.1043654657983,68.20617931193843,341397200,46.63628033217027,-1.481399006120398,-0.33692490371751677,-1.1444741024028813,75.02403907775879,83.07861666617879,66.96946148933878,0.0,0.0,71.70261112520069,72.60677061730689,2.8475090817256636,-0.19955639961548377,69.90721130371094,0
2020-03-03,69.90721130371094,73.45427795635602,69.05668336601278,73.37454464911569,319475600,42.35373124779874,-1.5573190784042907,-0.5810037386548716,-0.9763153397494191,74.7992156982422,83.15585700096149,66.4425743955229,0.0,0.0,71.37617479402073,72.50090554618549,2.958229475198348,-0.06421142294078563,73.14983367919922,1
2020-03-04,73.14983367919922,73.30930768219956,70.82781196815235,71.62759322830975,219178400,49.4262209613114,-1.3403826597455577,-0.732879522873009,-0.6075031368725488,74.61370735168457,82.94380493778144,66.2836097655877,0.0,0.0,71.69865822768953,72.52635370826447,2.989934254004796,-0.3139432244590823,70.7770767211914,0
2020-03-05,70.7770767211914,72.37905058025478,70.41221917601806,71.40529829391956,187572800,45.068899147928654,-1.3444229704409594,-0.855188212386599,-0.48923475805436034,74.27822380065918,82.65876099372137,65.89768660759698,0.0,0.0,71.53109795378077,72.4577546107322,2.971911414660251,-0.14420034090950573,69.83712768554688,0
2020-03-06,69.83712768554688,70.26964007470336,67.9524487742093,68.13849804691934,226176800,43.43531706882656,-1.4072490859894486,-0.965600387107169,-0.44164869888227964,73.85042457580566,82.22058351089741,65.48026564071391,0.0,0.0,71.22310335955642,72.3549849273916,2.961391166968955,0.20580809157830982,64.31359100341797,0
2020-03-09,64.31359100341797,67.19376858532901,63.54763339444034,63.728852881306615,286744800,35.330982763530386,-1.8810588083013755,-1.1486920713460105,-0.732366736955365,73.19972648620606,82.3724078482633,64.02704512414883,0.0,0.0,69.96682838571306,72.03963614605931,3.1991128186930675,0.2677905072491962,68.9455337524414,1
2020-03-10,68.9455337524414,69.21132371848606,65.0867678159455,66.96420578722295,285290000,44.6564755035193,-1.8613409776173881,-1.291221852600286,-0.570119125017102,72.76226234436035,81.87000893857044,63.65451575015026,0.0,0.0,69.78113845239093,71.91829879728998,3.3204428112912834,-0.005073500896964789,66.55101776123047,0
2020-03-11,66.55101776123047,67.95003374263217,65.68841155580724,67.0246098194062,255598800,41.3378188190914,-2.0156961924474075,-1.4361167205697103,-0.5795794718776972,72.2285099029541,81.47741705657401,62.979602749334184,0.0,0.0,69.19384378127084,71.70781718803273,3.3159199102443466,-0.10407374951803428,59.978797912597656,0
2020-03-12,59.978797912597656,65.23899494473845,59.92322498627828,61.841735279374994,418474000,33.89282028646596,-2.6379385145846754,-1.6764810793727034,-0.961457435211972,71.27444953918457,81.40255805108673,61.14634102728242,0.0,1.0,67.51838089605754,71.24785564781959,3.5524822577234785,0.6372299087476154,67.16473388671875,1
2020-03-13,67.16473388671875,67.63590721616417,61.11925444136613,64.00427119826284,370732000,45.459135428016054,-2.522151270294131,-1.845615117556989,-0.6765361527371421,70.7078369140625,80.41553115111216,61.00014267701283,0.0,0.0,67.45408143981412,71.08773322581564,3.845669903855124,-0.11408594082308576,58.524208068847656,0
2020-03-16,58.524208068847656,62.60043194062402,57.99021323308223,58.46138297821733,322423600,37.062227024114684,-3.0919650185542906,-2.0948850977564493,-0.9970799207978414,69.70822982788086,80.08782797935933,59.32863167640239,0.0,1.0,65.8304680996384,70.59504596475809,4.2263021002680805,-0.1303054497588555,61.09753036499024,1
2020-03-17,61.09753036499024,62.24524979969269,57.60361793460999,59.80483021639644,324056000,40.582308475959316,-3.2978849513330175,-2.3354850684717627,-0.9623998828612548,68.90917263031005,79.35647978682528,58.46186547379482,0.0,0.0,64.96993396606601,70.22259437261033,4.255968512040552,0.005062904824584713,59.601863861083984,0
2020-03-18,59.601863861083984,60.406478598445545,57.29433564123959,57.93464652653443,300233600,39.20965892050402,-3.5409479251740237,-2.576577639812215,-0.9643702853618086,67.97951698303223,78.26393022820196,57.69510373786249,0.0,0.0,63.99392121970563,69.8060951368642,4.223627527162702,-0.07351321993729476,59.14519119262695,0
2020-03-19,59.14519119262695,61.09269547807698,58.62086339938416,59.7758349784017,271857200,38.778370873591236,-3.7274589246679852,-2.8067538967833694,-0.9207050278846158,67.06713848114013,77.08345749844324,57.05081946383704,0.0,0.0,63.11233394205496,69.38802047238431,4.098499280843425,-0.09451440478347528,55.39032745361328,0
2020-03-20,55.39032745361328,60.8486561237764,55.09070998430256,59.72509337905043,401693200,35.33666493930059,-4.130640901461568,-3.0715312977190092,-1.059109603742559,66.05460567474366,76.48500236488181,55.624208984605495,0.0,1.0,61.70833276233829,68.83909133439329,4.217031199317026,0.4775889695031068,54.21360397338867,0
2020-03-23,54.21360397338867,55.21152015646839,51.372084613414366,55.1100377172106,336752800,34.30898703755888,-4.493321065161503,-3.3558892512075085,-1.1374318139539943,65.16288414001465,76.40877814496504,53.91699013506427,0.0,0.0,60.34565480071108,68.26554281043234,4.202832030808589,-0.1616666650070253,59.6525993347168,1
2020-03-24,59.6525993347168,59.84831571056435,56.61294527600062,57.1106940064076,287531200,42.61610595876245,-4.2923862806590805,-3.543188657097823,-0.7491976235612574,64.66513423919677,75.96118065982147,53.36908781857208,0.0,0.0,60.21964471598484,67.92778032118859,4.305109152691953,-0.1461653770956025,59.32398986816406,0
2020-03-25,59.32398986816406,62.39988643227555,59.02920598580545,60.58769224740792,303602000,42.26832518118878,-4.112256520552734,-3.657002229788805,-0.45525429076392854,64.09574298858642,75.26252114681066,52.92896483036219,0.0,0.0,60.05679838001742,67.59037677401116,4.238364245104679,0.05589236924549401,62.44580459594727,1
2020-03-26,62.44580459594727,62.503792458271775,59.52696298189895,59.565624014727966,252087200,46.7170147110464,-3.675232239956202,-3.660648231822285,-0.014584008133916804,63.91355743408203,75.0631583935781,52.76395647458595,0.0,0.0,60.491163146550115,67.38862884545965,4.1627526983191805,-0.16967872411907692,59.86040878295898,0
2020-03-27,59.86040878295898,61.8248250722316,59.69368630258447,61.07095335601888,204216800,43.71279871951012,-3.4971937118644547,-3.6279573278307193,0.13076361596626462,63.60403537750244,74.842468760771,52.36560199423388,0.0,0.0,60.37648053498809,67.09340452928315,4.0619930979651535,-0.1898961946501052,61.56869888305664,1
2020-03-30,61.56869888305664,61.74025490515105,60.2615017965214,60.5852833250574,167976400,46.175736457440415,-3.18157692304559,-3.538681246873694,0.357104323828104,63.072457504272464,73.61862271749175,52.52629229105318,0.0,0.0,60.59324750736418,66.87674940590172,3.906125456838505,-0.17746042441170362,61.44305419921875,0
2020-03-31,61.44305419921875,63.42438602597824,60.88973245903772,61.75958725464871,197002000,46.01625059741405,-2.908064463017368,-3.4125578901024287,0.5044934270850607,62.64924964904785,72.73356421553859,52.564935082557106,0.0,0.0,60.7477578149741,66.66366331936514,3.808163178988649,0.1727957022534119,58.210105895996094,0
2020-04-01,58.210105895996094,60.0972038911912,57.78001201918498,59.56079401122782,176218400,41.99682378284916,-2.9185327482891665,-3.3137528617397765,0.3952201134506099,61.9022632598877,70.92169739240249,52.88282912737291,0.0,0.0,60.286366556978095,66.33215126354675,3.797797393349015,-0.10549943655394356,59.18143081665039,1
2020-04-02,59.18143081665039,59.23458881041172,57.24117510511811,58.072368803656616,165934000,43.591055067828435,-2.8159901547799535,-3.2142003203478122,0.3982101655678587,61.32248096466064,69.43011471770997,53.214847211611314,0.0,0.0,60.08546914964578,66.05173085386454,3.6689128442022003,-0.05836166938299292,58.33091354370117,0
2020-04-03,58.33091354370117,59.3674871060243,57.7413457159516,58.66677342106095,129880000,42.489800967697846,-2.7714069918409976,-3.12564165464645,0.35423466280545224,60.74717025756836,67.93743094862359,53.55690956651313,0.0,0.0,59.76645903947403,65.74895370444638,3.523000597478664,-0.21727915918377183,63.41954040527344,1
2020-04-06,63.41954040527344,63.57417712282975,60.25665875100896,60.62392740731182,201820400,50.54063454726921,-2.2989638297338715,-2.960306089663934,0.6613422599300627,60.70246772766113,67.81416911302577,53.59076634229649,0.0,0.0,60.43065565143756,65.65760416330234,3.6458765247393723,0.5538989836772406,62.685001373291016,0
2020-04-07,62.685001373291016,65.64975569191732,62.58110401279755,65.43228649705053,202887200,49.464204133214395,-1.9612127414065554,-2.7604874200124585,0.7992746786059031,60.389441108703615,66.50342625517943,54.2754559622278,0.0,0.0,60.840536691774545,65.54103150487052,3.6046461786236863,0.005285887848800241,64.2894058227539,1
2020-04-08,64.2894058227539,64.6035165473233,63.1199373363336,63.48478743589154,168895200,51.8752074245024,-1.5462562603792165,-2.5176411880858103,0.9713849277065938,60.276360511779785,66.00162077406472,54.55110024949485,0.0,0.0,61.46760380649806,65.49194814478751,3.4842082497243,-0.1675413727430809,64.7533187866211,1
2020-04-09,64.7533187866211,65.25590475851683,63.95837493137018,64.92487847473,161834800,52.579690257437726,-1.1665194503726184,-2.247416840543172,1.0808973901705534,60.515086555480956,66.56004866900837,54.47012444195355,0.0,0.0,62.06500653015679,65.46298228760452,3.328016933825897,-0.04180343787153218,66.02428436279297,1
2020-04-13,66.02428436279297,66.13301897916537,64.23141674512242,64.8306516969401,131022800,54.54298030458836,-0.7543236193580256,-1.9487981963061427,1.194474576948117,60.45806407928467,66.26799100420087,54.64813715436847,0.0,0.0,62.78487522699973,65.48499413369035,3.2261301695556868,-0.1903916833709437,69.35873413085938,1
2020-04-14,69.35873413085938,69.64868825439446,67.18410032586527,67.65527393314986,194994800,59.303478876236035,-0.1567858942517546,-1.5903957358952652,1.4336098416435106,60.99979038238526,67.90470218360048,54.09487858117003,1.0,0.0,63.980122300428754,65.63690550612836,3.2545782925589584,0.4882508998433861,68.72565460205078,0
2020-04-15,68.72565460205078,69.18474234820361,67.80747910974512,68.23515430833677,131154400,58.06025541550908,0.2626551062456599,-1.2197855674670803,1.4824406737127402,61.38119659423828,69.06441266279334,53.697980525683214,0.0,0.0,64.84294635526912,65.75803292165473,3.1329123445986227,-0.3273953972105923,69.27175903320312,1
2020-04-16,69.27175903320312,69.63661665548292,68.22310307044494,69.43848156432168,157125200,58.861417635802766,0.6318476383940208,-0.8494589262948602,1.481306564688881,61.86469135284424,70.22625403904655,53.50312866664193,0.0,0.0,65.6481850239844,65.89582610249977,3.010098147487149,0.19801699371122883,68.33179473876953,0
2020-04-17,68.33179473876953,69.3345480225858,66.89653644635722,68.7884711835537,215250000,56.848464076854256,0.8389175972062191,-0.5117836215946444,1.3507012188008636,62.32402153015137,71.03937251130617,53.60867054899657,0.0,0.0,66.13611406303623,65.99135428431427,2.9692348209686803,0.36992665721348317,66.91345977783203,0
2020-04-20,66.91345977783203,68.06118282102301,66.89413295001411,67.15992291899424,130015200,53.855606217287345,0.8784480512753987,-0.23373728702063581,1.1121853382960345,62.90017814636231,71.22044754798341,54.5799087447412,0.0,0.0,66.27744964754456,66.02751528406006,2.8598367472391617,-0.39598048780487805,64.84514617919922,0
2020-04-21,64.84514617919922,66.99078550242736,64.13476539316186,66.75640806793423,180991600,49.74296094907579,0.7344147233614393,-0.040106884944220794,0.7745216083056601,63.431755256652835,70.7640026594653,56.099507853840365,0.0,0.0,66.01703083511813,65.98114786818316,2.859564130241043,0.3920803106098363,66.71292114257812,1
2020-04-22,66.71292114257812,67.14784486961675,65.77058148476895,66.11126755910753,116862400,53.21727217466266,0.7621949937455526,0.12035349079373388,0.6418415029518186,63.7847713470459,71.03461110758377,56.53493158650803,0.0,0.0,66.1435563455654,66.0098448593359,2.8197880273965064,-0.354321416021517,66.45436096191406,0
2020-04-23,66.45436096191406,68.07808706003861,66.41569993888298,66.6573258024501,124814400,52.674405427752106,0.7546482966573933,0.2472124519664658,0.5074358446909275,64.1412899017334,71.17672749267437,57.10585231079243,0.0,0.0,66.2000662758106,66.02727686335858,2.737116534093587,0.06804583852462387,68.3729019165039,1
2020-04-24,68.3729019165039,68.38256902010487,66.9303945618597,66.97872270602501,126161200,56.24136746572485,0.893181663730445,0.37640629431926165,0.5167753694111834,64.43764476776123,71.65931017359627,57.21597936192618,0.0,0.0,66.5951273013912,66.11926215956035,2.679337357243388,0.010790421618018353,68.42121887207031,1
2020-04-27,68.42121887207031,68.7522452213369,67.64318307081028,68.09018514896542,117087600,56.33063477784721,0.995394837650764,0.5002040029855621,0.49519083466520186,64.8656852722168,71.9652015386118,57.766169005821794,0.0,0.0,66.92714395060558,66.20953497181564,2.567174842477905,-0.07192068559905895,67.31214904785156,0
2020-04-28,67.31214904785156,69.06393705890572,67.22033738750322,68.88271760948632,112004800,53.626358643335905,0.9756600467657393,0.5952952117415976,0.38036483502414165,65.15285778045654,72.1597309896626,58.14598457125049,0.0,0.0,66.99714487737758,66.25277473950332,2.5154909016868046,-0.04341023302211333,69.52301788330078,1
2020-04-29,69.52301788330078,69.991772685642,68.59517537860054,68.79814023520653,137280800,57.959139818717944,1.1254452881108392,0.701325227015446,0.42412006109539324,65.55685596466064,72.59322899209134,58.52048293722994,0.0,0.0,67.45639451481816,66.38101956867185,2.5272146685513497,0.22566889990428973,70.98968505859375,1
2020-04-30,70.98968505859375,71.16607461666706,69.67282835408629,70.06184250590752,183064000,60.58975867567166,1.3469719010044656,0.83045456181325,0.5165173391912157,66.19583492279052,72.7521714016418,59.63949844393924,0.0,0.0,68.09881097732281,66.56175154866878,2.4640605303238448,0.33350038752687916,69.8468017578125,0
2020-05-01,69.8468017578125,72.24614521202258,69.06876605288338,69.16541493960355,240616800,57.56692424886024,1.414012352627978,0.9471661199761956,0.4668462326517824,66.72910346984864,72.6175315643429,60.84067537535438,0.0,0.0,68.41662748286639,66.69057704706657,2.5150118609535137,0.31438622558231,70.83506774902344,1
2020-05-04,70.83506774902344,70.96312921364829,69.18234705743826,69.87098252239187,133568000,59.45080753630967,1.5292588555905553,1.0635846670990676,0.4656741884914877,67.35431118011475,72.08463003040038,62.62399232982912,0.0,0.0,68.85634389489493,66.85310609420213,2.4625668820432645,-0.4448932909090304,71.89822387695312,1
2020-05-05,71.89822387695312,72.72941781329797,71.1491818865001,71.29415894494899,147751200,61.43442173428359,1.6869344238936321,1.1882546184579805,0.4986798054356516,67.77824535369874,72.54164539992905,63.01484530746842,0.0,0.0,69.40941298254188,67.05095385038844,2.421979966488355,0.10618711068519415,72.6399917602539,1
2020-05-06,72.6399917602539,73.27063178737225,72.21472783850132,72.59891211487862,142333600,62.80169041318071,1.850417456144882,1.3206871859953608,0.5297302701495212,68.27599487304687,72.8844708076613,63.667518938432444,0.0,0.0,69.99679094212588,67.27013180763807,2.3470105339119818,-0.036667045682200916,73.39144134521484,1
2020-05-07,73.39144134521484,73.73697195261609,72.9637661985266,73.26579854405584,115215200,64.18689063735339,2.017359770741521,1.460021702944593,0.5573380677969282,68.73109664916993,73.47077596365303,63.99141733468684,0.0,0.0,70.61400010632387,67.51018316205284,2.2577226523727103,-0.19052704350905192,75.1382827758789,1
2020-05-08,75.1382827758789,75.19158466112692,73.72336874196486,74.05044815626871,133838400,67.24083094463981,2.2645143504842764,1.6209202324525298,0.6435941180317466,69.2503448486328,74.3915459438302,64.10914375343542,1.0,0.0,71.43659695533387,67.80932432337934,2.225038414054094,0.16163839493400167,76.32062530517578,1
2020-05-11,76.32062530517578,76.81487118254181,74.43810496971201,74.64646961486733,145946400,69.1578967179463,2.5266654697083055,1.802069279903685,0.7245961898046205,69.76516189575196,75.53474439610814,63.99557939539579,1.0,0.0,72.32460210985057,68.1431008324694,2.2358761139666443,0.09046730983036255,75.44840240478516,0
2020-05-12,75.44840240478516,77.45448015586908,75.3272624261115,77.00383559042835,162301200,66.08548728610538,2.6336815799556916,1.9683917399140864,0.6652898400416052,70.06964530944825,76.3421288257789,63.797161793117596,0.0,0.0,72.89256579983868,68.42958324707003,2.2281148008088536,0.11206031803456606,74.53743743896484,0
2020-05-13,74.53743743896484,76.54836579208815,73.46171369194431,75.62769739388037,200622400,62.94044840386008,2.614843075554674,2.097682007042204,0.5171610685124701,70.36023445129395,76.88995514695966,63.83051375562823,0.0,0.0,73.19163337058889,68.66910694086982,2.2894388936184953,0.2361116245597692,74.99534606933594,1
2020-05-14,74.99534606933594,75.0559160635201,73.05468108965971,73.77667808210235,158929200,63.871203148312624,2.606813105862045,2.1995082268061723,0.40730487905587287,70.64641380310059,77.45593317475871,63.83689443144246,0.0,0.0,73.51958113399743,68.91719474982928,2.268852899350059,-0.2078192664428299,74.5519790649414,0
2020-05-15,74.5519790649414,74.59801285788724,72.73487900802405,72.76880175811006,166348400,62.241222542822015,2.5354462391612884,2.2666958292771957,0.2687504098840927,70.95742301940918,77.88287194801866,64.0319740907997,0.0,0.0,73.70728984871451,69.13816668375524,2.268253910918761,0.04668242210997109,76.30850982666016,1
2020-05-18,76.30850982666016,76.68162311206635,75.18433442581173,75.8748339325949,135178400,65.94877384103737,2.5907601651692005,2.3315086964555967,0.2592514687136038,71.42717552185059,78.46530534961592,64.38904569408525,0.0,0.0,74.18023893561372,69.41935661092799,2.2583532063620595,-0.18737781667872966,75.86754608154297,0
2020-05-19,75.86754608154297,77.17100598439245,75.83604850545491,76.32545133616954,101729600,64.2433618523854,2.569396359266676,2.3790862290178127,0.19031013024886345,71.97829551696778,78.5812565621641,65.37533447177145,0.0,0.0,74.4870220530554,69.67222678624623,2.1923963686888794,-0.24744189900161562,77.3430404663086,1
2020-05-20,77.3430404663086,77.41329633678234,76.68645639876391,76.72522208271401,111504800,67.29129409623764,2.6410807202728677,2.431485127268824,0.20959559300404385,72.50980148315429,79.04282256147727,65.97678040483132,0.0,0.0,75.00629812819234,69.97304300899377,2.146207360585343,0.09609002689482704,76.76640319824219,0
2020-05-21,76.76640319824219,77.74521626092047,76.52896618682993,77.20492931373624,102688800,64.96079059203079,2.6211463410413813,2.4694173700233355,0.15172897101804583,73.0254035949707,79.18227308440251,66.86853410553888,0.0,0.0,75.32631723183776,70.23944929092508,2.079781840121428,-0.07906386092796003,77.26068115234375,1
2020-05-22,77.26068115234375,77.3430554740474,76.40300778879455,76.5047612593345,81803200,66.04629421506891,2.6150872044659508,2.498551336911859,0.11653586755409195,73.4697925567627,79.50100110368068,67.43858400984472,0.0,0.0,75.67801976283884,70.51479171686307,1.9983722576308154,-0.20338732169428408,76.73734283447266,0
2020-05-26,76.73734283447266,78.55686050645615,76.68161577577496,78.37757568234818,125522000,63.7928592740823,2.538790668065687,2.5065992031426245,0.03219146492306235,73.8855987548828,79.60588328210301,68.1653142276626,0.0,0.0,75.87062395768135,70.75881332931836,1.9895774342772707,0.5344387505623251,77.07170104980469,1
2020-05-27,77.07170104980469,77.21707055459125,75.8554578938175,76.59441646239908,112945200,64.62333623879809,2.4767545422735395,2.500630270968808,-0.02387572869526844,74.37357635498047,79.38928845558334,69.3578642543776,0.0,0.0,76.08900161079467,71.00637755365116,1.9447228075984475,-0.10019598158091814,77.10562133789062,1
2020-05-28,77.10562133789062,78.36305531429218,76.47084882755918,76.74704422339656,133560800,64.71176540085983,2.4026315089529504,2.4810305185656367,-0.07839900961268631,74.75270652770996,79.37543727748663,70.1299757779333,0.0,0.0,76.27384156117574,71.24556358440566,1.9409716418223442,0.18252745579272078,77.03050231933594,0
2020-05-29,77.03050231933594,77.80821903420895,76.67435043039059,77.34788852176631,153532400,64.32827403404957,2.3111850909515113,2.4470614330428115,-0.13587634209130028,75.05474739074707,79.43770637657136,70.67178840492278,0.0,0.0,76.41141624447759,71.47242392695195,1.8833214248220593,0.14953189858102078,77.97782897949219,1
2020-06-01,77.97782897949219,78.09896899425175,76.85364609349955,76.9844793797038,80791200,66.98540440408253,2.288770963231215,2.4154033390804925,-0.12663237584927733,75.46129875183105,79.31273161329867,71.60986589036344,0.0,0.0,76.69621855993478,71.72753785058097,1.8377501016742122,-0.47378403516130796,78.33880615234375,1
2020-06-02,78.33880615234375,78.36303562857958,77.27035057638682,77.71130190496551,87642800,67.96463085458103,2.273923076803399,2.387107286625074,-0.1131842098216751,75.83648567199707,79.24912120716215,72.42385013683199,0.0,0.0,76.99487084946368,71.98680327417951,1.7845311695683943,0.08480626602897345,78.77005767822266,1
2020-06-03,78.77005767822266,79.03172416978924,78.08682643155123,78.65861096933926,104491200,69.14217723867218,2.2707782951787436,2.363841488335808,-0.09306319315706446,76.18007736206054,79.30946197374224,73.05069275037884,0.0,0.0,77.31763209105621,72.25281325080866,1.7245573530447957,0.1922394081430534,78.0916976928711,0
2020-06-04,78.0916976928711,78.8912188000404,77.71858439241902,78.59321910796065,87560400,65.08922354294667,2.188322432736186,2.3287376772158837,-0.14041524447969778,76.45266265869141,79.231197221421,73.67412809596182,0.0,0.0,77.45837129138619,72.48178911128169,1.6851342855145524,-0.16203086958518997,80.31582641601562,1
2020-06-05,80.31582641601562,80.37639642085425,78.31217331772173,78.34124573703636,137250400,71.07575195759449,2.2762054878512714,2.3182312393429614,-0.04202575149168997,76.79888191223145,79.68875645749456,73.90900736696834,1.0,0.0,77.97790858677335,72.78900626048694,1.7279603171194524,0.5674939812974815,80.79069519042969,1
2020-06-08,80.79069519042969,80.82461794300563,79.30309967941871,80.01297837924804,95654400,72.17294042825708,2.3570013393864286,2.325985259351655,0.03101608003477363,77.08150253295898,80.34758183046341,73.81542323545455,1.0,0.0,78.48932433289268,73.10279798322979,1.7132144561528435,-0.3030665120101653,83.34188842773438,1
2020-06-09,83.34188842773438,83.73438081455681,80.43937898287314,80.47087656345983,147712400,77.18100667318592,2.5969565087857376,2.3801795092384714,0.21677699954726615,77.43256568908691,81.66304936100597,73.20208201716785,1.0,0.0,79.37160871377299,73.50433094183782,1.8261992686907604,0.5442300615549311,85.48605346679688,1
2020-06-10,85.48605346679688,85.95365197826031,83.85066386558994,84.28918996715056,166651600,80.37739127691088,2.9264051317014292,2.489424633731063,0.4369804979703664,77.9344482421875,83.32646085338726,72.54243563098774,1.0,0.0,80.48332594159551,73.97420241340485,1.8823110031075587,0.1282167238498595,81.38186645507812,0
2020-06-11,81.38186645507812,85.05483286146779,81.28011297568305,84.63084277845434,201662400,62.368677410824674,2.8237712697267483,2.5562939609302,0.2674773087965483,78.27666969299317,83.63151235186214,72.92182703412419,0.0,0.0,80.6466969440469,74.2646990424901,2.048284537965149,0.21008379157475843,82.08446502685547,1
2020-06-12,82.08446502685547,84.26498513269779,80.97482582626513,83.51876594974783,200146000,63.861419192804846,2.767228144051032,2.5984807975543665,0.16874734649666534,78.63112564086914,84.00869274334093,73.25355853839736,0.0,0.0,80.90810932273936,74.57135653207305,2.1369898785699712,-0.007519497933179409,83.09961700439453,1
2020-06-15,83.09961700439453,83.75135081292053,80.5774812512651,80.73981210877636,138808800,65.96231132231034,2.7723733954301366,2.6332593171295207,0.13911407830061595,79.05850753784179,84.43002524271319,73.6869898329704,0.0,0.0,81.30656526485848,74.90579811922292,2.211052713076076,-0.3064622825337504,85.30192565917969,1
2020-06-16,85.30192565917969,85.57328542706455,83.51874869015089,85.1517132659384,165428800,70.03250360338399,2.9204933181695054,2.690706117337518,0.22978720083198745,79.50817832946777,85.367183676423,73.64917298251254,0.0,0.0,82.03299442746233,75.31348939529967,2.229810978047072,0.1917745848966348,85.18321990966797,0
2020-06-17,85.18321990966797,86.10630607045023,85.06207991592963,86.04573607358105,114406400,69.54974650490433,2.993790311030807,2.7513229560761756,0.24246735495463145,79.97396202087403,86.07728116879709,73.87064287295097,0.0,0.0,82.60576269695426,75.7005376507651,2.145126347795181,-0.30842513516388925,85.21715545654297,1
2020-06-18,85.21715545654297,85.63387739334637,84.60903023062069,85.1396240743936,96820400,69.6142327373387,3.0198065705898927,2.8050196789789195,0.2147868916109732,80.36766777038574,86.75079816135559,73.98453737941588,0.0,0.0,83.08056138051585,76.0737383490309,2.065106406004502,-0.15371517677332736,84.73015594482422,0
2020-06-19,84.73015594482422,86.38735014117718,83.62293464807695,85.92217671437545,264476000,67.40802673037038,2.966926965941056,2.837401136371347,0.12952582956970904,80.76585540771484,87.19411950626773,74.33759130916195,0.0,0.0,83.38048766493554,76.41320570572869,2.1150570550827683,1.7316144118388275,86.94700622558594,1
2020-06-22,86.94700622558594,87.08995051171077,85.07660467814306,85.12263846107449,135445200,71.79064547220861,3.068528700183606,2.8836266491337987,0.18490205104980717,81.25017166137695,88.00060914061112,74.49973418214279,0.0,0.0,84.02894558505379,76.82629592219368,2.1325383059258955,-0.48787337981518175,88.80290222167969,1
2020-06-23,88.80290222167969,90.22024192576087,87.77078689158364,88.18993401998509,212155600,74.84079985217778,3.2612108939345887,2.959143498093957,0.3020673958406319,81.8534496307373,89.02619331128979,74.68070595018482,0.0,0.0,84.89693770080395,77.29596675746764,2.2140166912293986,0.5663574641257128,87.23533630371094,0
2020-06-24,87.23533630371094,89.3504433677871,86.86222303304002,88.43220009652119,192623200,68.13914280858842,3.249959936677186,3.017306785810603,0.23265315086658322,82.36163139343262,89.54739328936664,75.1758694974986,0.0,0.0,85.32210108315067,77.68574595535954,2.2336026657663752,-0.0920663890088218,88.39340209960938,1
2020-06-25,88.39340209960938,88.4321677727379,86.63202980327242,87.39036710991999,137522400,70.25801988868783,3.296489820701865,3.073143392788855,0.22334642791300974,82.92602043151855,90.1449093563738,75.7071315066633,0.0,0.0,85.88051944977953,78.10565403944777,2.202640901744883,-0.2860548469758575,85.67745971679688,0
2020-06-26,85.67745971679688,88.50971291769464,85.52966510284091,88.2892372764143,205256800,60.15418669589819,3.07872165006151,3.0742590442433864,0.004462605818123855,83.35836830139161,90.13533779025332,76.5813988125299,0.0,0.0,85.84359949832813,78.40258759542225,2.2581699669669435,0.4925335799840609,87.65204620361328,1
2020-06-29,87.65204620361328,87.74653893980732,85.10810654900735,85.58539837995676,130646000,64.18669236688791,3.0305372856869184,3.065514692532093,-0.034977406845174475,83.84207916259766,90.39101067626247,77.29314764893284,0.0,0.0,86.17240799019815,78.76531146241014,2.285331568669303,-0.3634997719929376,88.38374328613281,1
2020-06-30,88.38374328613281,88.66963931267749,87.22080221413067,87.24018136135113,140223200,65.57690752899458,3.0166189636492504,3.0557355467555247,-0.039116583106274305,84.34432601928711,90.6647402610578,78.02391177751642,0.0,0.0,86.57446895309536,79.142504867262,2.225581963660554,0.07330649235338238,88.2165756225586,0
2020-07-01,88.2165756225586,89.00398569728229,88.16812405423994,88.46128081179627,110737200,64.95651588127001,2.958001559105,3.0361887492254196,-0.07818719012041964,84.8166519165039,90.80327359030456,78.83003024270324,0.0,0.0,86.87303380208867,79.49835077923443,2.126316226473539,-0.21027904084345528,88.2165756225586,0
2020-07-02,88.2165756225586,89.75748041356287,88.10271110979996,89.122707936332,114041600,64.95651588127001,2.878366822677407,3.004624363915817,-0.12625754123841038,85.32289581298828,90.62208461069272,80.02370701528383,0.0,0.0,87.1173141330832,79.84024194956088,2.0926343034227806,0.02984001762731947,90.57638549804688,1
2020-07-06,90.57638549804688,91.0439841546096,89.61210837219791,89.6436059572989,118655600,69.65629761002403,2.971419975684171,2.9979834862694883,-0.026563510585317474,85.83592376708984,91.08323671487,80.58861081930968,0.0,0.0,87.74623619944022,80.2612671867564,2.1451181768962253,0.04045892025366182,90.29534149169922,0
2020-07-07,90.29534149169922,91.73206023970783,90.18389475245895,90.95434344364946,112424400,68.47840407697981,2.9880430668419677,2.995995402383984,-0.007952335542016353,86.31115608215332,91.36262370742632,81.25968845688031,0.0,0.0,88.20970988894186,80.65476029675415,2.102478699064272,-0.05251500982675916,92.39830780029295,1
2020-07-08,92.39830780029295,92.42980537831812,91.18448282629508,91.2717074572722,117092000,72.25861827751207,3.134773079496256,3.0237509378064384,0.11102214168981739,86.76397705078125,92.27256225733649,81.25539184422601,1.0,0.0,88.97127314555115,81.11529157140274,2.104763355318174,0.0415176776571633,92.79566192626952,1
2020-07-09,92.79566192626952,93.34320967936996,91.74901058829924,93.28990778547892,125642800,72.91945728575384,3.245706346417279,3.0681420195286067,0.1775643268886724,87.12945747375488,93.19244633814424,81.06646860936553,0.0,0.0,89.66661656022721,81.57334531080927,2.0682944793004987,0.07302633826392912,92.9579620361328,1
2020-07-10,92.9579620361328,93.01611424728236,91.78048512195744,92.39102788555245,90257200,73.20027448187841,3.3085787854309245,3.1162293727090704,0.19234941272185413,87.70826225280761,93.67543131894188,81.74109318667335,0.0,0.0,90.26504301039186,82.0198008686651,2.008818382587957,-0.2816365123986412,92.52914428710938,0
2020-07-13,92.52914428710938,96.8683794397454,92.31593673037,94.2614445949198,191649200,71.10235440517881,3.2859255336200164,3.1501686048912596,0.13575692872875678,88.23049621582031,93.96102455842006,82.49996787322056,0.0,0.0,90.67669778797686,82.4319319831139,2.1905058345013457,1.1233674432621443,94.06036376953124,1
2020-07-14,94.06036376953124,94.251759639297,90.9785619816464,91.91133403395912,170989200,73.97103684523088,3.3528793772819228,3.1907107593693924,0.16216861791253034,88.77853355407714,94.53786183358672,83.01920527456757,0.0,0.0,91.29190978462312,82.88794891591459,2.2678409647262936,-0.10780112831151922,94.7072525024414,1
2020-07-15,94.7072525024414,96.18273684605153,93.51038868590004,95.93318873658312,153198000,75.09582069801915,3.418730300414069,3.236314667578328,0.18241563283574092,89.24879989624023,95.32315926029163,83.17444053218883,0.0,0.0,91.9128811878628,83.35145101734702,2.2967343358280936,-0.10404867675853213,93.54190063476562,0
2020-07-16,93.54190063476562,94.39714888824498,92.94346863459394,93.58066632878568,110577600,69.28714606608243,3.3384004723934453,3.256731828541352,0.08166864385209349,89.66673393249512,95.71483453630289,83.61863332868735,0.0,0.0,92.20906654184512,83.75107649253991,2.2586664452580485,-0.2782046763012572,93.35292053222656,0
2020-07-17,93.35292053222656,94.14759875840711,92.88047150221618,93.9925433793914,92186800,68.36366015043859,3.2223442118055914,3.2498543051942,-0.02751009338860877,90.07352218627929,95.96210935019131,84.18493502236727,0.0,0.0,92.41703999464173,84.12761939605704,2.1878422174675403,-0.1663157818581702,95.3202133178711,1
2020-07-20,95.3202133178711,95.45831468469304,93.09608481622666,93.44012565034129,90318000,72.47631105427585,3.251630107786127,3.2502094657125857,0.0014206420735414227,90.60302505493163,96.37790225218404,84.82814785767923,0.0,0.0,92.94488968977433,84.5665446478929,2.200298478253171,-0.020271882742431635,94.00463104248048,0
2020-07-21,94.00463104248048,96.18515083470297,93.75508296201136,96.1100446333636,103433200,66.27192389188247,3.1325725501011163,3.2266820825902918,-0.09410953248917542,90.95590629577637,96.65608137077055,85.2557312207822,0.0,0.0,93.13756993572089,84.93666568297478,2.2167105778559164,0.14521136429061765,94.26871490478516,1
2020-07-22,94.26871490478516,94.94952104533722,93.61940634409748,93.7066235863698,89001600,66.8847529398554,3.0246615232656495,3.1862779707253637,-0.16161644745971415,91.22919692993165,97.01375392853458,85.44463993132871,0.0,0.0,93.34323265736894,85.30262839755558,2.153382300954761,-0.13952580022661965,89.97794342041016,0
2020-07-23,89.97794342041016,94.0797418561393,89.16872914510222,94.00221048521436,197004400,50.750008280003364,2.5633630046465186,3.061694977509595,-0.4983319728630766,91.3663272857666,96.8898065570958,85.84284801443741,0.0,0.0,92.73136188701281,85.48597408472635,2.363853976578202,1.2134927911408333,89.75503540039062,0
2020-07-24,89.75503540039062,90.0990762102355,86.3921882418588,88.17779782726093,185438800,50.07419927415924,2.1549528359872596,2.8803465492051283,-0.7253937132178687,91.43440895080566,96.84198495894678,86.02683294266454,0.0,0.0,92.19021161671787,85.6533882539681,2.4597849759923798,-0.058707318212182114,91.88226318359376,1
2020-07-27,91.88226318359376,91.97433076494784,90.59333922603253,90.81623268150156,121214000,56.08428663641286,1.9801088764557733,2.7002990146552572,-0.720190138199484,91.74464912414551,96.46360072480662,87.0256975234844,0.0,0.0,92.13422099251349,85.89765785905146,2.4426071466041535,-0.34633960098965266,90.37285614013672,0
2020-07-28,90.37285614013672,91.63028980605596,90.3680058085899,91.45342276195278,103625600,51.35978501692132,1.7001489858752024,2.5002690088992465,-0.8001200230240442,91.88068962097168,96.26486110569267,87.49651813625069,0.0,0.0,91.81397283753589,86.07315583085872,2.3762964486327043,-0.14510205091821082,92.10517120361328,1
2020-07-29,92.10517120361328,92.28930638065712,90.81866491806582,90.85500544148256,90329200,55.946487174623925,1.5996226494768706,2.3201397370147716,-0.720517087537901,92.0667610168457,96.14681261118015,87.98670942251125,0.0,0.0,91.8669179950045,86.3097054533197,2.343450290910397,-0.12831192292252103,93.21964263916016,1
2020-07-30,93.21964263916016,93.32382125064892,90.87194916313928,91.27897773393109,158130000,58.648124272261505,1.591537085624637,2.1744192067367445,-0.5828821211121076,92.31691436767578,96.01793529569589,88.61589343965566,0.0,0.0,92.11286793030553,86.58068338217619,2.3511947049532003,0.7505967062699548,102.97867584228516,1
2020-07-31,102.97867584228516,103.1288882338556,97.71150450591124,99.70789639582766,374336800,73.80008610468758,2.3455634425637584,2.2086480539021474,0.13691538866161101,93.05501937866211,98.61293588253491,87.4971028747893,1.0,0.0,94.08846936884729,87.2237419100236,2.891055482791932,1.3672724973123378,105.57351684570312,1
2020-08-03,105.57351684570312,108.19013805785316,104.56078815454649,104.85878784183842,308151200,76.28797477180078,3.1165906291270318,2.3902365689471243,0.7263540601799074,93.80487594604492,101.47006524319009,86.13968664889974,1.0,0.0,96.1766598191847,87.94334092710908,3.0567988208473658,-0.17680762350909662,106.2785415649414,1
2020-08-04,106.2785415649414,107.3688015226526,105.04048696818748,105.76248400195036,173071600,76.9290009344212,3.741396344018952,2.66046852396149,1.080927820057462,94.60403594970703,103.81574591542004,85.39232598399401,1.0,0.0,98.01336559114046,88.6623684031025,3.004764230391491,-0.4383549374462926,106.66375732421876,1
2020-08-05,106.66375732421876,106.98356866072452,105.53473177113482,105.99991256912482,121776800,77.29024763584397,4.219008957919144,2.9721766107530208,1.246832347166123,95.31730842590332,105.8498721491175,84.78474470268914,1.0,0.0,99.58616408806378,89.36830522353844,2.8936265631913627,-0.2963790708585349,110.38516998291016,1
2020-08-06,110.38516998291016,110.8794231758555,106.406937145771,106.99567567916016,202428800,80.47147934108884,4.8419918281021666,3.34613965422285,1.4958521738793165,96.19678382873535,108.52469284905276,83.86887480841794,1.0,0.0,101.54961970530857,90.19249599841577,3.0064022393980148,0.6622936388540346,107.87549591064452,0
2020-08-07,107.87549591064452,110.36334336865978,107.07938502036484,109.90703455219526,198045600,73.0405813182247,5.074702506063645,3.6918522245910097,1.382850281472635,96.94266052246094,110.168864910033,83.71645613488889,0.0,0.0,102.69977901536964,90.88594697536591,3.027786719622822,-0.021653045416462513,109.44342803955078,1
2020-08-10,109.44342803955078,110.46041197638358,106.79538698699508,109.31964010708016,212403600,74.61756506264493,5.324271526076544,4.018336084888117,1.305935441188427,97.788374710083,111.91032801494039,83.66642140522562,0.0,0.0,103.92589701976621,91.61369133082415,3.073303738891799,0.07249845490129547,106.18861389160156,0
2020-08-11,106.18861389160156,109.20558233257064,105.9289051039155,108.7080157903305,187902400,65.98841521508729,5.199484056722312,4.254565679254956,0.9449183774673564,98.39478721618653,112.86170849132682,83.92786594104624,0.0,0.0,104.33730008737264,92.18525692144289,3.1048193958020476,-0.11535209384398382,109.71769714355467,1
2020-08-12,109.71769714355467,109.97497634209525,107.08421855500416,107.27838901940623,165598000,70.03477809383784,5.323985027535372,4.468449548911039,0.8555354786243328,99.14530944824219,114.30976631584912,83.98085258063526,0.0,0.0,105.31555409758755,92.87280359681982,3.1535010425657357,-0.11870204957467279,111.6594467163086,1
2020-08-13,111.6594467163086,112.66186835700262,110.60847874929772,111.09634192240291,210082000,72.00805075649507,5.515753730955765,4.677910385319985,0.8378433456357808,100.05118675231934,115.91685363322779,84.18551987141089,0.0,0.0,106.46898911917319,93.60953469954487,3.138548911914465,0.2686264326863852,111.55995178222656,0
2020-08-14,111.55995178222656,111.64975583547503,109.7517082085606,111.48471014803832,165565200,71.74733468285233,5.595205355920129,4.8613693794400135,0.7338359764801154,100.96153831481934,117.2686351176916,84.65444151194707,0.0,0.0,107.3946186942738,94.31347262435592,3.0506338830454314,-0.21190201921154594,111.26866912841795,0
2020-08-17,111.26866912841795,112.70555595050736,110.64246299694388,112.68128278727484,119561600,70.93756527019102,5.570454532942577,5.003186410140526,0.5672681228020506,101.75896110534669,118.44009875504928,85.0778234556441,0.0,0.0,108.09899150048183,94.97838229118189,2.9800952452252925,-0.2778579073380155,112.1958465576172,1
2020-08-18,112.1958465576172,112.62060097941456,110.68614768785795,111.02109807418744,105633600,72.02008278685686,5.56154477102514,5.11485808231745,0.44668668870769057,102.66852188110352,119.54190146887825,85.79514229332878,0.0,0.0,108.8438742381428,95.65357696829699,2.9054065342489577,-0.11649225169285127,112.33661651611328,1
2020-08-19,112.33661651611328,113.74923011045664,112.24196081309763,112.60360648521876,145538000,72.18945581024268,5.502414273094928,5.192369320472945,0.3100449526219826,103.57191696166993,120.48432386764244,86.65951005569741,0.0,0.0,109.47891828868288,96.3078138133094,2.8088334641482775,0.37776237863710027,114.82933044433594,1
2020-08-20,114.82933044433594,114.94340764743272,112.3608970952543,112.37788905057565,126907200,75.0675791713461,5.592230358471127,5.272341528072582,0.3198888303985452,104.81448631286621,121.1925277500743,88.43644487565811,0.0,0.0,110.45172049880162,97.03414779883984,2.794401868946218,-0.12801330236776653,120.74676513671876,1
2020-08-21,120.74676513671876,121.22976923366336,115.77592204362502,115.78805492165831,338054800,80.28392233510884,6.070916037762558,5.432056430010578,0.6388596077519804,106.36407279968262,122.61354840800774,90.11459719135749,0.0,0.0,112.32354679660473,97.9640543611096,3.0519759346877327,1.6637952771789148,122.19092559814452,1
2020-08-24,122.19092559814452,125.03314486284968,120.32686221834298,124.9481850882098,345937600,81.31156314682606,6.491974130565993,5.644039970121661,0.847934160444332,107.87950592041015,124.09716910970685,91.66184273111345,0.0,0.0,114.11761566961195,98.91412774295411,3.170140699674802,0.02331811292133712,121.1885223388672,0
2020-08-25,121.1885223388672,121.53318353096768,119.4676607314497,121.06474178007431,211495600,78.26236603658487,6.667916545776578,5.848815285252644,0.8191012605239338,109.42028923034668,124.50823053419181,94.33234792650155,0.0,0.0,115.403235064022,99.78763341338207,3.138220997319089,-0.3886307819676149,122.83657836914062,1
2020-08-26,122.83657836914062,123.2928872643826,121.4385268445066,122.5040574463888,163022400,79.61581162100596,6.861244371552843,6.051301102512684,0.8099432690401587,110.95685958862305,124.89380614515918,97.01991303208692,0.0,0.0,116.75475202858901,100.69151360772555,3.064374135047397,-0.22919247492619232,121.36813354492188,0
2020-08-27,121.36813354492188,123.77102883487844,120.22493186903937,123.43850794155522,155552400,75.1273556014241,6.817380324613069,6.2045169469327615,0.6128633776803074,112.36428413391113,124.40887860500833,100.31968966281393,0.0,0.0,117.59354866792225,101.50236144839992,3.098782908675374,-0.045821923858316405,121.1715087890625,0
2020-08-28,121.1715087890625,122.75887130249572,120.94820607750373,122.34139811689964,187630000,74.52153410282655,6.689637796490686,6.301541116844347,0.3880966796463392,113.27392578125,125.09162339505725,101.45622816744275,0.0,0.0,118.24408687176593,102.27370055979846,3.0067745026979895,0.20621732612290145,125.28070068359376,1
2020-08-31,125.28070068359376,127.18360697027764,122.32927082637391,123.86324282555849,225702700,78.43528523624329,6.841118214232154,6.409456536321908,0.43166167791024534,114.25928497314453,126.61839153872451,101.90017840756455,0.0,0.0,119.52347120118915,103.17593585877083,3.221440479734929,0.20291371315887652,130.27096557617188,1
2020-09-01,130.27096557617188,130.87291336835037,126.72730590113318,128.89233580510103,151948100,82.04281586839893,7.279921801167092,6.5835495892909455,0.6963722118761462,115.45890617370605,129.07975347030154,101.83805887711057,1.0,0.0,121.47756108754965,104.23848604376694,3.390781351522192,-0.32677765928365055,127.57196044921876,0
2020-09-02,127.57196044921876,133.96026921891615,123.30015014927834,133.5816315551226,200119000,74.75845549525064,7.325446461132216,6.7319289636592,0.593517497473016,116.50431632995605,130.4696390837411,102.53899357617102,0.0,0.0,122.5856336987622,105.15352425574544,3.9100197599590225,0.3170220621383222,117.35845184326172,0
2020-09-03,117.35845184326172,125.08655566898445,116.989524887776,123.21278864677252,257599600,54.895510950584686,6.4628802351466845,6.678119217956698,-0.2152389828100132,116.85298042297363,130.5351254342667,103.17083541168056,0.0,0.0,121.6352369977621,105.63214886702059,4.386620888636433,0.2872320969023432,117.4361343383789,1
2020-09-04,117.4361343383789,120.09630926936411,107.65949870759528,116.5720628380903,332607200,54.99345810996434,5.719626322829512,6.4864206389312615,-0.7667943161017492,117.33101234436035,130.37846428343957,104.28356040528114,0.0,0.0,120.87176378696515,106.09505025805424,4.961634436717318,0.2911790235699123,109.5332489013672,0
2020-09-08,109.5332489013672,115.52349838716889,109.39732807142671,110.63032628792358,231366600,44.4243102304019,4.441694347288575,6.077475380602724,-1.6357810333141494,117.33550338745117,130.37214970213617,104.29885707276617,0.0,0.0,118.81021562594734,106.22988157739985,5.181432424591238,-0.30438487200517605,113.90216064453124,1
2020-09-09,113.90216064453124,115.66913897859284,111.9021762134314,113.84391097205425,176940500,50.13038229326859,3.738365168216447,5.60965333812547,-1.8712881699090227,117.72118072509765,129.8400131148384,105.6023483353569,0.0,0.0,117.9178419929626,106.53075526630697,5.249607971207981,-0.2352374975471827,110.18373107910156,0
2020-09-10,110.18373107910156,116.98951312845448,109.22257449751976,116.85359229498351,182274400,45.8185242091817,2.8480944766217817,5.057341565824732,-2.2092470892029503,117.744482421875,129.80331346636345,105.68565137738655,0.0,0.0,116.51164000862421,106.6740092197499,5.4294173040456055,0.0301451617916757,108.73712921142578,0
2020-09-11,108.73712921142578,111.8730336076421,106.79539476122176,111.2322576836528,180860300,44.224834374772385,2.0027335923199274,4.446419971123771,-2.443686378803844,117.59836654663086,130.01412094285985,105.18261215040187,0.0,0.0,115.09809259095177,106.75491588609015,5.404290271358087,-0.007758083417089834,111.99925994873048,1
2020-09-14,111.99925994873048,112.5526540511364,109.51384186173256,111.377905426981,140150100,48.569169017591875,1.5778175897337263,3.8726994948457625,-2.294881905112036,117.62033195495606,129.9947626762605,105.24590123365162,0.0,0.0,114.53466847418426,106.96057643756623,5.29080702624041,-0.2250919632445595,112.17400360107422,1
2020-09-15,112.17400360107422,115.36815776085928,110.3002295014778,114.88272413305845,184642000,48.79923034535643,1.24086502903711,3.3463326016840322,-2.1054675726469223,117.66559867858886,129.95307660314862,105.3781207540291,0.0,0.0,114.10545667907334,107.16502456162537,5.274887114321914,0.31745892439605816,108.86334228515624,0
2020-09-16,108.86334228515624,112.62060121644382,108.7759677879104,111.87303669164396,154679000,44.717919276255266,0.6986316069475862,2.816792402736743,-2.118160795789157,117.49897346496581,130.16322882284035,104.83471810709128,0.0,0.0,113.15234497108841,107.23162525666581,5.172726136765593,-0.16227618851615555,107.12548828125,0
2020-09-17,107.12548828125,108.93130194991431,105.54297733812126,106.5235553297814,178011000,42.69913896687118,0.12721100976301614,2.2788761241419975,-2.1516651143789813,117.23841705322266,130.5163558357496,103.96047827069572,0.0,0.0,112.05655284566325,107.22746302233578,5.045268884981839,0.1508414199729764,103.72746276855467,0
2020-09-18,103.72746276855467,107.64976770036112,102.99931226553164,107.18375552641912,287104900,38.992450928505235,-0.5930004506936086,1.7045008091748763,-2.297501259868485,116.68332366943359,131.18917011603168,102.17747722283552,0.0,0.0,110.54217283164351,107.0902081104228,5.017067924256671,0.6128492059479471,106.8730697631836,1
2020-09-21,106.8730697631836,106.9798657543586,100.0964130289504,101.49446425369293,195713800,43.851667874779814,-0.8995792369420315,1.1836847999514948,-2.0832640368935262,115.98963890075683,130.9709836978207,101.00829410369293,0.0,0.0,109.87506318283262,107.0816928811193,5.1503811243389235,-0.31831954104579896,108.55267333984376,1
2020-09-22,108.55267333984376,109.5720869949024,105.97988085188312,109.3973305799532,183055400,46.31066352368107,-0.9955392059564332,0.7478399987699093,-1.7433792047263426,115.3077262878418,130.33939860638657,100.27605396929704,0.0,0.0,109.63462866592556,107.13937838930457,5.03908291138752,-0.0646781167194137,103.99930572509766,0
2020-09-23,103.99930572509766,108.84393137946276,103.6594962513126,108.36820848614498,150718700,41.06068317253976,-1.422607946321179,0.3137504097516916,-1.7363583560728706,114.44826545715333,129.99354781869897,98.9029830956077,0.0,0.0,108.61002449486594,107.01623828482587,5.049465212584851,-0.1766498010984653,105.06725311279295,1
2020-09-24,105.06725311279295,107.03811241012444,101.94105943821374,102.10610509006938,167743300,42.70135915903287,-1.6558015217045323,-0.0801599765395532,-1.575641545164979,113.55979919433594,129.1169915605262,98.00260682814567,0.0,0.0,107.96588424357994,106.93980749376576,5.052864338250983,0.11295612289649526,109.00896453857422,1
2020-09-25,109.00896453857422,109.16430684101944,104.5332662973904,105.27112741974788,149981400,48.40964713110547,-1.5051949895727148,-0.36516697914618557,-1.1400280104265292,112.94184074401855,128.18804505460295,97.69563643343415,0.0,0.0,108.15553520630615,107.02095090728766,5.022734067206558,-0.10588738864681924,111.61092376708984,1
2020-09-28,111.61092376708984,111.96043664981464,109.49443238042568,111.6594701035748,137672400,51.82168252299653,-1.1624815004189202,-0.5246298834007325,-0.6378516170181877,112.46381149291992,127.24019395934351,97.68742902649632,0.0,0.0,108.78378767190318,107.20094984296618,4.874786784637549,-0.08207017670191108,110.76626586914062,0
2020-09-29,110.76626586914062,111.95072536524631,110.26141804491624,111.21287142269765,99382200,50.6505811103711,-0.9481062457853398,-0.609325155877654,-0.33878108990768574,111.73808975219727,125.30114962591162,98.17502987848292,0.0,0.0,109.14423825321907,107.34076615771812,4.647252537187015,-0.2781254630557759,112.43614959716795,1
2020-09-30,112.43614959716795,113.84391175108092,110.30995505877512,110.4750007366762,142675200,52.91598953850986,-0.6361336976595595,-0.6146868642340352,-0.021446833425524336,110.84634895324707,121.43784302990929,100.25485487658486,0.0,0.0,109.7427675884825,107.54058511612791,4.567731405409786,0.4356212681949081,113.3875961303711,1
2020-10-01,113.3875961303711,114.29050304173128,112.45556438431056,114.2128318777771,116120400,54.205892115500106,-0.3085625054803245,-0.5534619924832931,0.2448994870029686,110.13713073730469,117.58764456689288,102.6866169077165,0.0,0.0,110.40546368700768,107.76987966570607,4.3739186939207535,-0.18612064325124478,109.7274169921875,0
2020-10-02,109.7274169921875,112.00896103141628,108.95072761058432,109.60120691204848,144712000,48.68075106364278,-0.34038212940605206,-0.510846019867845,0.1704638904617929,109.75557899475098,116.42880211131325,103.08235587818871,0.0,0.0,110.28218246976765,107.84664583537202,4.378415110054041,0.24622374707631045,113.10603332519533,1
2020-10-05,113.10603332519533,113.25166489244758,110.2419779334605,110.59149073201426,106243800,53.40228102914953,-0.0919137839294848,-0.4270595726801729,0.3351457887506881,109.5390739440918,115.43749167958237,103.64065620860123,0.0,0.0,110.79560989802721,108.052896325169,4.317403166497329,-0.26582591630272545,109.86334228515624,0
2020-10-06,109.86334228515624,112.73710847512729,108.97984952644627,112.32933859803764,161498200,48.765013173760394,-0.15487361008140965,-0.37262238016042026,0.2177487700790106,109.55557861328126,115.45568584714644,103.65547137941607,0.0,0.0,110.62610669568701,108.12389420595281,4.303744640229596,0.5200717594814945,111.72742462158205,1
2020-10-07,111.72742462158205,112.18373349473666,110.80509612706318,111.28082649663703,96849000,51.37881191270202,-0.05373444293476837,-0.30884479271528986,0.2551103497805215,109.44684181213378,115.09739917838452,103.79628444588305,0.0,0.0,110.82634631857701,108.26520912421277,4.162076538040369,-0.4003091056123226,111.62061309814452,0
2020-10-08,111.62061309814452,113.00895361392692,111.25167878876417,112.86332203954676,83477200,51.217575830874644,0.017597426241337644,-0.24355634892396436,0.261153775165302,109.51868591308593,115.24097631224836,103.7963955139235,0.0,0.0,110.97075846031655,108.39679359377874,3.9903049871205387,-0.13806853968548982,113.5623550415039,1
2020-10-09,113.5623550415039,113.59147987684436,111.57207401243367,111.92158685077898,100506900,54.0411880819941,0.22818047106336792,-0.1492089849264979,0.37738945598986584,109.75994720458985,115.7315353683597,103.78835904082,0.0,0.0,111.44195783871425,108.59936463094444,3.8495264783555494,0.20400420713679912,120.77587890625,1
2020-10-12,120.77587890625,121.53315412296922,115.80503626850115,116.5623114852204,240226800,62.68274531146399,0.9660046410197509,0.07383374026275186,0.8921709007569991,110.19877815246582,117.82484009375213,102.57271621117951,1.0,0.0,113.13903439644801,109.07687499468192,4.14390309286339,1.390152317900562,117.572021484375,0
2020-10-13,117.572021484375,121.73704283997937,116.1642669468104,121.62053610441286,262330500,57.51048210900785,1.2774850409098804,0.3145640003921776,0.9629210405177028,110.46867904663085,118.71234783506442,102.22501025819729,0.0,0.0,113.94503204879837,109.41001799427772,4.2459654357423595,0.09201179885008659,117.65943145751952,1
2020-10-14,117.65943145751952,119.44582405293843,116.13516982074954,117.47496426731374,150712000,57.613244752892776,1.5139370325172337,0.5544386068171888,0.9594984257000448,110.90848350524902,119.68403625533287,102.13293075516518,0.0,0.0,114.62037739583857,109.73352440460094,4.179157492631398,-0.4254880770630941,117.19339752197266,0
2020-10-15,117.19339752197266,117.66912045188069,114.70797946369228,115.26137355970408,112559200,56.824152693079384,1.6447621019378715,0.7725033058413254,0.8722587960965461,111.41187896728516,120.41379633922719,102.40996159534313,0.0,0.0,115.08819923695386,110.02606844841944,4.0921563137426125,-0.2531503795318223,115.55262756347656,0
2020-10-16,115.55262756347656,118.0089281560019,115.34874631090426,117.74678982617324,115393800,54.01893731269447,1.5976290160262892,0.9375284478783183,0.6601005681479708,112.00313720703124,120.44442149742872,103.56185291663377,0.0,0.0,115.17264075086706,110.24279625685305,3.989872423125114,0.025183192488930306,112.6011962890625,0
2020-10-19,112.6011962890625,116.9118422011094,112.29051903948135,116.46524411778216,120639300,49.30390946128449,1.3070529750764734,1.0114333533179494,0.2956196217585241,112.2895435333252,120.39726717648063,104.18181989016978,0.0,0.0,114.70510539417532,110.33528253262597,4.0349760473038945,0.045457381592425294,114.08661651611328,1
2020-10-20,114.08661651611328,115.513792607474,112.2613812832418,112.81477533834804,124423700,51.59393007602172,1.1829935539822287,1.0457453934508052,0.13724816053142352,112.56624069213868,120.52123861140346,104.6112427728739,0.0,0.0,114.59265287089131,110.48239366923332,3.9790785670844877,0.03136954541347636,113.46526336669922,0
2020-10-21,113.46526336669922,115.25165563302974,113.05749347361974,113.27108546353529,89946000,50.564993206847106,1.0227479608185774,1.0411459069243598,-0.01839794610578238,113.03953857421875,119.95829003403821,106.12078711439929,0.0,0.0,114.3876729610382,110.59936895148688,3.8515845379648814,-0.2770991378652138,112.37786865234376,0
2020-10-22,112.37786865234376,114.60115523635136,111.25165924260928,114.02833978633032,101988000,48.733313813678805,0.798800433852108,0.9926768123099096,-0.1938763784578016,113.40506935119629,119.296653610841,107.51348509155157,0.0,0.0,114.02225399582103,110.669114037795,3.8157210705203957,0.13388032819691809,111.6885757446289,0
2020-10-23,111.6885757446289,113.15458745033784,110.95071451824744,112.99924512599236,82572600,47.55728533627089,0.5592535020367109,0.9059921502552699,-0.34673864821855904,113.53904991149902,119.13932530489735,107.93877451810069,0.0,0.0,113.59794885924063,110.70909292825907,3.700589060632539,-0.19036945523002702,111.69828033447266,1
2020-10-26,111.69828033447266,113.15458121285104,109.591492767667,110.6885775032748,111850700,47.57646655698038,0.36597517798612955,0.7979887558014419,-0.43201357781531236,113.54341773986816,119.13780426669973,107.94903121303659,0.0,0.0,113.25255458201008,110.74788459124784,3.690767588100503,0.3545740354548603,113.2031478881836,1
2020-10-27,113.2031478881836,113.8633380778765,111.20316322843642,112.12548438137412,92276800,50.59416015225025,0.3304220488637668,0.7044754144139069,-0.3740533655501401,113.6652618408203,119.11672209323187,108.21380158840874,0.0,0.0,113.24357154676889,110.8441694264218,3.61715382105333,-0.17500024586345908,107.96043395996094,0
2020-10-28,107.96043395996094,112.06720563801412,107.86334871753532,111.69827875394512,143937800,41.60810033887001,-0.11942065396911516,0.5396962007373025,-0.6591168547064177,113.44147605895996,119.41851273506616,107.46443938285377,0.0,0.0,112.28300107644016,110.7310817610704,3.7401999174529688,0.559848195862882,111.9604263305664,1
2020-10-29,111.9604263305664,113.52352341003616,108.93131742851756,109.09637051307504,146129200,49.044275038760205,-0.1514128884027599,0.40147438290929005,-0.55288727131205,113.37011756896973,119.38199916638978,107.35823597154969,0.0,0.0,112.22435112264493,110.77929135203104,3.870406312640273,0.015224631750659023,105.68860626220705,0
2020-10-30,105.68860626220705,108.72741799712836,104.58181822292556,107.82451118538518,190272600,40.36438159205809,-0.6750686571483726,0.18616577489775757,-0.8612344320461301,113.16817703247071,119.88583064910192,106.4505234158395,0.0,1.0,111.03603387529257,110.57965664262618,4.120992155140313,0.30208473049876416,105.60123443603516,0
2020-11-02,105.60123443603516,107.4555945603439,104.19347979423505,105.9313331743507,122866900,40.257492030364624,-1.0846170130152046,-0.06799078268483488,-1.0166262303303697,112.79293708801269,120.27722741728576,105.30864675873963,0.0,0.0,110.0478885227003,110.38442439923045,4.059643770209495,-0.35425857427711605,107.22259521484376,1
2020-11-03,107.22259521484376,108.24200151383609,105.56241289323032,106.46531984784082,107624400,43.26023040567881,-1.2637886027721237,-0.3071503467022927,-0.956638256069831,112.66089973449706,120.4348371446495,104.88696232434462,0.0,0.0,109.53419883036275,110.26043109788196,3.9610684023806573,-0.12405700803064124,111.60120391845705,1
2020-11-04,111.60120391845705,112.22255845771816,109.0769501768174,110.81480370001444,138235500,50.496447192699065,-1.0404723323188279,-0.4538147438255997,-0.5866575884932281,112.65458869934082,120.43175138424904,104.8774260144326,0.0,0.0,109.91001793728898,110.31301042417903,4.0352751767016395,0.28442527902594583,115.56232452392578,1
2020-11-05,115.56232452392578,116.13514003797306,113.46525517113334,114.513786143965,126387100,55.967422140674856,-0.5376653788798933,-0.47058487083645845,-0.06708050804343485,112.85167427062989,120.71335684843909,104.98999169282068,0.0,0.0,110.93771004395022,110.51886587907106,4.070893815474095,-0.08571170213150747,115.43104553222656,0
2020-11-06,115.43104553222656,115.92703675245446,112.94133225108231,115.07120221763194,114457900,55.747526908386384,-0.1480734645105457,-0.40608258957127596,0.25800912506073026,112.94510879516602,120.8824100180087,105.00780757232334,0.0,0.0,111.75468013272774,110.71150037527323,3.9933802930382414,-0.09438621504884592,113.1261215209961,0
2020-11-09,113.1261215209961,118.64043465344768,112.86353836131654,117.1913486850412,154515300,51.89246899232339,-0.02501876936764802,-0.3298698255305504,0.30485105616290237,112.56262092590332,119.64484683563398,105.48039501617265,0.0,0.0,112.0040331124129,110.8061914005957,4.120774292973449,0.349974968962387,112.78573608398438,0
2020-11-10,112.78573608398438,114.36124992222892,110.99625432436308,112.37727008295128,138023400,51.32797609289114,0.044523464266092105,-0.25499116757122187,0.29951463183731397,112.32330665588378,119.02554328560899,105.62107002615858,0.0,0.0,112.14616092542589,110.88382060386584,4.066790100465763,-0.10673311963281307,116.20906829833984,1
2020-11-11,116.20906829833984,116.34522361614252,113.24281896631516,113.97222563450444,112295000,56.458062269782914,0.37158706083066306,-0.12967552189084486,0.5012625827215079,112.2507884979248,118.74878229882715,105.75279469702245,0.0,0.0,112.88487135686478,111.09265384678639,4.030554202729505,-0.18640607317309965,115.9367446899414,0
2020-11-12,115.9367446899414,117.22049998551182,115.31431832965924,116.33549051882304,103162300,55.95283327430199,0.6018750374026922,0.01663458996786256,0.5852404474348296,112.18795585632324,118.51563390519203,105.86027780745445,0.0,0.0,113.43975741742416,111.2826181935768,3.87881330652401,-0.08132775279398019,115.9853973388672,1
2020-11-13,115.9853973388672,116.38413582545108,114.63356412889462,116.16045525051372,81581900,56.02854080088819,0.7793222384785281,0.16917211966999568,0.6101501188085324,112.20959434509277,118.58592132985731,105.83326736032822,0.0,0.0,113.9026010395047,111.46704090515681,3.7267960486691853,-0.20918882188551435,116.99684143066406,1
2020-11-16,116.99684143066406,117.66789057082232,114.90587400574458,115.6547283105298,91183000,57.65788811643979,0.9901516570319586,0.3333680271423883,0.6567836298895704,112.42937660217285,119.1388628246556,105.7198903796901,0.0,0.0,114.46519020153367,111.68389582772572,3.6578832284126537,0.11768664372857218,116.11183166503906,0
2020-11-17,116.11183166503906,117.35668469756249,115.69363815380922,116.26744200405916,74271000,55.71258637190343,1.0734485517230183,0.48138413205851427,0.5920644196645041,112.53063735961913,119.39642184773307,105.6648528715052,0.0,0.0,114.76457955853465,111.85754037036546,3.5153948937941264,-0.1854731693407763,114.7891616821289,0
2020-11-18,114.7891616821289,116.53001321672764,114.75998660153422,115.35323797332128,76322100,52.84309696668966,1.020964484234895,0.5893002024937904,0.4316642817411046,112.59683227539062,119.52264997716284,105.67101457361841,0.0,0.0,114.76904903555179,111.97250591200323,3.390725731036933,0.027616431716282364,115.3824234008789,1
2020-11-19,115.3824234008789,115.7908894056509,113.60266912591756,114.36125096903965,74113000,53.98782824318113,1.0155352865962186,0.6745472193142761,0.34098806728194253,112.74706001281739,119.77692430139709,105.71719572423768,0.0,0.0,114.88057164742943,112.10622816646895,3.304832484515248,-0.028944434180925294,114.11810302734376,0
2020-11-20,114.11810302734376,115.5088387291352,114.06948036722603,115.38241090893904,73604300,51.13875311206202,0.8988511243284165,0.7194080003171042,0.17944312401131235,112.86853637695313,119.90500139058103,105.83207136332523,0.0,0.0,114.74194098923203,112.18512521983659,3.1715843329005287,-0.0068638430504769365,110.72394561767578,0
2020-11-23,110.72394561767578,114.39043445067524,110.6266928661709,113.96251344016258,127959300,44.369346474291255,0.5264295955772269,0.6808123193691288,-0.15438272379190188,112.81981964111328,119.90136612973913,105.73827315248744,0.0,0.0,114.0113963762218,112.12782405896753,3.213881279443658,0.7384758770887028,112.00770568847656,1
2020-11-24,112.00770568847656,112.66903481291116,109.49854453224738,110.7823076148936,113874200,47.21540750424068,0.3310553596613772,0.6108609274275786,-0.27980556776620136,112.76004753112792,119.8478206338347,105.67227442842115,0.0,0.0,113.64708897844993,112.12311353463457,3.2107819223879526,-0.11007484411058832,112.84408569335938,1
2020-11-25,112.84408569335938,113.5443173601966,112.00769869351592,112.37726952874068,76499200,49.044458968758256,0.2409314389241075,0.5368750297268844,-0.2959435908027769,113.00423011779785,119.74160211353615,106.26685812205955,0.0,0.0,113.50108838116073,112.15138695262378,3.0911988326945763,-0.3282130631872716,113.38868713378906,1
2020-11-27,113.38868713378906,114.26397656378496,113.02885128250198,113.36923955530376,46691300,50.25322843523228,0.21101986164086384,0.4717039961096803,-0.26068413446881644,113.07564315795898,119.79750586779765,106.3537804481203,0.0,0.0,113.48065179072952,112.19990852835576,2.971819692532506,-0.3896498264034134,115.78116607666016,1
2020-11-30,115.78116607666016,117.64844554887398,113.6026659391683,113.75827627180732,169410200,55.27291583619834,0.3760331015295577,0.45256981719365574,-0.07653671566409803,113.58027114868165,119.47222741860763,107.68831487875566,0.0,0.0,113.89892711544418,112.3403500008383,3.063815315571964,2.628303345591149,119.35037994384766,1
2020-12-01,119.35037994384766,120.0797865936806,116.71479147284032,117.68733367261756,127728200,61.51231402414174,0.7857553147618148,0.5192069167072876,0.26654839805452724,114.26772842407226,119.43982513566115,109.09563171248337,0.0,0.0,114.89010035697208,112.61525313585828,3.1520156871039977,-0.24604185580325155,119.70050811767578,1
2020-12-02,119.70050811767578,119.98254627518948,117.57063810536371,118.66960823368215,89004200,62.071272515929735,1.125738722872967,0.6405132779404235,0.4852254449325435,114.89162406921386,119.4926935038794,110.29055463454833,1.0,0.0,115.7647199498273,112.89310627240015,3.099150864441267,-0.30317502321335466,119.5643539428711,0
2020-12-03,119.5643539428711,120.38128592155832,118.85439479194712,120.12842284343223,78967600,61.69603727833479,1.3684172569030153,0.7860940737329418,0.5823231831700735,115.28978157043457,120.05813876135817,110.52142437951098,0.0,0.0,116.45556249401707,113.15472382810489,2.986846597667691,-0.11276546500052809,118.89328002929688,0
2020-12-04,118.89328002929688,119.48653134532609,118.18332098194936,119.23366830409036,78260400,59.77790850376308,1.4894225510641803,0.9267597691991896,0.5626627818649907,115.45632934570312,120.47713226463455,110.4355264267717,0.0,0.0,116.89878386406794,113.37976524775948,2.872145623614408,-0.008955571652171312,120.35211944580078,1
2020-12-07,120.35211944580078,121.1496039000796,118.89330587676078,118.95165604515132,86712000,62.50685005653369,1.6836284466544242,1.0781335046902365,0.6054949419641877,115.70238304138184,121.1576480718565,110.24711801090717,0.0,0.0,117.52666306074663,113.65319090258464,2.8281583555550016,0.10799331462655437,120.96480560302734,1
2020-12-08,120.96480560302734,121.54833690448348,119.7102251767506,120.9550855226028,82225500,63.623122651995935,1.8654726629023912,1.2356013363326674,0.6298713265697238,116.0943172454834,121.86983976994127,110.31879472102553,0.0,0.0,118.15177988661584,113.9399208908373,2.757440739281993,-0.051740243564904476,118.43621063232422,0
2020-12-09,118.43621063232422,122.49171060296122,117.67762875809392,121.11070219500816,115089200,56.188005203986464,1.7849729752582277,1.3454756641177794,0.4394973111404483,116.3768409729004,122.02882583407319,110.7248561117276,0.0,0.0,118.20349456765372,114.11624597873875,2.904343675395229,0.39967771555052867,119.85612487792967,1
2020-12-10,119.85612487792967,120.46883134674631,116.85097238388342,117.19136074438724,81312200,59.07986628581643,1.8148313595139882,1.4393468031970214,0.37548455631696687,116.55919380187989,122.4096105749203,110.70877702883948,0.0,0.0,118.50397280588571,114.3413392689031,2.955309053071491,-0.2934854008890495,119.04891204833984,0
2020-12-11,119.04891204833984,119.38930038520904,117.23998269251022,119.06835963048556,86939800,56.7851459295002,1.7531497954221464,1.5021074016420464,0.25104239378010007,116.71480216979981,122.6555741206128,110.77403021898682,0.0,0.0,118.6030526681501,114.52594996613591,2.9310828482392024,0.06920978647730602,118.43621063232422,0
2020-12-14,118.43621063232422,119.96310188222375,118.20280253715556,119.23369509240086,79184500,55.037730003687344,1.6359684023868653,1.5288796017910102,0.10708880059585502,116.83734283447265,122.8138760813529,110.8608095875924,0.0,0.0,118.57271775254539,114.6792935216727,2.8474554551555586,-0.08920310375685248,124.36871337890624,1
2020-12-15,124.36871337890624,124.3881683811074,120.7216795566684,120.9259125603246,157243700,65.96022722706053,1.9987641864610879,1.622856518725026,0.375907667736062,117.20593643188477,124.02610689793086,110.38576596583867,1.0,0.0,119.62653513915645,115.05927077097598,3.0692056189861034,0.9857888854510668,124.30064392089844,0
2020-12-16,124.30064392089844,124.8452652999531,123.08496589985872,123.91163289009356,98208600,65.76282447662825,2.254797915949254,1.7492447981698716,0.5055531177793826,117.61537704467773,125.07672548494487,110.15402860441058,0.0,0.0,120.47637309947316,115.42167756116903,2.975712317636695,-0.3754369809410488,125.16619110107422,1
2020-12-17,125.16619110107422,126.0220330742196,124.52430962121518,125.3606965932024,94359800,67.11069712705189,2.4987449387138554,1.8991448262786683,0.5996001124351871,118.134228515625,126.15921157350208,110.10924545774792,0.0,0.0,121.32906728158244,115.80381534704767,2.8861178058998718,-0.039190050565836354,123.18218994140624,0
2020-12-18,123.18218994140624,125.55519511671493,122.65701629999003,125.41903981189304,192541500,61.16640995617346,2.503127898926678,2.01994144080827,0.483186458118408,118.52421684265137,126.73237657134047,110.31605711396227,0.0,0.0,121.66599867427767,116.09316337035587,2.8869793066730876,1.0405034771163142,124.70906829833984,1
2020-12-21,124.70906829833984,124.78687344647533,120.0603182859019,121.58720907350065,121251600,63.82222078237335,2.599838430143109,2.135920838675238,0.4639175914678706,119.05376510620117,127.421555160514,110.68597505188833,0.0,0.0,122.21928406047078,116.4310419949827,3.018377581951683,-0.37025732114894716,128.25885009765625,1
2020-12-22,128.25885009765625,130.71938029303678,126.09007064495805,127.99625958942822,168904800,69.11120700949681,2.929154477849096,2.29456756651001,0.6345869113390861,119.93051033020019,128.29799029967342,111.56303036072697,0.0,0.0,123.31738697632268,116.89487760685226,3.2320871828620583,0.39301089635105857,127.36415100097656,0
2020-12-23,127.36415100097656,128.79377458393498,127.18908566358635,128.53119883757725,88223700,66.47342669348274,3.082412940814109,2.4521366413708297,0.6302762994432793,120.69833259582519,128.83185292588144,112.56481226576895,0.0,0.0,124.05316225353248,117.30543734779832,3.1158444498253846,-0.47767203773960243,128.34637451171875,1
2020-12-24,128.34637451171875,129.79546749710363,127.50026768364368,127.71422812013846,54930100,67.92096303871445,3.2457140344121314,2.61085211997909,0.6348619144330412,121.47344703674317,129.41772884958405,113.52916522390228,0.0,0.0,124.83374630047543,117.7384152757952,3.0669495959897906,-0.37737705401156374,132.9368133544922,1
2020-12-28,132.9368133544922,133.56895993255333,129.84412103088945,130.3109520335808,124486200,73.64748513231318,3.702857146091503,2.8292531252015727,0.8736040208899305,122.45085334777832,130.96551165353125,113.9361950420254,1.0,0.0,126.30703121938755,118.3344308867245,3.220923583478704,1.2662656721906567,131.1668243408203,0
2020-12-29,131.1668243408203,134.97918980280187,130.65137791610235,134.2595177289514,121047300,68.56503235384731,3.877624196646053,3.038927339490469,0.8386968571555844,123.22013626098632,131.96249896639492,114.47777355557773,0.0,0.0,127.19062996873896,118.83766200257139,3.2999870337087627,-0.02762474876733323,130.04835510253906,0
2020-12-30,130.04835510253906,132.2560302372561,129.73713444926724,131.85728434018318,96452100,65.48946643569798,3.881137881671819,3.207369447926739,0.6737684337450798,123.75503501892089,132.78910113926668,114.7209688985751,0.0,0.0,127.7102163567026,119.27729702609955,3.2441948018716276,-0.2031866881789185,129.04661560058594,0
2020-12-31,129.04661560058594,131.040329904096,128.10324856194674,130.39844854670574,99116600,62.773561508999514,3.7597504338105807,3.3178456451035077,0.44190478870707306,124.2223403930664,133.33569217755414,115.10898860857868,0.0,0.0,127.95319803740867,119.66040755843234,3.2222581261771737,0.02762511132468859,125.85670471191406,0
2021-01-04,125.85670471191406,129.94137947234472,123.27946608977872,129.85385422543547,143301900,54.95764896547223,3.367334323326574,3.327743380748121,0.03959094257845308,124.53695793151856,133.41682875023673,115.65708711280037,0.0,0.0,127.57201743277328,119.90339960366693,3.467947787347804,0.4457911187429755,127.41272735595705,1
2021-01-05,127.41272735595705,128.12269373003411,124.9035671112332,125.35094297928433,97664900,57.72287366009445,3.1456387858815162,3.2913224617748003,-0.14568367589328401,124.96293029785156,133.5308988921747,116.39496170352842,0.0,0.0,127.54305560062487,120.1978830449332,3.450174846737312,-0.31846751508528504,123.12384796142578,0
2021-01-06,123.12384796142578,127.45166544679954,122.90988747820572,124.21309795786028,155088000,48.825381300160984,2.5939651363436553,3.1518509966885713,-0.5578858603449159,125.10151672363281,133.45362965803554,116.74940378923009,0.0,0.0,126.73956330258866,120.3126267671486,3.528146498298491,0.5879604648138685,127.32525634765624,1
2021-01-07,127.32525634765624,128.01576801979238,124.34927881160118,124.83555003879502,109578200,55.98310360120208,2.467336420235881,3.0149480813980336,-0.5476116611621524,125.41953926086425,133.5999894279572,117.2390890937713,0.0,0.0,126.84605294714639,120.58763184873715,3.6255588954462126,-0.2934450118642319,128.4241485595703,1
2021-01-08,128.4241485595703,128.98822458830765,126.6541153480348,128.7937043550939,105158200,57.65151440981273,2.4276690108997343,2.8974922672983743,-0.46982325639864,125.91893615722657,133.53302412340105,118.30484819105209,0.0,0.0,127.13297942213256,120.89494622955414,3.533312491505258,-0.040336490287301685,125.43849182128906,0
2021-01-11,125.43849182128906,126.595819441527,124.97167570919714,125.64273221772612,100384500,51.89596683834843,2.1307527650794498,2.7441443668545897,-0.61339160177514,126.19805450439453,133.29434484372345,119.10176416506562,0.0,0.0,126.82489076743374,121.07312448805355,3.527538231424394,-0.04539541376706713,125.2634506225586,0
2021-01-12,125.2634506225586,126.12901267192076,123.3767161950052,124.97168496595856,91951100,51.57090516333996,1.859880593497266,2.5672916121831255,-0.7074110186858595,126.50878143310547,132.82730823885257,120.19025462735839,0.0,0.0,126.54099255927463,121.2374510031322,3.4721638203880487,-0.0840109777903959,127.29607391357422,1
2021-01-13,127.29607391357422,127.84069528222408,124.96197809369782,125.22455385655589,88636800,55.08883959082092,1.7886101735238924,2.411555324451279,-0.6229451509273867,126.95177459716797,132.07324852998806,121.83030066434787,0.0,0.0,126.67828007823819,121.47504405844366,3.429774775255063,-0.03604415825368046,125.37044525146484,0
2021-01-14,125.37044525146484,127.40305532059554,125.22455498651908,127.20854980715394,90221800,51.287853838260745,1.5587771002309267,2.2409996796072087,-0.682222579376282,127.00186119079589,132.0402279922078,121.963494389384,0.0,0.0,126.44049192791576,121.62780488954252,3.3403980294565914,0.017881963247770694,123.64903259277344,0
2021-01-15,123.64903259277344,126.64446478265978,123.51287725867944,125.24400143779673,111598500,48.09327159840795,1.2236239435361824,2.0375245323930034,-0.8139005888568209,126.96928062438965,132.08493024355292,121.8536310052264,0.0,0.0,125.93295386698078,121.70706872104176,3.325482993351145,0.23693497580407397,124.320068359375,1
2021-01-19,124.320068359375,125.17591022451418,123.45450641479232,124.27143828252557,90757300,49.41596259285244,1.0006250478086827,1.8301446354761395,-0.8295195876674568,126.92697448730469,132.11505221882604,121.73889675578334,0.0,0.0,125.639701956507,121.80953929509405,3.2109059088061964,-0.18675161404499163,128.40475463867188,1
2021-01-20,128.40475463867188,128.85213061210496,125.02031169638846,125.12729193961265,104319500,56.656294818952524,1.1403515985323622,1.6921860280873842,-0.5518344295550219,127.18810272216797,132.11511838119034,122.2610870631456,0.0,0.0,126.1424388078097,122.06817519092064,3.305274219086465,0.14943370946469314,133.1118621826172,1
2021-01-21,133.1118621826172,135.83498363825382,129.9219245699571,130.12616498605254,120150900,63.194235106435826,1.6123242660120098,1.6762136756723094,-0.06388940966029955,127.60824241638184,133.02658872755308,122.18989610521061,1.0,0.0,127.40960669413832,122.50126095530089,3.599913846264713,0.1517587795186901,135.25143432617188,1
2021-01-22,135.25143432617188,136.0100159621577,131.31263593020583,132.53803360991805,114459400,65.72498955731619,2.1344074754489952,1.7678524356276466,0.3665550398213486,127.95787162780762,134.31935988519234,121.5963833704229,1.0,0.0,128.83539353632625,123.00126775415858,3.67830428809951,-0.04736959939542695,138.9957275390625,1
2021-01-25,138.9957275390625,141.1061423033731,132.79090363932372,139.14161777095364,157611700,69.65704500824837,2.817813351957028,1.977844618893523,0.8399687330635051,128.53945045471193,136.50261244654723,120.57628846287662,1.0,0.0,130.6827269913692,123.62850147121364,4.009513886381645,0.3770096645622816,139.22915649414062,1
2021-01-26,139.22915649414062,140.3378541007655,137.48829750104505,139.65707747210416,98390600,69.88896451955796,3.339754586640993,2.250226612443017,1.089527974197976,129.083589553833,138.3071521437095,119.86002696395653,1.0,0.0,132.23662326460038,124.24029186426961,3.926659794477273,-0.37574050657406777,138.1593780517578,0
2021-01-27,138.1593780517578,140.33787848176394,136.55468894542827,139.4917564593141,140843800,67.34839849088785,3.625284571839842,2.525238204322382,1.1000463675174599,129.3447177886963,139.25964974355193,119.42978583384067,0.0,0.0,133.31348777135628,124.78613838142601,3.91641191889573,0.4314761776023319,133.3258056640625,0
2021-01-28,133.3258056640625,138.09127131319642,132.94651480242143,135.68909090953088,142621100,57.22618003721744,3.4220924943095383,2.7046090623198134,0.717483431989725,129.4526668548584,139.49084703568278,119.41448667403402,0.0,0.0,133.31572738821194,125.12102729447058,4.009015585355776,0.012618943822873208,128.33665466308594,0
2021-01-29,128.33665466308594,132.98540444648626,126.63470608598875,132.10038762484038,177523800,49.03417177079141,2.8259032654621876,2.7288679029482883,0.09703536251389933,129.36708183288573,139.41267240305646,119.32149126271501,0.0,0.0,132.41044143818903,125.24713032853393,4.20059301340706,0.2447232562362791,130.45677185058594,1
2021-02-01,130.45677185058594,131.66272916720465,127.33490577473044,130.07748109742704,106239800,52.1677079874198,2.495725573881373,2.682239437134905,-0.18651386325353236,129.43758964538574,139.49298370244463,119.38219558832687,0.0,0.0,132.05522878589755,125.45142999606539,4.209680897626141,-0.4015461588812317,131.28347778320312,1
2021-02-02,131.28347778320312,132.56722577893618,130.9139069960329,132.00314951845078,83305400,53.37158509278266,2.2745460828074044,2.600700766269405,-0.3261546834620006,129.70892829895018,139.65545353167224,119.76240306622812,0.0,0.0,131.91491042177128,125.68013775242373,4.059736114106434,-0.2158739003650233,130.26229858398438,0
2021-02-03,130.26229858398438,132.0420525079875,129.94135789213308,132.03231758895785,89880900,51.64254836869344,1.993874966127322,2.479335606240989,-0.48546064011366674,129.85140686035157,139.74377258467112,119.95904113603203,0.0,0.0,131.61443554217365,125.85983033405357,3.9198045785170046,0.0789324581599753,133.61756896972656,1
2021-02-04,133.61756896972656,133.62728904915303,130.89444790890877,132.55750155942113,84183100,56.6157540087047,2.0189106181194916,2.3872506086166894,-0.3683399904971978,130.3760929107666,139.89147537690044,120.86071044463277,0.0,0.0,131.97864161991055,126.16405537858977,3.8801749989921226,-0.06339277866599025,133.20364379882812,0
2021-02-05,133.20364379882812,133.84648451427685,132.32705363193958,133.77831254493844,75693800,55.852629100703716,1.982498245014682,2.3063001358962882,-0.32380189088160627,130.6700122833252,140.1533891684068,121.18663539824362,0.0,0.0,132.20136928880464,126.44011766957951,3.711550419231062,-0.10084328089604688,133.34971618652344,1
2021-02-08,133.34971618652344,133.39841892980013,131.41145995524053,132.49259546322395,71297200,56.07762526847423,1.9430299580391477,2.23364610032486,-0.29061614228571253,130.91629066467286,140.4094043166129,121.42317701273281,0.0,0.0,132.41015963384442,126.7110823173028,3.5883653160402433,-0.058084017449249514,132.47311401367188,0
2021-02-09,132.47311401367188,134.29449558670797,132.3172860388913,133.06725182462114,76774200,54.28947100033391,1.8200363409728766,2.1509241484544637,-0.3308878074815871,131.26802177429198,140.4390539664194,122.09698958216455,0.0,0.0,132.42160588472214,126.9370443446114,3.473282761167131,0.07681928603086807,131.86927795410156,0
2021-02-10,131.86927795410156,133.4276770274743,130.90501685547775,132.9309297060643,73046600,53.03494779180034,1.6547634072831556,2.051692000220202,-0.3969285929370465,131.59831314086915,140.34661519196467,122.85001108977363,0.0,0.0,132.3211826246093,127.13046527047376,3.4053811476549454,-0.048552769029179044,131.6160125732422,0
2021-02-11,131.6160125732422,132.84324151471785,130.29137814000228,132.36597838425936,64280000,52.48710346908035,1.4862148572607339,1.9385965716283085,-0.45238171436757457,131.81431007385254,140.33747734061293,123.29114280709216,0.0,0.0,132.1929698879971,127.3063690862686,3.3444155924449896,-0.12001379941023949,131.84976196289062,1
2021-02-12,131.84976196289062,132.00560480490336,130.2134567077312,130.85629728454018,60145100,52.96997276323553,1.3558709034856804,1.822051437999783,-0.4661805345141026,132.13827590942384,140.1332829390738,124.14326887977387,0.0,0.0,132.13056844706864,127.48454135594007,3.233539342782644,-0.06432638456751716,129.72647094726562,0
2021-02-16,129.72647094726562,132.47313069680968,129.33686380627134,131.96666370650627,80576300,48.180044603449936,1.068918711635007,1.671424892726828,-0.6025061810918211,132.44214782714843,139.53444611838418,125.34984953591268,0.0,0.0,131.69345981074082,127.57246016344303,3.226591310479479,0.3396984958043132,127.43757629394533,0
2021-02-17,127.43757629394533,128.78169493091983,126.10320712430666,127.83691804290048,97918500,43.602700098878,0.6493273216109401,1.4670053785036505,-0.8176780568927104,132.59802322387696,139.0802310857608,126.11581536199313,0.0,0.0,130.91966280768708,127.5671705999333,3.2549250613708702,0.2152270580803537,126.33699035644533,0
2021-02-18,126.33699035644533,126.61944257367796,124.09679724620428,125.84024303159478,96856700,41.558205235087165,0.22539185781303672,1.2186826743655277,-0.993290816552491,132.49463500976563,139.2990209850964,125.69024903443484,0.0,0.0,130.086449634734,127.51892823744357,3.2610574889687407,-0.010843711862416172,126.49281311035156,1
2021-02-19,126.49281311035156,127.31098076958226,125.4506454700138,126.853201614987,87668800,41.9730579379641,-0.09688957485448668,0.9555682245215248,-1.0524577993760116,132.16368255615234,139.4430870469705,124.88427806533419,0.0,0.0,129.43306117575537,127.478688428538,3.161005904011578,-0.0948607582129063,122.72344970703124,0
2021-02-22,122.72344970703124,126.34671464924598,122.33384996779368,124.68117557823038,103916400,35.42258765942853,-0.6489750762138158,0.6346595643744567,-1.2836346405882724,131.53728332519532,139.74319478006993,123.33137187032071,0.0,1.0,128.2131318178055,127.292208478675,3.232288563907742,0.1853293303889183,122.58708190917967,0
2021-02-23,122.58708190917967,123.4149766498793,115.31133387912055,120.54169271715816,158273000,35.20850673236788,-1.0850033124212075,0.2907269890153238,-1.3757303014365312,130.71685104370118,139.05592109679145,122.37778099061092,0.0,0.0,127.1902136526008,127.10769371124381,3.5802424358256713,0.5230800913041638,122.09033966064452,0
2021-02-24,122.09033966064452,122.29487783267318,119.05147832650884,121.69100535268277,111039900,34.39310242546395,-1.4538823285646316,-0.058194874500667265,-1.3956874540639643,129.85991020202636,138.0449068323195,121.67491357173321,0.0,0.0,126.26296383588148,126.91093472886736,3.577053946314611,-0.298428032576624,117.84371185302734,0
2021-02-25,117.84371185302734,123.17146835413952,117.4054168564186,121.43775757680416,148199500,28.34866609429156,-2.065083977392135,-0.45957269507896076,-1.605511282313174,128.84412689208983,137.6741030042704,120.01415077990927,0.0,1.0,124.7321907480898,126.55535736118736,3.7334109142722047,0.3346508777475483,118.10670471191406,1
2021-02-26,118.10670471191406,121.6033452358005,118.04825992472897,119.40211317040608,164560400,29.178769815645225,-2.4994324602102864,-0.867544648105226,-1.6318878121050604,128.08317184448242,137.8142368373698,118.35210685159505,0.0,1.0,123.52755692333056,126.22403764945115,3.7352839477365585,0.11039780835967727,124.4668960571289,1
2021-03-01,124.4668960571289,124.60325484384612,119.5969181572381,120.53195302229754,116307900,45.594546178830996,-2.303884725931468,-1.1548126636704745,-1.1490720622609933,127.88968391418457,137.7459770807502,118.03339074761892,0.0,0.0,123.69834585674843,126.15513013602674,3.9325172466076657,-0.29322060471413536,121.86632537841795,0
2021-03-02,121.86632537841795,125.37270785746594,121.75918527388905,125.07077161615514,102260900,41.371883258821136,-2.3318756466536854,-1.3902252602671168,-0.9416503863865686,127.46016159057618,137.57681809333496,117.34350508781739,0.0,0.0,123.36525122432471,125.98694171415973,3.909731913534039,-0.12077425523115803,118.88587951660156,0
2021-03-03,118.88587951660156,122.4409643135904,118.6715993335673,121.56436694253904,112966300,37.127921922540025,-2.564988138798583,-1.6251778359734101,-0.9398103028251727,126.8402816772461,137.4511180081894,116.22944534630278,0.0,0.0,122.55082000473868,125.70846868680451,3.8997057039975433,0.1046871287070621,117.0060806274414,0
2021-03-04,117.0060806274414,120.38584631369558,115.53535272389264,118.58395606502584,178155000,34.70951432014185,-2.8683509641009692,-1.8738124615989222,-0.994538502502047,126.17747077941894,137.48378921702488,114.871152341813,0.0,0.0,121.5426855725028,125.36719856682949,3.9676191244122143,0.577063248066016,118.26252746582033,1
2021-03-05,118.26252746582033,118.76900926850234,114.51264641529036,117.83397451469976,153766600,37.63364406698447,-2.9731112536369864,-2.0936722200065354,-0.879439033630451,125.40971870422364,136.67618740261767,114.14325000582959,0.0,0.0,120.94629318946963,125.08858401384873,3.9882436764693407,-0.13689427745502514,113.33413696289062,0
2021-03-08,113.33413696289062,117.85347628547365,113.18803612592406,117.78529688568888,154376600,31.646518617683242,-3.4144547541779815,-2.357828726840825,-1.0566260273371566,124.41624336242675,136.24841244147225,112.58407428338126,0.0,0.0,119.56226478463708,124.62762530596802,4.06583279528555,0.003967051362259388,117.9411163330078,1
2021-03-09,117.9411163330078,118.8858931954571,115.7009310503409,115.93468789918522,129525800,41.08240933923512,-3.353817207935194,-2.557026423059699,-0.7967907848754949,123.64581336975098,135.049761909196,112.24186483030596,0.0,0.0,119.26751052070448,124.36540926781272,4.171970183662759,-0.1609751736986046,116.85999298095705,0
2021-03-10,116.85999298095705,118.99303824849773,116.34376908141869,118.52552453136408,111943300,39.697476146748755,-3.354332478046061,-2.7164876340569712,-0.6378448439890896,122.86515731811524,133.87595071117502,111.85436392505547,0.0,0.0,118.82978005893222,124.0710792173478,4.06320582533535,-0.1357451565634028,118.7884750366211,1
2021-03-11,118.7884750366211,120.00596925530284,118.10668124655732,119.35339413752824,103026500,43.3650786277824,-3.162671144170588,-2.805724336079695,-0.3569468080908931,122.21111717224122,132.53756511402446,111.88466923045797,0.0,0.0,118.82227005487563,123.86391826908402,3.9976894288360967,-0.07965461086103409,117.8826904296875,0
2021-03-12,117.8826904296875,118.01904922400897,116.0613233493951,117.26907585524096,88105100,42.070817993460786,-3.0487236159703173,-2.8543241920578195,-0.19439942391249776,121.52445106506347,131.05367610363558,111.99522602649137,0.0,0.0,118.6514373957505,123.62936031459789,3.906936733006804,-0.14483069889785638,120.76571655273438,1
2021-03-15,120.76571655273438,120.7754585897514,117.28855243734996,118.2528134651182,92403800,47.44715137160971,-2.694720208094921,-2.8224033952652396,0.12768318717031857,120.97024879455566,129.2388820427949,112.70161554631642,0.0,0.0,119.03585178792937,123.5170605592307,3.876934548677849,0.048790592145063094,122.30461120605467,1
2021-03-16,122.30461120605467,123.91170522216096,121.47671654048352,122.43122794234344,115227900,50.10884083702673,-2.263897221510618,-2.7107021605143156,0.44680493900369767,120.59915580749512,127.8683562521952,113.32995536279505,0.0,0.0,119.63017168213396,123.46951352577281,3.82472412873133,0.24700391109456543,121.51568603515624,0
2021-03-17,121.51568603515624,122.58707964634335,119.15861117334904,120.82415009129004,111932600,48.745796752470135,-1.963492647688497,-2.5612602579491517,0.5977676102606546,120.30306129455566,126.88377507381996,113.72234751529136,0.0,0.0,119.97299247359254,123.39289283986628,3.7964201533215425,-0.02859810861779133,117.39568328857422,0
2021-03-18,117.39568328857422,119.97677300065472,117.19114511333716,119.68457136117529,121229700,42.278000093256324,-2.03441814202597,-2.4558918347645156,0.4214736927385454,119.8559959411621,125.9317867138047,113.78020516851952,0.0,0.0,119.5043908035892,123.15770815158032,3.834143065357081,0.08305980563303272,116.86973571777344,0
2021-03-19,116.86973571777344,118.27229182875168,116.5677994448256,116.78207967633584,185549500,41.52062212446966,-2.1087582285135227,-2.386465113514317,0.2777068850007942,119.37484207153321,124.75659633244128,113.99308781062514,0.0,0.0,119.02536260616814,122.91112099731339,3.6820251595405815,0.5305614053321916,120.18132781982422,1
2021-03-22,120.18132781982422,120.64884902153916,117.1327239795706,117.20090338075846,111912300,47.85481798556509,-1.8787978638770397,-2.2849316635868613,0.40613379970982155,119.24773597717285,124.42326535309606,114.07220660124965,0.0,0.0,119.23553809956015,122.80407028447067,3.6889600269852347,-0.3968601370523769,119.35343170166016,0
2021-03-23,119.35343170166016,121.0092213877964,118.96383194286418,120.12288918175794,95467100,46.49883418777745,-1.7432616803387333,-2.1765976669372358,0.4333359865985025,119.08605346679687,124.03110427047027,114.14100266312347,0.0,0.0,119.25697329994196,122.66875112436045,3.571562128267163,-0.14694720776894055,116.96711730957033,0
2021-03-24,116.96711730957033,119.70404974763235,116.94764066899516,119.62612832333969,88530500,42.73962863557472,-1.8075673948234225,-2.102791612514473,0.29522421769105067,118.82989234924317,123.6552300948416,114.00455460364473,0.0,0.0,118.84063584714711,122.44515764142751,3.5133369104364505,-0.07265958639154224,117.45410919189452,1
2021-03-25,117.45410919189452,118.49629146995656,115.90545997424265,116.43141841542509,98844700,43.73925620043978,-1.7985019509457203,-2.0419336802007226,0.24343172925500234,118.81041221618652,123.65462648908434,113.9661979432887,0.0,0.0,118.58854009164664,122.24943025124976,3.4474436665276977,0.1165044815063736,118.05799102783205,1
2021-03-26,118.05799102783205,118.32097396831912,115.82754049090362,117.2203543220512,94071200,45.02098443235228,-1.7227307364830153,-1.9780930914571813,0.25536235497416593,118.80797653198242,123.65365242602856,113.96230063793628,0.0,0.0,118.49207662549851,122.08506008562554,3.3793000815911127,-0.048292928199488716,118.23331451416016,1
2021-03-29,118.23331451416016,119.3923715504468,117.59048134086396,118.48655542775975,80819200,45.409830524022695,-1.6297476466244518,-1.9084240024906356,0.2786763558661838,118.49629745483398,122.58938586459743,114.40320904507053,0.0,0.0,118.44502896889153,121.93401123968572,3.2666279478762354,-0.14087202034203883,116.7820816040039,0
2021-03-30,116.7820816040039,117.26907943602144,115.76912522168776,116.9866198017316,85671900,42.716683811386844,-1.6540928921708087,-1.8575577804266703,0.20346488825586162,118.24208526611328,122.09061315844606,114.3935573737805,0.0,0.0,118.14267490254832,121.73197478338447,3.209310901061676,0.06004390045929675,118.97355651855467,1
2021-03-31,118.97355651855467,120.30792565051348,117.9995609800172,118.48655874928596,118323800,47.75556625836715,-1.4794982293478398,-1.7819458702109043,0.3024476408630645,118.24646911621093,122.09811887920003,114.39481935322183,0.0,0.0,118.29374428727675,121.62380151809703,3.2319204114508118,0.3811273007835707,119.80144500732422,1
2021-04-01,119.80144500732422,120.95075998024409,119.30470522783452,120.44428559619276,75089100,49.56064287907314,-1.2598047738513998,-1.6775176509390035,0.41771287708760374,118.38623733520508,122.25055390613262,114.52192076427754,0.0,0.0,118.56787169092175,121.55233655689025,3.1422977721821406,-0.36539309927504016,122.62605285644533,1
2021-04-05,122.62605285644533,122.87929380413212,119.86964340519192,120.64884289146045,88651200,55.242524700234995,-0.8479986794573193,-1.5116138566426667,0.6636151771853473,118.60441360473632,122.8863156734988,114.32251153597385,0.0,0.0,119.30572281192603,121.59444307844143,3.1376942739411233,0.18061343124368245,122.927978515625,1
2021-04-06,122.927978515625,123.82405264578033,122.38254338092112,123.21043811923847,80171300,55.815478175646504,-0.49160953662759255,-1.307612992639652,0.8160034560120595,119.08410568237305,123.03350397837963,115.13470738636647,0.0,0.0,119.9643147580531,121.64673858578196,3.016538201863843,-0.09565465554893782,124.57402801513672,1
2021-04-07,124.57402801513672,124.59350465582357,121.88579830959569,122.55785759372996,83466700,58.904199808929675,-0.0754760938611696,-1.0611856128839556,0.985709519022786,119.41575126647949,123.9900661047994,114.84143642815958,1.0,0.0,120.80244444115921,121.76153424967823,2.9944787836041313,0.04110448502144792,126.97005462646484,1
2021-04-08,126.97005462646484,126.99927330265552,125.17790646414028,125.59671739753476,88844600,62.96283297656919,0.44255053364138064,-0.7604383835788884,1.202988917220269,119.92125434875489,125.3993327110502,114.44317598645956,1.0,0.0,121.92382811121477,121.96578995072869,2.953819248169465,0.06443168353367268,129.5414276123047,1
2021-04-09,129.5414276123047,129.58038090088027,126.10322399320836,126.4246443564377,106686700,66.7571901323698,1.0484923115107563,-0.3986522445609595,1.4471445560717158,120.45890197753906,127.32228245530973,113.59552149976838,1.0,0.0,123.30884620232203,122.26287378059442,2.991200509562497,0.20082368540125128,127.82721710205078,0
2021-04-12,127.82721710205078,129.39535097083947,127.23307905581414,129.07393056595765,91420000,62.18357227277505,1.3745382527669534,-0.04401414509537693,1.4185523978623302,120.95612831115723,128.41589344433908,113.49636317797538,0.0,0.0,124.1303681840909,122.4810833226123,2.9424253700573577,-0.1430984368248338,130.93421936035156,1
2021-04-13,130.93421936035156,131.15824904554103,128.49923039780398,128.99597765783932,91266500,66.64419372006951,1.8621751304501686,0.3372237100137322,1.5249514204364365,121.46455345153808,130.0970108200053,112.83209608307085,1.0,0.0,125.3674320343201,122.81257885350405,2.9701829824454213,-0.0016790636622183719,128.5966339111328,0
2021-04-14,128.5966339111328,131.4894019428346,128.2362603060902,131.43096458655666,87222800,60.830564584253636,2.0365313933076123,0.6770852466725082,1.3594461466351042,121.77915458679199,130.9527907062069,112.60551846737707,0.0,0.0,125.95455964828605,123.03940454203851,2.9903943148953482,-0.04430650896002364,131.00241088867188,1
2021-04-15,131.00241088867188,131.48940869866695,130.16477406100063,130.34010100083557,89347100,64.2837754805397,2.3418408009533493,1.0100363575286766,1.3318044434246727,122.25349082946778,132.26625410408207,112.24072755485349,0.0,0.0,126.87235078290165,123.35167930073001,2.983421491512405,0.024354870515507443,130.6712188720703,0
2021-04-16,130.6712188720703,131.1679511470198,129.8140982138144,130.8075776257029,84922400,63.45440844617614,2.5279358078875873,1.313616247600459,1.2143195602871284,122.91726760864258,133.3069259380656,112.52760927921955,0.0,0.0,127.5630540718414,123.63872006823355,2.86702373734762,-0.04952259222739186,131.33355712890625,1
2021-04-19,131.33355712890625,131.9471790846723,129.87256379574342,130.0381412567294,94264200,64.44242051037563,2.6977644542317023,1.5904458889267077,1.1073185653049946,123.64045867919921,134.25673092361637,113.02418643478204,0.0,0.0,128.24860008221683,123.94047838433836,2.8104231338891394,0.11000395655327688,129.6485595703125,0
2021-04-20,129.6485595703125,132.0056272235911,128.38236227240412,131.50889480005517,94812300,59.99844778289466,2.6656615718587062,1.8054890255131075,0.8601725463455987,124.11382026672364,134.91360219047152,113.31403834297575,0.0,0.0,128.50313817096148,124.16432470535695,2.868483263696127,0.005814508583322109,130.0283966064453,1
2021-04-21,130.0283966064453,130.27189547649485,127.88560952240783,128.91804235349915,68847100,60.65708876417792,2.640432221635649,1.9724776647376159,0.6679545568980332,124.64756851196289,135.5085041825637,113.78663284136206,0.0,0.0,128.780457886504,124.3942883093212,2.8340405987240476,-0.27385898243160434,128.50894165039062,0
2021-04-22,128.50894165039062,130.6614629304673,127.9927253327982,129.58032755811567,84566500,56.639491012677986,2.469365159050426,2.071855163600178,0.3975099954502479,125.2246597290039,135.60791359848787,114.84140585951994,0.0,0.0,128.73109129811974,124.55564726387294,2.8222332415058378,0.22832334259540343,130.82705688476562,1
2021-04-23,130.82705688476562,131.60624124145804,128.72322345292264,128.72322345292264,78657500,60.89497828230853,2.4921182180685406,2.1559077744938504,0.3362104435746902,125.89330711364747,135.9045349737261,115.88207925356882,0.0,0.0,129.11217595023717,124.80158489606482,2.8418808379030933,-0.06987400448168013,131.21669006347656,1
2021-04-26,131.21669006347656,131.5478450047434,130.08685158645528,131.32383017529745,66905100,61.577545803859124,2.5126263302098835,2.227251485637057,0.28537484457282636,126.55124206542969,136.1367736227554,116.96571050810398,0.0,0.0,129.49481487991704,125.05315764772803,2.74324602221631,-0.1494123255887868,130.89527893066406,0
2021-04-27,130.89527893066406,131.88875868630524,130.62256132903624,131.49915149684074,66015800,60.63729742751082,2.4744203866180783,2.2766852658332617,0.1977351207848166,127.18434028625488,136.14066259595927,118.22801797655049,0.0,0.0,129.74944470732558,125.28226044313729,2.637742546148645,-0.013291961300409105,130.1063232421875,0
2021-04-28,130.1063232421875,131.5088791677975,129.61932548257246,130.8173358098676,107760100,58.28468154895446,2.353351795986839,2.292018571863977,0.06133322412286191,127.85055236816406,135.4995101339934,120.20159460233472,0.0,0.0,129.8143317136641,125.47143937643338,2.5843004846541007,0.6323380160507031,130.00889587402344,0
2021-04-29,130.00889587402344,133.50555049492985,129.00568184694694,132.9211473369093,151101000,57.98549394848929,2.2239066794167,2.278396193374522,-0.05448951395782187,128.4023193359375,134.91847203761648,121.88616663425853,0.0,0.0,129.8497070155476,125.6493788469271,2.72112678203473,0.4021980306254356,128.0414581298828,0
2021-04-30,128.0414581298828,130.08683981317637,127.66160046998598,128.3531289693404,109839500,52.162428440320404,1.940199298760291,2.210756814451676,-0.27055751569138486,128.81431999206544,134.0116562509279,123.61698373320299,0.0,0.0,129.52093449088127,125.74318587763125,2.6999919649744193,-0.27307231586819414,129.0933074951172,1
2021-05-03,129.0933074951172,130.58353371132102,128.40177927818544,128.6063099319876,75135100,54.77716155003998,1.7797191145751299,2.124549274476367,-0.3448301599012371,129.13768272399903,133.4909214193941,124.78444402860397,0.0,0.0,129.44318412801508,125.87456319596403,2.6887122232932614,-0.3159555533300862,124.52532958984376,0
2021-05-04,124.52532958984376,128.07068022860358,123.40523322106765,127.77847859118502,137564700,43.625209452338375,1.2693079793703532,1.9535010154551644,-0.6841930360848112,129.21755027770996,133.15046864074176,125.28463191467817,0.0,1.0,128.54902875743846,125.8216520741554,2.902952369775853,0.8308979425062322,124.7688446044922,1
2021-05-05,124.7688446044922,127.05772538948398,124.6422204183204,125.84023086704354,84000900,44.276502098190655,0.8743738662973186,1.7376755856235955,-0.8633017193262769,129.22729110717773,133.11486155001464,125.33972066434083,0.0,1.0,127.86172254781187,125.78036550671763,2.876484043337593,-0.38937169201110455,126.3661651611328,1
2021-05-06,126.3661651611328,126.3758997645555,123.8240292097585,124.56426777460712,78128300,48.48096005868033,0.6824097609573272,1.526622420690342,-0.8442126597330148,129.19709663391114,133.162918383941,125.2312748838813,0.0,0.0,127.58980302296112,125.80333804218489,2.853297365584693,-0.0699111557138078,127.03939056396484,1
2021-05-07,127.03939056396484,128.0638111341248,126.3271553590937,127.66380595625424,78973300,50.186917371532815,0.5779383742535344,1.3368856114029808,-0.7589472371494463,129.07199478149414,133.1429365142407,125.00105304874761,0.0,0.0,127.48972803041633,125.85181069009784,2.773537251973722,0.010815543151457385,123.76119232177734,0
2021-05-10,123.76119232177734,126.38568557584613,123.72216543128324,126.25886120807225,88071200,42.761618560240755,0.22799268872132927,1.1151070268666505,-0.8871143381453213,128.86869354248046,133.5311254481771,124.20626163678382,0.0,1.0,126.81181244702742,125.76982565604607,2.8123721005957134,0.11520222657531098,122.8440933227539,0
2021-05-11,122.8440933227539,123.19532046962064,119.78054551827158,120.4927732833166,126142800,40.93686715071287,-0.12193838321287842,0.8676979448507448,-0.9896363280636232,128.46418724060058,133.7072447515252,123.22112972967597,0.0,1.0,126.09040896988677,125.6550910547405,2.8958202936607167,0.4322820626947288,119.78053283691406,0
2021-05-12,119.78053283691406,121.60500079746392,119.27319817304677,120.39519702699737,112172300,35.48887222663461,-0.6390978842173354,0.5663387790371288,-1.2054366632544642,128.02338218688965,134.48790676475153,121.55885760902777,0.0,1.0,124.94315876389172,125.42471622266888,2.9440399262354613,-0.11075146579907846,121.9269790649414,1
2021-05-13,121.9269790649414,123.0782463378904,121.23426847309511,121.5464761686261,105861300,41.375658954913526,-0.865770182948367,0.2799169866400296,-1.1456871695883968,127.56961059570312,134.39784222576372,120.74137896564254,0.0,0.0,124.39476245499165,125.28755005962074,2.9693023244312386,-0.056261661747151526,124.34660339355467,1
2021-05-14,124.34660339355467,124.7758918234003,122.78556470814284,123.1758262404007,81918000,47.22230375329502,-0.8404776479571154,0.0558380597206006,-0.8963157076777161,127.25337982177734,134.0635413388974,120.44321830465726,0.0,0.0,124.38600626200311,125.25065019036325,2.9607030697189285,-0.22617613802211012,123.19532775878906,0
2021-05-17,123.19532775878906,123.83926036065176,122.12211419930364,123.73193826034132,74244600,44.9264365563227,-0.9029231182107083,-0.13591417586566118,-0.767008942345047,126.84646835327149,133.60516497718646,120.08777172935653,0.0,0.0,124.16951926141873,125.17004931069367,2.9081163643283645,-0.09367172050098882,121.80989837646484,0
2021-05-18,121.80989837646484,123.8977887358132,121.74160317568686,123.47825894714308,63342900,42.26353462911118,-1.052076493002673,-0.3191466392930635,-0.7329298537096094,126.4545352935791,133.4236527663679,119.48541782079029,0.0,0.0,123.74049728233621,125.03827868582196,2.8544070211710766,-0.14683492132761167,121.65379333496094,0
2021-05-19,121.65379333496094,121.87818865261367,119.86835215925528,120.16105011854478,92612000,41.961731444903336,-1.1693978982957702,-0.4891968910936049,-0.6802010072021654,126.03580513000489,133.1013685388145,118.97024172119526,0.0,0.0,123.3610965646316,124.90555377010192,2.7940805548987417,0.46207388673395133,124.2100067138672,1
2021-05-20,124.2100067138672,124.61002681126666,122.05382097524402,122.18066024691666,76857100,48.45295589344166,-1.044075448874267,-0.6001726026497374,-0.4439028462245296,125.82085838317872,132.83376113379532,118.80795563256211,0.0,0.0,123.5154438644926,124.87827741495546,2.8056629064278122,-0.17011726342158684,122.3757781982422,0
2021-05-21,122.3757781982422,124.8831983677244,122.16113401006866,124.70758107227503,79295400,44.59841527825847,-1.080310272381638,-0.6962001365961176,-0.38411013578552045,125.39829444885254,132.16792329273335,118.62866560497173,0.0,0.0,123.30823192517434,124.78014019077062,2.799691581515521,0.031725110627385034,124.00511169433594,1
2021-05-24,124.00511169433594,124.82466155300956,122.87336158160026,122.94165678285484,63092900,48.516397881928974,-0.9664128293171785,-0.7502426751403298,-0.2161701541768487,125.0377155303955,131.2767260440909,118.79870501670011,0.0,0.0,123.43493733774918,124.74974691640064,2.7746338510335096,-0.20433089435200524,123.80997467041016,0
2021-05-25,123.80997467041016,125.19540319531396,123.24409593795777,124.70757079826136,72009500,48.07786730042105,-0.8817301754992997,-0.7765401752121238,-0.10519000028717584,124.6834503173828,130.3281377800879,119.0387628546777,0.0,0.0,123.50312594368754,124.71289310283238,2.715824808627987,0.14132493513533229,123.76119232177734,0
2021-05-26,123.76119232177734,124.28804417802036,123.34166255348856,123.86851440973156,56575900,47.961157130819416,-0.8092266292309489,-0.7830774660158889,-0.02614916321506,124.3661937713623,129.44049091461517,119.29189662810943,0.0,0.0,123.55004710334023,124.67557150357533,2.589436009763973,-0.21432727626215986,122.22942352294922,0
2021-05-27,122.22942352294922,124.5319579811851,122.03429651202822,123.3611810284224,94625600,44.322795627802904,-0.8653922834374015,-0.7995404295001916,-0.06585185393720994,123.97722015380859,128.41438474535107,119.54005556226612,0.0,0.0,123.30993372508732,124.57964413178607,2.582880685434895,0.6725425490358969,121.57574462890624,0
2021-05-28,121.57574462890624,122.73677048730885,121.51720801205188,122.51236771666936,71311100,42.82960188977283,-0.9516800179280835,-0.8299683471857701,-0.12171167074231348,123.65393447875977,127.79158912551067,119.51627983200886,0.0,0.0,122.99462661669075,124.46184415128099,2.485500813279329,-0.24638681287093556,121.25376892089844,0
2021-06-01,121.25376892089844,122.29771402080183,120.92205152635812,122.03429182182089,67637100,42.0776606078551,-1.0341236838467296,-0.8707994145179621,-0.16332426932876754,123.26195755004883,126.6883850633673,119.83553003673036,0.0,0.0,122.6781070356376,124.33603727950128,2.406226647648214,-0.051520730994193076,122.01477813720705,1
2021-06-02,122.01477813720705,122.19039542274524,121.02937706510446,121.25377238108098,59278900,44.55537276505187,-1.02622412639829,-0.9018843568940277,-0.1243397695042624,123.136429977417,126.55245783641325,119.72040211842074,0.0,0.0,122.55750178137748,124.24500750921524,2.3172831983619693,-0.1235741922702186,120.53179931640624,0
2021-06-03,120.53179931640624,121.80989840712398,120.1317792520212,121.64403969713835,76229200,40.88509071999157,-1.12664045739119,-0.9468355769934601,-0.1798048803977298,122.9245777130127,126.4336495958363,119.41550583018909,0.0,0.0,122.1891922422918,124.09939150165411,2.2862628902779605,0.2859415407505874,122.82456970214844,1
2021-06-04,122.82456970214844,123.08799935298282,120.83424294183042,121.04888711847524,75169300,48.01505342160898,-1.0095759513875038,-0.9593836518722689,-0.05019229951523485,122.74749794006348,125.88138561876353,119.61361026136343,0.0,0.0,122.30471541681118,124.04939848990878,2.3055441150135763,-0.013904120730638625,122.83434295654295,1
2021-06-07,122.83434295654295,123.2441141916509,121.790397699319,123.09776519522116,71057600,48.04382016935675,-0.9055739739526985,-0.9486217162883549,0.04304774233565645,122.53724555969238,124.97893916890274,120.09555195048202,0.0,0.0,122.40101133312604,124.0017492533062,2.2446992848220275,-0.05469919235645404,123.65386962890624,1
2021-06-08,123.65386962890624,125.33199613747028,123.13677635872094,123.5172792346542,74403800,50.51657732354762,-0.7483956647887453,-0.908576505988433,0.16018084119968767,122.53187942504883,124.96323979051516,120.1005190595825,0.0,0.0,122.62880375054061,123.98810691509445,2.2627674202581205,0.047091373758753496,124.03437042236328,1
2021-06-09,124.03437042236328,124.63927604647924,123.43922338156383,124.11242420165917,56877900,51.66676129302845,-0.5863682006974642,-0.8441348449302393,0.25776664423277507,122.5913932800293,125.10721242433205,120.07557413572654,0.0,0.0,122.88436132723564,123.98992117028148,2.1868592234479265,-0.23555114120515352,123.0392074584961,0
2021-06-10,123.0392074584961,125.0685610035486,122.87334876469548,123.92704498219538,71186400,48.49206915554581,-0.5321275669663663,-0.7817333893374647,0.2496058223710984,122.7543270111084,124.91836873563685,120.59028528657996,0.0,0.0,122.91251516928298,123.95263827962323,2.1874558674054403,0.25156519491753393,124.24903869628906,1
2021-06-11,124.24903869628906,124.3368510759359,123.02947607177973,123.4490059123557,53522400,52.32716832665829,-0.38705645812842704,-0.7027980030956572,0.31574154496723017,122.87042999267578,125.09283604372551,120.64802394162605,0.0,0.0,123.15551944692044,123.96426182537483,2.1245929486019213,-0.24813728464987694,127.30280303955078,1
2021-06-14,127.30280303955078,127.36133965538929,123.97584053546844,124.70757800792384,96906500,60.35174271248924,-0.025380724868398374,-0.5673145474502055,0.5419338225818071,123.01823997497559,125.90702277673016,120.12945717322101,1.0,0.0,123.90957100921686,124.09518501024449,2.2146576751247022,0.8105783746618238,126.48326110839844,0
2021-06-15,126.48326110839844,127.4198916269695,126.23934861668312,126.7759590759042,62746300,57.55191578811076,0.19289612833310343,-0.4152724122935437,0.6081685406266472,123.18263664245606,126.44330579049554,119.92196749441658,1.0,0.0,124.37751466361351,124.18883505330935,2.140792341921965,-0.3525067977896219,126.98085021972656,1
2021-06-16,126.98085021972656,127.70283662845416,125.33201411236683,127.19549442536886,91815000,58.8016162258673,0.40140622871562925,-0.25193668409170916,0.6533429128073385,123.44118423461914,127.0290776373908,119.85329083184749,0.0,0.0,124.85084840108861,124.29832584414925,2.1572230686480625,0.46327353166640894,128.58090209960938,1
2021-06-17,128.58090209960938,129.32240559947226,126.49301177385304,126.63936820067508,96721700,62.6132679581869,0.6878338792200367,-0.06398257142936001,0.7518164506493967,123.78753967285157,127.91519244555222,119.65988690015091,1.0,0.0,125.52903998263783,124.46627001103005,2.2052352655745735,0.05344115885203937,127.28331756591795,0
2021-06-18,127.28331756591795,128.30773825283313,127.06867335467656,127.52723008894328,108953300,57.93225596297109,0.80089342744931,0.10899262834637402,0.691900799102936,123.9412052154541,128.34023487566685,119.54217555524134,0.0,0.0,125.84799954323421,124.57674246416292,2.155734799814448,0.12646179709413707,129.07846069335938,1
2021-06-21,129.07846069335938,129.18578275784907,126.06370663710284,127.1271612569888,79663300,62.14831517445846,1.023548155716,0.2919037338202992,0.7316444218957008,124.27633934020996,129.1436146401019,119.409064040318,0.0,0.0,126.43535611598423,124.75328043393533,2.2247591798810036,-0.26883077428586377,130.71755981445312,1
2021-06-22,130.71755981445312,130.81513075216756,128.4150256244004,128.9126165646152,74783600,65.54389881807535,1.3170827227846615,0.4969395316131717,0.8201431911714898,124.61196174621583,130.2264920560165,118.99743143641516,1.0,0.0,127.21393860661493,124.98717374297524,2.2372838904442998,-0.06125405299554498,130.44439697265625,0
2021-06-23,130.44439697265625,131.04931007255976,129.98584029942936,130.51269961588608,60214200,64.50535205690353,1.510259689971079,0.6996035632847533,0.8106561266863257,124.94368286132813,131.08840567745236,118.79896004520388,0.0,0.0,127.80129467316789,125.20118249708038,2.153440024921879,-0.19482078958488225,130.16148376464844,0
2021-06-24,130.16148376464844,131.36152922245495,129.69316099657445,131.1761533209972,68711000,63.38514689420046,1.621829654051325,0.8840487814380678,0.7377808726132573,125.26369743347168,131.78392853823888,118.74346632870447,0.0,0.0,128.23041996252798,125.39570411541638,2.1187920392760664,0.14110957216071962,129.8687744140625,0
2021-06-25,129.8687744140625,130.6297802366699,129.5760764313894,130.21025787505408,70783700,62.18195676401896,1.6674095961865163,1.0407209443877576,0.6266886517987587,125.64566497802734,132.30372775978424,118.98760219627046,0.0,0.0,128.5283025900797,125.57111863693191,2.042714308276383,0.030165475688026744,131.49807739257812,1
2021-06-28,131.49807739257812,131.95663398446408,130.10290533994575,130.1614419453381,62111300,66.0455659847267,1.814091445476734,1.195395044605553,0.618696400871181,126.14178161621093,132.98886632544637,119.2946969069755,0.0,0.0,129.06826164507942,125.8035483920553,2.0459389698567536,-0.12251973265031357,133.01034545898438,1
2021-06-29,133.01034545898438,133.16645300747723,131.0785629298999,131.51760238370522,64556100,69.19167548080641,2.0289764843151374,1.36211133254747,0.6668651517676674,126.72961044311523,133.81179219219726,119.6474286940332,0.0,0.0,129.7850041566985,126.08616788487605,2.04893547755108,0.039361597648092994,133.62501525878906,1
2021-06-30,133.62501525878906,134.06405473109936,132.5615455661884,132.85424351014055,63261400,70.39249284259594,2.2232449576422937,1.534338057566435,0.6889069000758588,127.31012229919433,134.64992577385723,119.97031882453143,0.0,0.0,130.48318799344224,126.38180895836284,2.0099050266482137,-0.02005542466165089,133.92745971679688,1
2021-07-01,133.92745971679688,133.98599632611845,132.45421890843855,133.27377610064684,52485800,70.99162241504334,2.374240100544341,1.7023184661620163,0.6719216343823249,127.97990531921387,135.16648839317395,120.79332224525379,0.0,0.0,131.10941921587033,126.67771683124262,1.9757530545790487,-0.17033451678274592,136.55197143554688,1
2021-07-02,136.55197143554688,136.5909908825578,134.39577852908815,134.54212006442484,78852600,75.60489551297847,2.674847029378782,1.8968241788053695,0.7780228505734124,128.6662754058838,136.3567322929009,120.9758185188667,1.0,0.0,132.09897416490242,127.06494250199965,2.0248800625206114,0.5023606384965076,138.5618133544922,1
2021-07-06,138.5618133544922,139.66428770082487,136.65929888430668,136.65929888430668,108181800,78.43344953783543,3.040211961123589,2.1255017352690135,0.9147102258545754,129.45264892578126,137.78641403643923,121.11888381512331,1.0,0.0,133.27403583573692,127.51580018248956,2.102554077003282,0.37194968840596254,141.0497283935547,1
2021-07-07,141.0497283935547,141.3619286538461,139.1862333107396,140.04479519196917,104911600,81.32067847555865,3.4902864040839177,2.3984586690319945,1.0918277350519232,130.32244186401368,139.62828755731962,121.01659617070773,1.0,0.0,134.6877981189765,128.04654246527642,2.152379878599755,-0.03022874457625957,139.75209045410156,0
2021-07-08,139.75209045410156,140.5521155930635,137.2446631833098,138.13250812343543,105575500,75.63324971701424,3.6996182100470776,2.658690577235011,1.0409276328120667,131.1083278656006,140.80389297822344,121.41276275297774,0.0,0.0,135.6085785435447,128.5055835628774,2.270428830860122,0.006328184871835063,141.57655334472656,1
2021-07-09,141.57655334472656,142.1033977245654,139.17644811221814,139.27401905419063,99890800,77.96651613849431,3.9670049186999847,2.920353445528006,1.0466514731719787,132.03519515991212,142.00827186850844,122.0621184513158,0.0,0.0,136.6936648710323,129.018170613146,2.3173231723949184,-0.05384487878342992,140.9814453125,0
2021-07-12,140.9814453125,142.75713571421414,140.49362024221452,142.64981360326175,76299700,75.42932943652708,4.08381489107154,3.153045734636713,0.9307691564348275,132.87181549072267,142.89901632581,122.84461465563533,0.0,0.0,137.4732613149355,129.48731864057163,2.3134797652238257,-0.2361688964349069,142.09365844726562,1
2021-07-13,142.09365844726562,143.86934850619764,140.1326074026889,140.5228614286861,100827100,76.93970858076716,4.217517029565357,3.365939993622442,0.8515770359429151,133.6113582611084,144.0594566582821,123.16325986393468,0.0,0.0,138.3133335208137,129.9816849075008,2.415141289387033,0.3214612901492404,145.5181884765625,1
2021-07-14,145.5181884765625,145.9279745686904,144.0839818158266,144.4937679079545,127050800,80.84421818502953,4.547388427821318,3.602229680462217,0.9451587473591005,134.5631046295166,145.68659521791318,123.43961404112002,0.0,0.0,139.62330714913165,130.59095955726792,2.5165109202468705,0.260085830099249,144.8645477294922,0
2021-07-15,144.8645477294922,146.34754030635762,143.50839445147628,145.60605146154572,106820300,78.12517848346512,4.701870307853056,3.8221578059403853,0.879712501912671,135.4572895050049,146.8704225588771,124.0441564511327,0.0,0.0,140.57625998192447,131.15070811304142,2.5395562727207612,-0.15923158295736828,142.8253936767578,0
2021-07-16,142.8253936767578,146.1133292004128,142.32781756831105,144.8449961921481,93251400,70.19359874495383,4.6066529924706,3.9790568432464286,0.6275961492241717,136.1695140838623,147.55509275909088,124.78393540863372,0.0,0.0,140.98519338098507,131.60853891946167,2.628553084105118,-0.12702548111173628,138.9813690185547,0
2021-07-19,138.9813690185547,140.56193247731903,138.22036304802546,140.24971726518362,121434600,58.19855845350842,4.172909220021154,4.017827318601374,0.15508190141977973,136.75441665649413,147.43390005296888,126.07493326001936,0.0,0.0,140.620861678725,131.89766951158296,2.7697300515784917,0.3022281703009284,142.59124755859375,1
2021-07-20,142.59124755859375,143.518127007473,139.47893643261804,139.96676145319103,96350000,64.35819395040868,4.073494475911218,4.0289607500633435,0.04453372584787463,137.43005599975587,147.7864583931197,127.07365360639204,0.0,0.0,140.97911365688293,132.31702551342653,2.8959463328170503,-0.20656880329000138,141.8594970703125,0
2021-07-21,141.8594970703125,142.57173225410514,141.10825732605966,141.9863363279922,74993500,62.352463868197184,3.890810583587154,4.001330716768106,-0.11052013318095177,137.98715286254884,148.03335172117707,127.94095400392062,0.0,0.0,141.1391833684156,132.6912400842848,2.7950208970825536,-0.22165542293720808,143.2254180908203,1
2021-07-22,143.2254180908203,144.59132208932277,142.25951926436974,142.38635852395822,77338200,64.57200147967684,3.81230481678017,3.9635255367705184,-0.15122071999034858,138.62620391845704,148.2906655038903,128.96174233302378,0.0,0.0,141.51849877248918,133.10434510414893,2.7905069057916765,0.03126537633261539,144.94253540039062,1
2021-07-23,144.94253540039062,145.09864294509043,143.3424702853048,143.9571344380385,71447400,67.1906803043295,3.844330399483681,3.9396865093131512,-0.09535610982947018,139.36525650024413,148.5775273431582,130.15298565733005,0.0,0.0,142.14105088665306,133.56858786086428,2.724986759254423,-0.07616934451538826,145.36204528808594,1
2021-07-26,145.36204528808594,146.18158741311717,144.10344891507248,144.65957635599287,72434100,67.81656584863606,3.8590768111674265,3.9235645696840065,-0.06448775851657995,140.13992004394532,148.6028498209203,131.67699026697034,0.0,0.0,142.72668623236814,134.031076387422,2.6787833120251565,0.013810159641918451,143.19615173339844,0
2021-07-27,143.19615173339844,145.5767400665626,142.00585756681636,145.48892025406204,104818600,61.313293638978955,3.6538743508743323,3.869626525922072,-0.21575217504773958,140.72482376098634,148.286870608428,133.1627769135447,0.0,0.0,142.8120435961918,134.39049110687205,2.742504682576662,0.44708914723866244,141.44969177246094,0
2021-07-28,141.44969177246094,143.39124006828624,139.0691040815247,141.28383310707383,118931200,56.60005729630527,3.3121448554602466,3.7581301918297068,-0.44598533636946014,141.14679107666015,147.83071047274166,134.46287168057864,0.0,0.0,142.5643432646044,134.6673225055226,2.8553354900184393,0.13463831800844517,142.09365844726562,1
2021-07-29,142.09365844726562,142.98150347673163,141.05947187985987,141.16679397009463,56699500,57.885594612925395,3.0580333917388884,3.6181108318115434,-0.5600774400726549,141.570223236084,147.29922738963623,135.84121908253175,0.0,0.0,142.47876420690642,134.9585513659831,2.788670926222248,-0.5232579844481515,142.30831909179688,1
2021-07-30,142.30831909179688,142.7668758133756,140.60093147786202,140.86436116386733,70440600,58.32869926301031,2.841217756287449,3.4627322167067245,-0.6215144604192755,141.989266204834,146.52200167129115,137.45653073837684,0.0,0.0,142.4477741859774,135.24677755130915,2.7441904554573435,0.242349579802291,141.97654724121094,0
2021-08-02,141.97654724121094,143.37171915384715,141.71311765614436,142.7960894089371,62880000,57.32480037077763,2.6125032759720455,3.292686428559789,-0.6801831525877438,142.2604949951172,146.04713308911937,138.47385690111503,0.0,0.0,142.3620965596562,135.51069008816805,2.6666483870463042,-0.10733298694218962,143.77175903320312,1
2021-08-03,143.77175903320312,144.43519376937195,141.64483467000184,142.25949882463198,64786600,61.2146778851631,2.5467466804881838,3.1434984789454683,-0.5967517984572845,142.52099227905273,145.95434739293484,139.08763716517063,0.0,0.0,142.61839882757383,135.83465357620864,2.6754848664980044,0.030321246819338343,143.37176513671875,0
2021-08-04,143.37176513671875,144.19130756729243,142.71808142038705,143.68398028393025,56368300,59.90446485746466,2.434296881110498,3.0016581593784744,-0.5673612782679762,142.63709411621093,146.02026543888562,139.25392279353625,0.0,0.0,142.7553745201456,136.13022657858158,2.589609243669959,-0.12993890711968215,143.47911071777344,1
2021-08-05,143.47911071777344,144.2401166546182,142.61078266741262,143.40105691819448,46397700,60.15096639273902,2.3270170916979964,2.866729945842379,-0.5397128541443825,142.82344512939454,145.95139822423064,139.69549203455844,0.0,0.0,142.88696291971428,136.41841811345185,2.5210181539225025,-0.17688310628491544,142.79510498046875,0
2021-08-06,142.79510498046875,143.74290453377364,142.29678337483543,143.0003050001657,54126800,57.716069267313,2.16188270110041,2.7257604968939853,-0.5638777957935752,142.88437271118164,145.95983278910148,139.8089126332618,0.0,0.0,142.8702614762151,136.66848426509958,2.4442397971379104,0.16658368841558957,142.7462615966797,0
2021-08-09,142.7462615966797,143.34230040071924,142.18931561461758,142.853744492803,48908700,57.53696100940417,2.0039707268416294,2.581402542883514,-0.5774318160418845,142.9726135253906,145.9233587405471,140.02186831023414,0.0,0.0,142.8477160435723,136.90682847418117,2.352007296349606,-0.09640510800564606,142.26751708984375,0
2021-08-10,142.26751708984375,144.32922406312062,141.97438049984515,143.08828761420278,69023100,55.71201315519645,1.8192228008589097,2.4289665944785934,-0.6097437936196837,142.98130645751954,145.92265221198375,140.03996070305533,0.0,0.0,142.74222532471254,137.11705155714833,2.3522098868443106,0.41126425359905294,142.52154541015625,1
2021-08-11,142.52154541015625,143.3618622586966,142.19909668704307,142.7071990606952,48493500,56.50042219972075,1.6740097584658997,2.2779752272760545,-0.6039654688101548,142.83147430419922,145.5364397603661,140.12650884803233,0.0,0.0,142.70210170388413,137.32899249256042,2.2672495786163975,-0.29743086010335673,145.482177734375,1
2021-08-12,145.482177734375,145.63851920327534,142.5019837127135,142.84397881224007,72282600,64.44473897267346,1.7773376199650386,2.1778477058138512,-0.40051008584881265,142.86235580444335,145.67155349689034,140.05315811199637,0.0,0.0,143.20757007306426,137.64872524714139,2.3293414294696433,0.490562652726654,145.68736267089844,1
2021-08-13,145.68736267089844,146.01957707570978,144.8763581583002,145.56033337689462,59375000,64.92286382797164,1.8544059665606198,2.113159357963205,-0.258753391402585,143.00545425415038,146.07229995117237,139.9386085571284,0.0,0.0,143.65844145448864,137.96396593042599,2.2446183928939236,-0.17857132975294188,147.66110229492188,1
2021-08-16,147.66110229492188,147.72950726446174,143.11753925492116,145.1401525423691,103296000,69.21181070278081,2.0511036329999115,2.1007482129705464,-0.04964457997063487,143.43944091796874,146.5617035864663,140.31717824947117,1.0,0.0,144.38619797093105,138.3442457878572,2.413714794082971,0.739722105263158,146.7523956298828,0
2021-08-17,146.7523956298828,148.2082823920191,145.67756689112312,146.79147353422863,92229700,65.25574215326495,2.1093476703723297,2.102468104450903,0.006879565921426689,143.6474983215332,147.0572813099421,140.23771533312427,0.0,0.0,144.8164157271041,138.67397715421114,2.4220719874267576,-0.10713193153655509,143.0100860595703,0
2021-08-18,143.0100860595703,147.27029417589944,142.80488601790597,146.37135309386304,86326000,52.05867595068846,1.8324104955209748,2.0484565826649175,-0.2160460871439427,143.70502777099608,147.02997147898387,140.3800840630083,0.0,0.0,144.48799215118885,138.84402064069582,2.568024571038665,-0.064010833820342,143.34225463867188,1
2021-08-19,143.34225463867188,144.6125025756358,141.1926123120228,141.71048021632114,86960300,52.96787050715699,1.62105253298148,1.96297577272823,-0.34192323974675,143.71086959838868,147.03283135818396,140.3889078385934,0.0,0.0,144.27967623982212,139.0204219739498,2.6288721205082615,0.007347728378472196,144.79823303222656,1
2021-08-20,144.79823303222656,145.10113537374198,143.42050150190195,144.06539901518747,60549600,56.83231134632322,1.5531315791047007,1.8810069340035243,-0.3278753548988236,143.70365447998046,147.01549587408326,140.39181308587766,0.0,0.0,144.37395929298657,139.24700279976457,2.5667298786912505,-0.3037098538068521,146.28341674804688,1
2021-08-23,146.28341674804688,146.7524262457425,144.50506608373868,144.91545125791524,60131800,60.40611032776261,1.6006938452312909,1.8249443162490777,-0.22425047101778683,143.7497230529785,147.1762062097278,140.3232398962292,0.0,0.0,144.7211333757248,139.522940601658,2.5439177560707193,-0.006900128159393337,146.1954803466797,0
2021-08-24,146.1954803466797,147.40710449199298,145.73623655262395,146.02937310982574,48606400,60.08890620939437,1.612701334022205,1.7824957198037032,-0.1697943857814983,143.8996894836426,147.47542501761993,140.32395394966525,0.0,0.0,144.98919646135295,139.784608826953,2.4815570548777415,-0.1916689671687859,144.9643096923828,0
2021-08-25,144.9643096923828,146.8794554129226,144.41712946066949,146.3811188443998,58991300,55.6803709805455,1.5055175042817268,1.727100076699308,-0.22158257241758128,144.07542037963867,147.49427175086416,140.6565690084132,0.0,0.0,144.98467159426747,139.9877343510875,2.4801834046902678,0.2136529345929754,144.16307067871094,0
2021-08-26,144.16307067871094,145.70690913613237,144.13375851701343,144.95454377317253,48597200,52.95732739926377,1.3404681721490306,1.6497736957892528,-0.30930552364022224,144.17889099121095,147.47461253168711,140.88316945073478,0.0,0.0,144.83528960962082,140.15147303060218,2.4153953485780297,-0.1761971680569847,145.1988067626953,1
2021-08-27,145.1988067626953,145.34536755607812,143.4693148530707,144.10443150378484,55802400,55.95588284493424,1.2785028482928453,1.5755195262899713,-0.29701667799712594,144.32341537475585,147.5306679486283,141.11616280088342,0.0,0.0,144.90138363745254,140.3494076867627,2.3768708738944144,0.14826368597367745,149.61532592773438,1
2021-08-30,149.61532592773438,149.976867364279,145.2085579053338,145.58963083933705,90956700,65.9288179590558,1.5676996037557274,1.5739555417831226,-0.006255938027395214,144.70535430908203,148.47394358456557,140.93676503359848,1.0,0.0,145.7584640538674,140.71277702954592,2.5483844258722192,0.6299782805040643,148.35487365722656,0
2021-08-31,148.35487365722656,149.3026732146875,147.8272249811444,149.16587817080352,86453100,61.63915907398025,1.675863836698909,1.59433720076628,0.08152663593262899,144.93451004028321,148.99427530411162,140.8747447764548,0.0,0.0,146.23053852720543,141.01246709337653,2.494078463066344,-0.04951366969118276,149.0193328857422,1
2021-09-01,149.0193328857422,151.4328005101191,148.85322564922996,149.33201585532615,80313700,63.005658295923254,1.7945150250493498,1.6343727656228941,0.16014225942645566,145.21688842773438,149.57710229767503,140.85667455779372,0.0,0.0,146.73759204693937,141.32646183033205,2.5357819194825013,-0.07101422621051179,150.1332244873047,1
2021-09-02,150.1332244873047,151.1787412864672,148.91183471793337,150.34819027947748,71115500,65.24101885029779,1.9558824938240775,1.698674711263131,0.25720778256094645,145.54959411621093,150.3244020146842,140.77478621773764,0.0,0.0,147.3549797633694,141.67182507178197,2.516576537271881,-0.11452840548997245,150.7683563232422,1
2021-09-03,150.7683563232422,151.0908050119508,149.58604446464392,150.24070759279422,57808700,66.48456739877614,2.1106865261431835,1.7810770742391417,0.3296094519040418,145.9482566833496,151.05635973756603,140.84015362913317,0.0,0.0,147.9755936833463,142.02855178752552,2.4443039665600956,-0.1871153264759441,153.1036376953125,1
2021-09-07,153.1036376953125,153.66058362239795,150.8562777588282,151.4230043452141,82278300,70.64331644759565,2.3942085808473053,1.9037033755607746,0.49050520528653063,146.46612548828125,152.22887703543907,140.70337394112343,1.0,0.0,148.9079653218856,142.46286888194854,2.476298490316929,0.4232857684051017,151.55979919433594,0
2021-09-08,151.55979919433594,153.44561765373206,150.4556581818044,153.38699333617137,74420200,64.90913971780293,2.465901608462417,2.016143022141103,0.4497585863213138,146.93073959350585,152.7624872042345,141.0989919827772,0.0,0.0,149.3901169350584,142.81961124714022,2.512988560431981,-0.09550634857550533,150.54360961914062,0
2021-09-09,150.54360961914062,152.53691096459315,150.4263460744376,151.93110647020356,57305700,61.37757421590503,2.412906360755386,2.09549568986396,0.31741067089142616,147.33184280395508,152.99647980456135,141.66720580334882,0.0,0.0,149.59984287761878,143.1225131440814,2.4842440125550938,-0.22997116374317728,145.56036376953125,0
2021-09-10,145.56036376953125,151.92135699493102,145.2965393767227,151.45234744847278,140893200,47.67813148077346,1.9463644737140555,2.065669446633979,-0.11930497291992337,147.33575210571288,152.99538342215325,141.67612078927252,0.0,0.0,148.86539213069378,143.21811512939317,2.779999270101752,1.458624534732147,146.12705993652344,1
2021-09-13,146.12705993652344,147.9542540722246,145.34536758274157,147.18234237769772,102404300,49.07028482011918,1.6038659433566522,1.9733087459785137,-0.36944280262186147,147.35773696899415,152.99495641721407,141.72051752077422,0.0,0.0,148.36751354993552,143.33219139633945,2.7677769286289853,-0.2731778396686284,144.72976684570312,0
2021-09-14,144.72976684570312,147.61225802171091,143.5474701474066,146.9087364700221,109296300,45.83214267340618,1.2057839884714951,1.81980379447711,-0.6140198060056148,147.2111701965332,152.96053147599872,141.46180891706769,0.0,0.0,147.7061050582569,143.38699827670666,2.8604205676057934,0.06730186134761929,145.6189422607422,1
2021-09-15,145.6189422607422,146.01956159972383,143.01982179601146,145.1596986106003,83281300,48.17580228658056,0.9510866610463893,1.646060367790966,-0.6949737067445767,147.15449752807618,152.9430423448431,141.36595271130926,0.0,0.0,147.3266209132542,143.47452549176688,2.8703719416134064,-0.2380226961022468,145.3844451904297,0
2021-09-16,145.3844451904297,145.56033305169905,143.8503875542624,145.04246503666727,68034100,47.59099560235654,0.7219925594656615,1.4612468061259052,-0.7392542466602436,147.27321548461913,152.80876090078553,141.73767006845273,0.0,0.0,146.97349805455883,143.54942430347916,2.7916707105324337,-0.1830807155988199,142.7169647216797,0
2021-09-17,142.7169647216797,145.41380316434896,142.42382816362286,145.41380316434896,129868800,41.43005042491747,0.32148457856095547,1.2332943606129152,-0.9118097820519597,147.24195098876953,152.87220380264222,141.61169817489684,0.0,0.0,146.19958290312624,143.5167788296831,2.8058353026891245,0.9088780479200871,139.6684112548828,0
2021-09-20,139.6684112548828,141.52491835145102,138.03663577516176,140.5087282891243,123478900,35.73617601198532,-0.2391568178303487,0.9388041249242625,-1.1779609427546112,146.98545989990234,153.4440932974079,140.52682650239677,0.0,1.0,145.01209714890015,143.3658624542007,2.9397277058197533,-0.049202733835994494,140.1471405029297,1
2021-09-21,140.1471405029297,141.29037444715544,139.51202378684255,140.6356964105484,75834000,37.19586880198567,-0.637491113531155,0.623545077233179,-1.261036190764334,146.67864608764648,153.79140617212843,139.56588600316454,0.0,0.0,144.12755957690553,143.2396380639548,2.8567722025692635,-0.3858545873019601,142.51174926757812,1
2021-09-22,142.51174926757812,143.0784609405733,140.4109501394529,141.14378392401113,76404300,43.96604806808402,-0.7536817729426559,0.34809970719801203,-1.101781480140668,146.4944595336914,153.83486642077463,139.1540526466082,0.0,0.0,143.83377588430054,143.21109340527337,2.8620970765031464,0.007520373447266415,143.46929931640625,1
2021-09-23,143.46929931640625,143.71357721861844,142.30653411634987,143.29341147385273,64838200,46.481979876729554,-0.7597396159033565,0.12653184257773836,-0.8862714584810949,146.4197090148926,153.85081053945635,138.98860749032883,0.0,0.0,143.76750741741066,143.22121912727857,2.7581646497721053,-0.15138022336439183,143.55723571777344,1
2021-09-24,143.55723571777344,144.09465008430436,142.22836333396052,142.326080458617,53477900,46.718580177004455,-0.7488129182175953,-0.04853710958132838,-0.7002758086362669,146.3894172668457,153.86189121244456,138.91694332124683,0.0,0.0,143.7292761992948,143.23439624847444,2.6944590855272295,-0.17520998423768708,142.04270935058594,0
2021-09-27,142.04270935058594,142.61921652920344,140.52819828937186,142.1404264749726,74150700,43.178028824050884,-0.8525355528181535,-0.20933679822869342,-0.6431987545894601,146.23161239624022,153.92794403061274,138.5352807618677,0.0,0.0,143.4226276813477,143.1876634289494,2.7183575385896828,0.3865671613881623,138.66192626953125,0
2021-09-28,138.66192626953125,141.43691994614318,138.446960500684,139.97125238193445,108972300,36.52399909833003,-1.1937763179845717,-0.40622470217986906,-0.7875516158047027,145.68394241333007,153.88173950427193,137.4861453223882,0.0,0.0,142.55704560647197,143.01018354034477,2.7810283465405568,0.4696058162633663,139.56088256835938,1
2021-09-29,139.56088256835938,141.14379894035906,138.77919013309102,139.2091217179658,74602000,39.2067671181735,-1.3758142917214116,-0.6001426200881776,-0.7756716716332339,145.2442428588867,153.75906123526084,136.72942448251257,0.0,0.0,142.0122886904515,142.87491683556104,2.7596600839896466,-0.3154040063392256,138.26132202148438,0
2021-09-30,138.26132202148438,141.07540882378817,138.04635622911155,140.37188712321222,89056700,36.786283758246505,-1.6064264880839403,-0.8013993936873303,-0.80502709439661,144.70634231567382,153.55206217033782,135.86062246100983,0.0,0.0,141.3302947506393,142.69399154873452,2.778902406181573,0.19375754001233214,139.38499450683594,1
2021-10-01,139.38499450683594,139.64881887167329,135.9260252404235,138.65216064526572,94639600,40.222696350408455,-1.679161013603931,-0.9769517176706506,-0.7022092959332804,144.1689308166504,152.93617974374484,135.40168188955596,0.0,0.0,140.9766037972205,142.56422695885615,2.8463232079721585,0.06268927548404557,135.955322265625,0
2021-10-04,135.955322265625,138.95506236159227,135.1052398519007,138.51535016597074,98322000,34.125019053754684,-1.99060310254265,-1.1796819946450505,-0.8109211078975995,143.42827911376952,152.34189699049068,134.51466123704836,0.0,0.0,140.0636435187486,142.30505422578827,2.9487111684695213,0.03890971644005248,137.88027954101562,1
2021-10-05,137.88027954101562,138.98442090910424,136.17033348366243,136.2973628189778,80861100,39.654580947012164,-2.058367656209441,-1.3554191269579285,-0.7029485292515125,142.6671112060547,150.70257164294514,134.63165076916425,0.0,0.0,139.66666825006988,142.13153364991484,2.9544531309702156,-0.1775889424543846,138.74984741210938,1
2021-10-06,138.74984741210938,138.8964081885175,135.20292752763442,136.27775625309343,83221100,42.02213295843669,-2.0186351241379157,-1.4880623263939259,-0.5305727977439898,142.02661361694337,149.11044640584296,134.94278082804377,0.0,0.0,139.49997355225887,141.99891850333427,3.0072408116782787,0.029185850798467916,140.0103302001953,1
2021-10-07,140.0103302001953,140.9190518423827,139.45338427911526,139.7855986818326,61732700,45.368085373048665,-1.8639499250421352,-1.563239846123568,-0.30071007891856727,141.49994964599608,147.447757881889,135.55214141010316,0.0,0.0,139.5927656700655,141.9209346483092,2.947381070149352,-0.25820855528225417,139.6292724609375,0
2021-10-08,139.6292724609375,140.87997439192273,139.2970580219821,140.73341358342566,58773200,44.531399529853346,-1.751913991274904,-1.6009746751538352,-0.1509393161210688,141.2033950805664,146.89787823754088,135.5089119235919,0.0,0.0,139.59940326840584,141.8310655429221,2.8499193058487284,-0.04794055662558094,139.5413818359375,0
2021-10-11,139.5413818359375,141.49560610904814,138.56426969938218,139.01374784239874,64452200,44.328336969685154,-1.6511829364284836,-1.611016327408765,-0.04016660901971858,140.8741111755371,146.13694210070736,135.61128025036686,0.0,0.0,139.58885391704794,141.74127402500113,2.855734813264245,0.0966256729257553,138.2710723876953,0
2021-10-12,138.2710723876953,139.97125212650982,137.81182869231796,139.95170571768443,73035900,41.39057482860799,-1.6547809213923301,-1.6197692462054782,-0.03501167518685189,140.55117645263672,145.61696247878652,135.48539042648693,0.0,0.0,139.34925727534744,141.60518768628327,2.8059982861876462,0.1331793173855973,137.684814453125,0
2021-10-13,137.684814453125,138.16358964828814,136.0139468710265,138.00726310614547,78762700,40.07071982236763,-1.6855089679662854,-1.6329171905576398,-0.05259177740864551,140.15447006225585,144.7955303276852,135.5134097968265,0.0,0.0,139.04663130767062,141.45144755949275,2.766793088364873,0.0784107541633634,140.46958923339844,1
2021-10-14,140.46958923339844,140.58685278975153,138.27108764845218,138.85736070158842,69907100,48.47547038241218,-1.4682282930042447,-1.599979411046961,0.13175111804271622,139.9087272644043,143.8895832460626,135.92787128274597,0.0,0.0,139.3053509305302,141.4129433114106,2.776453463240706,-0.11243393128981105,141.52488708496094,1
2021-10-15,141.52488708496094,141.5835114147044,140.2253264406504,140.47938508226497,67940300,51.2647899277119,-1.1970788951970235,-1.5193993078769736,0.32232041267995015,139.84912338256837,143.69336047796358,136.00488628717315,0.0,0.0,139.70890295860852,141.41733326331453,2.67514857115594,-0.028134481333083494,143.1957244873047,1
2021-10-18,143.1957244873047,143.47908032380766,139.88331637742027,140.16667221392322,85589200,55.38317294457925,-0.8377118090334932,-1.3830618081082777,0.5453499990747845,140.02548904418944,144.13488752516477,135.9160905632141,0.0,0.0,140.34287050928054,141.48707409562786,2.740906812243901,0.2597707104619791,145.35516357421875,1
2021-10-19,145.35516357421875,145.75578303894451,143.195754584487,143.64521771748375,76378900,60.07865813810553,-0.37434687921953014,-1.1813188223305282,0.8069719431109981,140.2858901977539,145.00754744241462,135.56423295309318,1.0,0.0,141.2541965210875,141.63876387910202,2.7279890793436095,-0.10761053964752565,145.84368896484375,1
2021-10-20,145.84368896484375,146.32247907181252,144.7297822080243,145.29650879090318,58418800,61.07664074890777,0.031925069934942485,-0.938670043877434,0.9705951138123765,140.45248718261718,145.68411834526083,135.22085601997352,1.0,0.0,142.08864969267952,141.8036629020723,2.646896778232511,-0.23514478475076228,146.05865478515625,1
2021-10-21,146.05865478515625,146.21499623763387,144.4855043297612,145.40399172614036,61421000,61.53234233578205,0.3670137557084274,-0.6775332839602618,1.0445470396686893,140.5819549560547,146.21831095545224,134.94559895665714,0.0,0.0,142.81046880040256,141.9705253288599,2.5813678589210935,0.051390990571528405,145.28675842285156,0
2021-10-22,145.28675842285156,146.74264548774926,145.23789985010384,146.26387023963363,58883400,58.86721489658752,0.563789355196576,-0.42926875612889426,0.9930581113254703,140.6684310913086,146.53317085314774,134.80369132946947,0.0,0.0,143.26070327721146,142.10057368548703,2.5044662716871167,-0.04131485973852589,145.23788452148438,0
2021-10-25,145.23788452148438,145.95117189778182,144.24122639888336,145.27696242983234,50720600,58.693870431458095,0.7076345494990619,-0.20188809500330304,0.909522644502365,140.82818984985352,147.00000755727928,134.65637214242776,0.0,0.0,143.62019077617015,142.22360548297712,2.4477147879164987,-0.138626505942252,145.90235900878906,1
2021-10-26,145.90235900878906,147.3875583918874,145.59944178965912,145.91212476055014,60893400,60.401151533059426,0.8652760762219316,0.011544739241743873,0.8537313369801878,141.1902114868164,147.6538013641206,134.7266216095122,0.0,0.0,144.03513045482813,142.3678703271266,2.4264261509512512,0.20056545072416343,145.44308471679688,0
2021-10-27,145.44308471679688,146.30293288736218,145.09132390307514,145.94140632392703,56094900,58.598323791924585,0.942286433396049,0.1976930780726049,0.7445933553234441,141.48432159423828,148.1565352207637,134.81210796771288,0.0,0.0,144.29112213882246,142.4884669698588,2.339653496189522,-0.07880164352787,149.0779266357422,1
2021-10-28,149.0779266357422,149.6641846605071,146.2931525621037,146.39086968766787,100077900,66.99468279934996,1.2818427759024758,0.4145230176385791,0.8673197582638966,142.02515182495117,149.2917512758811,134.75855237402124,0.0,0.0,145.1614502291715,142.74687715283463,2.474042528155286,0.7840819753667445,146.37132263183594,0
2021-10-29,146.37132263183594,146.5081176612954,143.05891485963772,143.85037288076313,124953200,57.623459644379054,1.317357621988748,0.595089938508613,0.7222676834801349,142.37446823120118,149.77035450515086,134.9785819572515,0.0,0.0,145.38142702965592,142.8890122696582,2.727254617294513,0.24855937224901803,145.55055236816406,0
2021-11-01,145.55055236816406,146.27360541935798,144.41709931929685,145.57986452377787,74588300,55.10614472298745,1.2646954704302402,0.7290110448929386,0.5356844255373017,142.85422973632814,149.7502332509393,135.95822622171698,0.0,0.0,145.41217709120286,142.99338639116823,2.6720380955262684,-0.4030701094489777,146.58628845214844,1
2021-11-02,146.58628845214844,148.10081443519022,145.2476354029817,145.25741606122364,69122000,57.622028430577124,1.2916462874993044,0.8415380934142118,0.4501081940850926,143.28953018188477,149.97043842137575,136.6086219423938,0.0,0.0,145.62565188410207,143.13428451120666,2.6849767338607147,-0.07328629289043997,148.02267456054688,1
2021-11-03,148.02267456054688,148.49168405814817,146.3908996149076,146.9478455977698,54511500,60.89500341246707,1.4126254914285425,0.9557555730170781,0.4568699184114644,143.75317153930663,150.39647409775324,137.10986898086003,0.0,0.0,146.0614741889102,143.32598608176903,2.6432487131021327,-0.2113726454674344,147.50479125976562,0
2021-11-04,147.50479125976562,148.94113176601576,147.192108353955,148.11059575284676,60394600,59.12204970161288,1.449998843830116,1.0546042271796856,0.3953946166504303,144.12789459228514,150.7297850234241,137.52600416114618,0.0,0.0,146.32389547452027,143.48986079463165,2.5793754773134627,0.10792401603331414,148.033203125,1
2021-11-05,148.033203125,148.9334561453401,146.83938576662882,148.6301118041856,65463900,60.389275089845576,1.504908270501545,1.1446650358440575,0.36024323465748753,144.54809112548827,151.01968007177567,138.07650217920087,0.0,0.0,146.63467868369838,143.66803108209706,2.544710827413307,0.08393631218685105,147.2112274169922,0
2021-11-08,147.2112274169922,148.31697989696048,146.93723803048172,148.16041026715402,55020900,57.40795937691721,1.4652078130326913,1.2087735912817843,0.256434221750907,144.93158340454102,151.07147180554207,138.79169500353996,0.0,0.0,146.73950572611542,143.8069799579753,2.4614987587751247,-0.1595230348329385,147.57330322265625,1
2021-11-09,147.57330322265625,148.17999196283563,146.83939977322487,146.97639448653322,56787900,58.382608320978235,1.4462894811310036,1.2562767692516281,0.19001271187937552,145.39669494628907,150.81482838042098,139.97856151215717,0.0,0.0,146.891105270941,143.95467890953142,2.381434003834813,0.03211506900105232,144.74533081054688,0
2021-11-10,144.74533081054688,146.90790623545243,144.67684091878007,146.80026646441542,65187100,48.95908322251215,1.1893922539613584,1.2428998661935744,-0.053507612232216006,145.74972076416014,149.87863053515554,141.62081099316475,0.0,0.0,146.50096445996024,143.985684866434,2.4182217395520533,0.14790474731412862,144.69639587402344,0
2021-11-11,144.69639587402344,146.22291262356347,144.51047128224292,145.7630135429795,41000000,48.812262492163136,0.9706615282914015,1.18845219861314,-0.2177906703217385,145.9610610961914,149.35446319757227,142.56765899481053,0.0,0.0,146.172861080699,144.01355588633947,2.3678088539640894,-0.37104120293739096,146.77088928222656,1
2021-11-12,146.77088928222656,147.1720784304826,144.31474986015922,145.24435777936998,63804000,54.97639644939903,0.9537162854346661,1.1415050159774454,-0.18778873054277923,146.22336120605468,148.95011913401876,143.4966032780906,0.0,0.0,146.2815934809767,144.12168660774682,2.4027745479897527,0.5561951219512196,146.7806854248047,1
2021-11-15,146.7806854248047,148.620341460146,146.22291165316477,147.14273967083545,59222800,55.00395194506414,0.93035299502111,1.0992746117861782,-0.16892161676506823,146.4026092529297,148.75537243380816,144.04984607205122,0.0,0.0,146.3723374707636,144.22596107116087,2.4023927807748575,-0.07180114099429502,147.75924682617188,1
2021-11-16,147.75924682617188,148.2387358500832,146.13487006562903,146.72199887322225,59256200,57.78346205652615,0.9795079875979695,1.0753212869485367,-0.09581329935056715,146.52281341552734,148.89480899594705,144.15081783510763,0.0,0.0,146.62450280811055,144.36452129684758,2.3810694238948082,0.0005639719837629009,150.19577026367188,1
2021-11-17,150.19577026367188,151.6733569463972,147.7494257967945,147.7592057993934,88807000,63.78247560805648,1.2012237917525113,1.1005017879093317,0.10072200384317953,146.74041748046875,149.57640713400727,143.90442782693023,1.0,0.0,147.27382416366714,144.59319772691913,2.4912738328739437,0.4986954951549374,154.4817352294922,1
2021-11-18,154.4817352294922,155.26456834184324,149.765191484069,150.4110299216061,137827700,71.46407827803442,1.7031439342552233,1.2210302171785101,0.48211371707671313,147.16157150268555,151.54631716201231,142.77682584335878,1.0,0.0,148.5843534483626,144.98098351133376,2.706138334652537,0.5519913970745549,157.10421752929688,1
2021-11-19,157.10421752929688,157.56413140418218,153.17049212484577,154.26644947880266,117305600,74.9632104649351,2.2861780306818673,1.4340597798791817,0.8521182508026857,147.7524444580078,153.8267944878377,141.6780944281779,1.0,0.0,150.1334196448961,145.45640445321467,2.826674116415671,-0.14889677474121676,157.56417846679688,1
2021-11-22,157.56417846679688,162.14372871908944,157.54460352782965,158.21000213967926,117467900,75.52996640166467,2.753609855880171,1.6979697950793797,1.0556400608007914,148.36875915527344,155.67408430735284,141.06343400319403,1.0,0.0,151.4844667034235,145.931219120414,2.984733907371163,0.0013835656609744174,157.94580078125,1
2021-11-23,157.94580078125,158.32742995233392,155.64623082003743,157.6620164381372,96041900,76.01509068504744,3.118894007762492,1.9821546376160022,1.1367393701464898,148.97093124389647,157.28024228663395,140.661620201159,1.0,0.0,152.65925471757376,146.40237918554482,2.963052852008686,-0.18239876596074334,158.4644317626953,1
2021-11-24,158.4644317626953,158.66013635871653,156.2137915801923,157.2999692591092,69463600,76.69139795298427,3.4109146152184735,2.2679066331364965,1.143007982081977,149.62199859619142,158.72613311916476,140.51786407321808,0.0,0.0,153.7147414530504,146.87540085523702,2.9261451324740824,-0.2767365077117383,153.4445037841797,0
2021-11-26,153.4445037841797,157.00638063396804,153.00416477836075,156.14527755829806,76959800,59.27057003131929,3.2003847724580794,2.4544022610008134,0.745982511457266,149.84032745361327,159.0900680864782,140.59058682074834,0.0,0.0,153.66560733143754,147.1330127348034,3.1071538361784024,0.10791551258500864,156.8009033203125,1
2021-11-29,156.8009033203125,157.73051124922804,155.38201155737082,155.9495652762871,88748200,64.99591564071527,3.2667150891611243,2.6168648266328756,0.6498502625282487,150.3618064880371,159.94058848944053,140.78302448663368,0.0,0.0,154.2356611475966,147.51214569894103,3.1913576668119705,0.15317607374239528,161.75228881835938,1
2021-11-30,161.75228881835938,161.96756831221649,156.48775108343634,156.55625589116394,174048100,71.38603762907442,3.676438082557155,2.828779477817732,0.847658604739423,151.17189331054686,161.68127418159116,140.66251243950256,1.0,0.0,155.60232072409892,148.07058268401624,3.354819064095412,0.9611451274504723,161.23367309570312,0
2021-12-01,161.23367309570312,166.6449857878265,160.99881865483053,163.88550209995378,152052500,69.94573001561525,3.9141783407318087,3.0458592504005475,0.8683190903312612,151.9042625427246,163.05522463705674,140.75330044839248,0.0,0.0,156.6262029734815,148.586782308004,3.518486783302595,-0.12637655912359858,160.245361328125,0
2021-12-02,160.245361328125,160.6759203936693,154.41328379839803,155.3331118145511,136739200,67.16463633500419,3.976996369628978,3.2320866742462337,0.7449096953827441,152.51539688110353,164.08049332030077,140.95030044190628,0.0,0.0,157.28423176523486,149.04398148526366,3.7543369628742025,-0.10071060982226532,158.36654663085938,0
2021-12-03,158.36654663085938,161.4195945786872,156.29205136899398,160.49976670029744,118023100,62.10891617200067,3.8310139221781867,3.3518721238326243,0.47914179834556236,153.0584846496582,164.65148405838823,141.46548524092816,0.0,0.0,157.4810162862575,149.40957227528705,3.8524231233612745,-0.13687442957103746,161.77191162109375,1
2021-12-06,161.77191162109375,164.27696654760885,160.75422372513128,160.7640037300002,107497000,66.96300090098461,3.9446349791265902,3.4704246948914177,0.47421028423517253,153.74542007446288,165.6887941880165,141.80204596090928,0.0,0.0,158.26117907440954,149.89436989669125,3.9994228943175747,-0.08918677784264262,167.50608825683594,1
2021-12-07,167.50608825683594,167.89751232351225,164.72704457429052,165.45116789916565,120405400,73.19093578509793,4.4461284165769825,3.665565439228531,0.7805629773484517,154.7601631164551,167.71614376167457,141.8041824712356,0.0,0.0,159.9420716530325,150.58502551865772,4.151292737753354,0.12008149064625062,171.32237243652344,1
2021-12-08,171.32237243652344,172.18349034092375,167.03637277945757,168.43568937410808,116998900,76.38203475895507,5.092801176302913,3.951012586643407,1.1417885896595061,155.94761657714844,170.32636534328884,141.56886781100803,1.0,0.0,162.01121725003085,151.39825480955443,4.222423082304271,-0.0282919204620391,170.81358337402344,0
2021-12-09,170.81358337402344,172.9565838887255,170.1873196788355,171.15607763147332,108923700,75.09860463064572,5.500828841457945,4.260975837606315,1.2398530038516302,157.25102920532225,172.05150320599157,142.45055520465294,0.0,0.0,163.61164745439314,152.15964024345516,4.118626019988966,-0.06901945231963724,175.5985870361328,1
2021-12-10,175.5985870361328,175.77473158616564,170.94075296583625,171.4495967498973,115402700,78.72004189692373,6.139530821773775,4.636686834439807,1.5028439873339678,158.79613876342773,174.4584306938129,143.13384683304258,1.0,0.0,165.79109101470942,153.07881462748173,4.1788061765713405,0.059482004375539965,171.96823120117188,0
2021-12-13,171.96823120117188,178.22108688608395,171.76273170193855,177.23275419312068,153237000,70.35954811614681,6.280371157730656,4.965423699097977,1.3149474586326786,160.056005859375,175.70010400965117,144.41190770909884,0.0,0.0,166.91420741224806,153.8195760617441,4.341631105683773,0.32784588228871603,170.58851623535156,0
2021-12-14,170.58851623535156,173.92533410356964,168.51402063695377,171.48876932392616,139380400,67.42855157675854,6.209082236688602,5.214155406616102,0.9949268300724992,161.24639739990235,176.28001330866974,146.21278149113496,0.0,0.0,167.58226356190323,154.47718155874833,4.418036988607494,-0.09042594151543037,175.45179748535156,1
2021-12-15,175.45179748535156,175.6475020222363,168.61181417618175,171.35172248646532,131063300,71.87585080952492,6.470424381323028,5.465409201557487,1.0050151797655404,162.63102493286132,177.5413859569972,147.72066390872544,0.0,0.0,169.0130879116211,155.29971551665435,4.605012049853713,-0.05967194813617982,168.5629119873047,0
2021-12-16,168.5629119873047,177.2523322197485,167.08532532021002,175.43225135839342,150185800,59.48571115794644,6.051901869368237,5.582707735119637,0.4691941342485997,163.54938201904298,177.51561601346413,149.58314802462183,0.0,0.0,168.93123774356357,155.81984086844454,5.002297396259768,0.1459027813278011,167.46697998046875,0
2021-12-17,167.46697998046875,169.74697513874438,166.0481029746897,166.28294252078598,195432700,57.77929570847633,5.567607298267205,5.579687647749151,-0.012080349481945696,164.1986442565918,177.6148507722936,150.78243774088997,0.0,0.0,168.6650090593645,156.27659142185726,4.909195593959404,0.30127282339608663,166.10679626464844,0
2021-12-20,166.10679626464844,166.91898445345717,163.8659512088188,164.66834446331637,107499100,55.64574617236737,5.016221029638103,5.466994324126942,-0.4507732944888385,164.64877319335938,177.68127731699101,151.61626906972774,0.0,0.0,168.1998794603252,156.66208965098633,4.815755106651586,-0.44994312620150057,169.27725219726562,1
2021-12-21,169.27725219726562,169.48273676499653,165.49030091905374,167.87793543850688,91185900,59.40825114898423,4.779972192378068,5.329589897777168,-0.5496177053990996,165.23442687988282,177.99062027212622,152.47823348763941,0.0,0.0,168.3957654124962,157.15680190770317,4.756946588029529,-0.15175196815601244,171.87039184570312,1
2021-12-22,171.87039184570312,172.08567137280502,168.45528928513505,169.32618739702795,92135300,62.2303585355667,4.7472644748288815,5.213124813187511,-0.4658603383586293,165.93065643310547,178.53874588478592,153.322566981425,0.0,0.0,169.02751567307928,157.73380543468357,4.676477695146703,0.010411697422518129,172.49661254882812,1
2021-12-23,172.49661254882812,173.05438616600892,171.5082949159227,172.07584853415432,68356600,62.901142250176186,4.7174938180259005,5.1139986141551885,-0.396504796129288,166.63226547241212,179.06079524959569,154.20373569522854,0.0,0.0,169.65826055957905,158.31273904700296,4.452878663356668,-0.2580845777894032,176.45968627929688,1
2021-12-27,176.45968627929688,176.5477510793258,173.26965909520445,173.28921909656728,74919600,66.90675052295953,4.956551249821331,5.082509141288417,-0.12595789146708647,167.78302459716798,179.34605164217217,156.2199975521638,0.0,0.0,170.89488341770956,159.0243840365047,4.4241829395810255,0.09601121179227756,175.44203186035156,0
2021-12-28,175.44203186035156,177.43825729141835,174.69834852343934,176.29336988152778,79144300,64.96696649162718,5.0061816344765475,5.067243639926043,-0.06106200544949569,168.71508102416993,179.57046487802893,157.85969717031094,0.0,0.0,171.72163768000812,159.66821336293006,4.3038776416094535,0.056389783180903263,175.53013610839844,1
2021-12-29,175.53013610839844,176.75330850310786,174.31674371757737,175.48120622634931,62348900,65.06140954759621,4.995043595124997,5.052803630965834,-0.057760035840837,169.4039733886719,180.15264623489344,158.65530054245033,0.0,0.0,172.41409193971543,160.29024954902687,4.170498151889528,-0.21221237663356673,174.3754425048828,0
2021-12-30,174.3754425048828,176.69458737092964,174.26780274374727,175.61818975957434,59773000,62.67660735779579,4.837281327032059,5.009699170179079,-0.17241784314702002,170.06106185913086,180.32747538003923,159.7946483382225,0.0,0.0,172.7707011333822,160.84261005709965,4.045947185839017,-0.04131428140672888,173.75900268554688,0
2021-12-31,173.75900268554688,175.38336444447762,173.45564335826015,174.2678317033781,64062300,61.38304919804053,4.609378010863708,4.929634938316005,-0.3202569274522977,170.73674392700195,180.06618225110148,161.40730560290243,0.0,0.0,172.95039232468488,161.34913525821523,3.8946453215803354,0.07175982467000153,178.1036834716797,1
2022-01-03,178.1036834716797,178.9550216250589,173.89598231281707,174.01340208653673,104487900,66.61312645209804,4.724876979587265,4.888683346570257,-0.16380636698299256,171.72360076904297,179.6855651722749,163.76163636581106,0.0,0.0,173.8873543514112,162.0061763646256,3.987600580004027,0.6310357261603159,175.84326171875,0
2022-01-04,175.84326171875,179.013729963492,175.27570793184103,178.7103855964708,99310400,61.91482314603738,4.581204328301254,4.827187542916457,-0.24598321461520278,172.4271682739258,179.13536818979367,165.7189683580579,0.0,0.0,174.24297387274552,162.54880716282656,3.9697735408359525,-0.049551192051902615,171.16578674316406,0
2022-01-05,171.16578674316406,176.30310888933562,170.89179742320542,175.75513024941833,94537600,53.505076710702895,4.043300921653753,4.670410218663917,-0.6271092970101639,172.6101531982422,178.9615958018914,166.25871059459297,0.0,0.0,173.68348530373072,162.88672793068292,4.072740535499827,-0.04805941774476796,168.30848693847656,0
2022-01-06,168.30848693847656,171.53766438344002,167.95621276391145,168.99346035254746,96904000,49.116305152455155,3.3478563773633425,4.405899450403802,-1.0580430730404595,172.45945892333984,179.06394064059273,165.85497720608694,0.0,0.0,172.70621287368448,163.09934593098856,4.037648470073308,0.0250313102934705,168.474853515625,1
2022-01-07,168.474853515625,170.40257420223315,167.35932100577125,169.17940193566972,86709100,49.37667673928269,2.7781116165965045,4.080341883642343,-1.3022302670458386,172.34252243041993,179.1394420979085,165.54560276293137,0.0,0.0,171.93687480858276,163.31015014999392,3.9666202362439225,-0.10520618343928012,168.4944305419922,1
2022-01-10,168.4944305419922,168.79777487885306,164.56070430318124,165.4511773077938,106765600,49.409482446186786,2.3016327022404255,3.72460004736196,-1.4229673451215343,171.9873146057129,178.8089417916856,165.16568741974018,0.0,0.0,171.31097585102083,163.5134552634056,3.9859381176316298,0.2313079019387816,171.32237243652344,1
2022-01-11,171.32237243652344,171.42021724210562,167.15380744997546,168.62161391540354,76138300,54.0424964943969,2.1276843854028016,3.4052169149701284,-1.2775325295673268,171.95502166748048,178.78281654660293,165.12722678835803,0.0,0.0,171.31304795747585,163.81968730941023,4.00597180866724,-0.2868648703327663,171.7627410888672,1
2022-01-12,171.7627410888672,173.37732250749067,171.0679876032979,172.3400748149154,74805200,54.73762079510738,2.0022820993448818,3.124629951845079,-1.122347852500197,172.01373291015625,178.81365363147935,165.21381218883315,0.0,0.0,171.39481034500153,164.13117961448697,3.884783458347635,-0.017508927832641352,168.4944305419922,0
2022-01-13,168.4944305419922,172.82934594142114,168.10300645305696,172.00737775161056,84505800,48.83398193167463,1.6204944857385613,2.823802858623776,-1.2033083728852145,171.66586456298828,178.43844992572122,164.89327920025534,0.0,0.0,170.8674685626362,164.30228749399697,3.944894603348817,0.129678150716795,169.35556030273438,1
2022-01-14,169.35556030273438,170.05031384521072,167.41804452412237,167.66267899736397,80440800,50.35331872690658,1.3716000743884251,2.5333623017767057,-1.1617622273882806,171.70549697875975,178.4139593807999,164.9970345767196,0.0,0.0,170.59257615174496,164.50045505512395,3.851135654615927,-0.048103207117144664,166.15570068359375,0
2022-01-18,166.15570068359375,168.836884364845,165.7740715864879,167.82899175117316,90956700,45.00540799425423,0.9057071035770718,2.207831262136779,-1.3021241585597072,171.63993301391602,178.53582423842425,164.7440417894078,0.0,0.0,169.785871521172,164.56536664839726,3.8318751590181086,0.13072843631589937,162.66236877441406,0
2022-01-19,162.66236877441406,167.4082840823907,162.3785993220683,166.35146124273905,94815000,40.00951686895699,0.25169944305150693,1.8166048983197247,-1.5649054552682178,171.46771163940429,179.04602850072334,163.88939477808523,0.0,1.0,168.49068920357965,164.49073928079008,3.9174329876827008,0.04241908512512005,160.97923278808594,0
2022-01-20,160.97923278808594,166.0382709410417,160.6563135530504,163.3962221186515,91420500,37.830529464758584,-0.39783534906788987,1.3737168488422018,-1.7715521979100917,171.0528106689453,179.87235319669477,162.23326814119585,0.0,1.0,167.12496985530805,164.35303314382128,4.022041873419028,-0.035801297263091336,158.92434692382812,0
2022-01-21,158.92434692382812,162.76021377251277,158.81670715554318,160.89120276470334,122848900,35.30267422434957,-1.0661189121327936,0.8857496966472028,-1.9518686087799964,170.40550842285157,180.67169410083326,160.13932274486987,0.0,1.0,165.63394750412985,164.1401434881353,4.0164322122440685,0.3437784741934249,158.15126037597656,0
2022-01-24,158.15126037597656,158.8166737850042,151.37978119467465,156.58560899416543,162294600,34.372121022251534,-1.6392241187828347,0.3807549335611953,-2.0199790523440297,169.688240814209,181.1989077293316,158.17757389908638,0.0,1.0,164.27345893537472,163.90528532687418,4.268441749166169,0.32109119414174647,156.3507537841797,0
2022-01-25,156.3507537841797,159.26679197315192,153.64999508546384,155.5679206315474,115798400,32.240607454265,-2.213187708309704,-0.13803359481298455,-2.075154113496719,168.68279418945312,181.1270289384393,156.23855944046693,0.0,0.0,162.83296708970286,163.60902918794497,4.364752830489163,-0.2864925881699083,156.2626953125,0
2022-01-26,156.2626953125,160.86181974023197,154.43283450239605,159.99092174206848,108275300,32.135645981717204,-2.6446773763829015,-0.639362351126968,-2.0053150252559333,167.72382736206055,180.87277490275895,154.57487982136215,0.0,0.0,161.63837222112053,163.3209376634177,4.512198002442503,-0.06496721889076185,155.80279541015625,0
2022-01-27,155.80279541015625,160.32363543352318,154.88296745549837,158.96346843901696,121954600,31.55780238061533,-2.98928748031517,-1.1093473769646085,-1.8799401033505614,166.73746032714843,180.34766425761282,153.12725639668403,0.0,0.0,160.57735825549065,163.02610855544665,4.5785172864126675,0.12633813990817844,166.67434692382812,1
2022-01-28,166.67434692382812,166.69392186078738,159.30595841103175,162.15350702087153,179935700,53.04969241684023,-2.3579689227006213,-1.359071686111811,-0.9988972365888102,166.3524055480957,179.50450137378832,153.2003097224031,0.0,0.0,161.6859016497338,163.16917672675572,5.029417940999701,0.47543184102936675,171.02880859375,1
2022-01-31,171.02880859375,171.2440880703996,165.87191101795182,166.5079694467073,115541600,58.65047616006079,-1.4891102167387658,-1.385079392237202,-0.10403082450156376,166.21589584350585,179.1118369828021,153.3199547042096,0.0,0.0,163.3846120031913,163.47739758428492,5.053900734674564,-0.35787284013122467,170.86251831054688,0
2022-02-01,170.86251831054688,171.08757786653237,168.6118779567779,170.27538954650117,86213900,58.36414174481454,-0.8046758660926798,-1.2689986870082977,0.46432282091561783,165.8538375854492,177.76329912957516,153.94437604132327,0.0,0.0,164.74423133180142,163.76701016178538,4.8697435328945575,-0.25382805846552237,172.06605529785156,1
2022-02-02,172.06605529785156,172.10520516503925,169.60993119295432,170.99945285212843,84914300,59.89039852657036,-0.16325938308250443,-1.0478508262231392,0.8845914431406348,165.66497726440429,177.04272802041126,154.2872265083973,0.0,0.0,166.07547205290143,164.09246291221933,4.7001385642652975,-0.015074135377242004,169.18922424316406,0
2022-02-03,169.18922424316406,172.45755270443476,168.42596575248498,170.7353161664464,89418100,54.72628639131716,0.11164460788296537,-0.8159517394019183,0.9275963472848837,165.5661491394043,176.78427851295808,154.34801976585052,0.0,0.0,166.64160881476735,164.2923359055897,4.652384877671332,0.05303935850616437,168.90505981445312,0
2022-02-04,168.90505981445312,170.580497991328,167.22962163757825,168.20940619823992,82465400,54.22888252794602,0.30308453688601844,-0.592144484144331,0.8952290210303494,165.59597778320312,176.846242190237,154.34571337616924,0.0,0.0,167.05314536016476,164.47322703927063,4.559419983105505,-0.07775495117878817,168.1898193359375,0
2022-02-07,168.1898193359375,170.43351937589156,167.49416572772904,169.36555780513737,77251200,52.92499228801477,0.39256290990553566,-0.3952030053343577,0.7877659152398934,165.58172607421875,176.8180802198894,154.3453719285481,0.0,0.0,167.25981335575977,164.618975756787,4.443700959181006,-0.06322894207752583,171.2957305908203,1
2022-02-08,171.2957305908203,171.80522273077705,167.96445422996524,168.2583925780297,74829200,57.6832142060648,0.7059583973057215,-0.1749707248063419,0.8809291221120634,165.72179107666017,177.16776773778986,154.27581441553048,0.0,0.0,167.99361648940715,164.88080927969028,4.4006343550117775,-0.03135226378360467,172.7163848876953,1
2022-02-09,172.7163848876953,173.0789003149091,171.36427769381476,172.49103867215615,71285000,59.690220638794464,1.0567796102924376,0.071379342213414,0.9854002680790236,165.79149169921874,177.38901364239996,154.19396975603752,0.0,0.0,168.85230165273225,165.18808675451402,4.213672595660136,-0.047363863304699216,168.64053344726562,0
2022-02-10,168.64053344726562,171.93261055270034,168.08206395678414,170.61970267650963,90865900,52.06125981169524,0.9944573162700294,0.2559949370247371,0.7384623792452923,165.63538131713867,176.98867499513116,154.28208763914617,0.0,0.0,168.8137983426474,165.32347682089645,4.243718905320924,0.27468471627972235,165.2308807373047,0
2022-02-11,165.2308807373047,169.5811269216294,164.64300397443432,168.846288443205,98670700,46.685712646709916,0.6623013732497043,0.33725622426973056,0.3250451489799737,165.4722038269043,176.74999888689976,154.19440876690882,0.0,0.0,168.16235877803965,165.31984560193206,4.29331919402622,0.08589360805318602,165.46600341796875,1
2022-02-14,165.46600341796875,166.1518495458794,163.19289630795137,163.98651932384257,86185500,47.09141099990761,0.41327386679671463,0.3524597527751274,0.06081411402158721,165.27772598266603,176.41421066469204,154.14124130064002,0.0,0.0,167.67211234893583,165.32557728099232,4.198007340019207,-0.1265340166837775,169.29696655273438,1
2022-02-15,169.29696655273438,169.45373566949445,166.80832036305304,167.5137664381475,62527400,53.3237836395322,0.5190610691661561,0.3857800160533332,0.13328105311282296,165.43478927612304,176.70418618089644,154.16539237134964,0.0,0.0,167.9675403859901,165.48131803674693,4.1829876908411,-0.2745020914190902,169.06182861328125,0
2022-02-16,169.06182861328125,169.83585183660028,166.6123672162483,168.3759824121772,61177400,52.91180073662908,0.5772701121013029,0.42407803526292714,0.1531920768383757,165.7547622680664,177.05447888035462,154.45504565577818,0.0,0.0,168.16650188186122,165.62173021621888,4.114451757234735,-0.021590534709583276,165.46600341796875,0
2022-02-17,165.46600341796875,168.43474911832254,165.06428820364812,167.57253401447812,69589300,46.93931001713272,0.3294504565172929,0.4051525195138003,-0.07570206299650745,165.97910079956054,177.06683385835305,154.89136774076803,0.0,0.0,167.67550216115347,165.61562328295418,4.106100946691764,0.13750012259429134,163.91795349121094,0
2022-02-18,163.91795349121094,167.0924457737123,162.83039207397334,166.3870146722984,82772700,44.60500496990677,0.0080441742925359,0.3257308504695474,-0.3176866761770115,166.2287811279297,176.8863708419998,155.5711914138596,0.0,0.0,166.99231149389118,165.54904799700347,4.117240429052279,0.18944579123514682,160.99822998046875,0
2022-02-22,160.99822998046875,163.32031494834902,158.87208401329053,161.6448765238355,91162800,40.512823651446666,-0.4767739528007553,0.16522988981548686,-0.6420038426162422,166.3711296081543,176.66314743342832,156.07911178288026,0.0,0.0,165.90247849145072,165.37058454537464,4.183571075400002,0.1013631305974072,156.83412170410156,0
2022-02-23,156.83412170410156,162.7911986729469,156.52058346872764,162.19352949330056,90009200,35.509275760382764,-1.18336347097096,-0.1044887823418025,-1.0788746886291574,166.3952980041504,176.59493584536574,156.19566016293504,0.0,0.0,164.25368634829633,165.03582129669726,4.33264565602995,-0.01265428442303218,159.4501190185547,1
2022-02-24,159.4501190185547,159.55789590082478,148.92722915533128,149.49550590272597,141147500,40.482417038146586,-1.514790077262262,-0.38654904132589446,-1.1282410359363675,166.55466918945314,176.20061083141618,156.9087275474901,0.0,0.0,163.38031047016148,164.81677414853482,4.782504305277347,0.5681452562626932,161.51747131347656,1
2022-02-25,161.51747131347656,161.78200234869726,157.61791846840168,160.5278794584224,91974200,44.14792950028786,-1.5922752401205003,-0.6276942810848156,-0.9645809590356846,166.84040298461915,175.48168353141997,158.19912243781832,0.0,0.0,163.0416124416733,164.6873897236306,4.738331417778649,-0.3483823659646823,161.78201293945312,1
2022-02-28,161.78201293945312,162.07595128148682,159.14639022474867,159.76365924798694,95056600,44.61795628153768,-1.613734366326156,-0.8249022981330837,-0.7888320681930724,166.59578628540038,175.51454893596542,157.67702363483534,0.0,0.0,162.81259435036054,164.57345337915305,4.609133534847184,0.033513746246229825,159.9008331298828,0
2022-03-01,159.9008331298828,163.23210951924372,158.69570233786408,161.37050993245586,83474400,41.91655043869939,-1.7622225626487307,-1.012366351036213,-0.7498562116125176,166.03938751220704,175.16847021703123,156.91030480738286,0.0,0.0,162.2831832193646,164.39021336937773,4.6039387953137885,-0.12184530058933307,163.19290161132812,1
2022-03-02,163.19290161132812,163.97673219026618,159.65587901852524,161.0667710705488,79724800,47.865356427453285,-1.5958620106761998,-1.1290654829642106,-0.4667965277119892,165.6559066772461,174.5845067402791,156.7273066142131,0.0,0.0,162.44858656335796,164.3432599671013,4.583718393630014,-0.04491916084452241,162.86961364746094,0
2022-03-03,162.86961364746094,165.49544453294706,162.20336719835964,165.06433685396212,76678400,47.35246510021806,-1.473125438462887,-1.197877474063946,-0.27524796439894095,165.19608459472656,173.69366297902044,156.69850621043267,0.0,0.0,162.52513694228577,164.2854699153507,4.491458317984114,-0.03821144737898374,159.87144470214844,0
2022-03-04,159.87144470214844,162.20333673673338,158.82308299816066,161.16476749621853,83737200,42.77480687498183,-1.5993467243781083,-1.2781713241267785,-0.32117540025132985,164.73019561767578,173.32216590325123,156.13822533210032,0.0,0.0,162.04264744407897,164.11237088738196,4.459677770220983,0.09205721559135305,156.0796661376953,0
2022-03-07,156.0796661376953,161.68403439715155,155.82491261205914,160.05758861933697,96418800,37.79809768450882,-1.9824899338762805,-1.419035046076679,-0.5634548877996015,164.08892593383788,173.23537223844545,154.94247962923032,0.0,0.0,160.95846902473647,163.7973628579825,4.559638056997514,0.15144523580917446,154.25729370117188,0
2022-03-08,154.25729370117188,159.58732445146612,152.65044751471495,155.6094012673305,131148300,35.651219276432215,-2.405455321623151,-1.6163191011859734,-0.7891362204371777,163.3922996520996,173.2758749378977,153.50872436630152,0.0,0.0,159.7400735113611,163.42324249889188,4.729440834122775,0.3601942774645608,159.65585327148438,1
2022-03-09,159.65585327148438,160.1065606405456,156.18742332820318,158.21556911317273,91454900,45.522627291116365,-2.2787715392161374,-1.7488095887920063,-0.5299619504241311,162.8103057861328,172.11780572867184,153.50280584359376,0.0,0.0,159.7247607404744,163.27550174487592,4.809428413069272,-0.30266042335279986,155.31541442871094,0
2022-03-10,155.31541442871094,157.14760632107578,152.82675388635474,156.9614449084205,105342000,40.18505495241672,-2.4997947907228877,-1.8990066291781826,-0.600788161544705,161.94025726318358,170.61263964116077,153.2678748852064,0.0,0.0,158.92306141106286,162.96334145796752,4.9536906253592985,0.1518464292235846,151.60206604003906,0
2022-03-11,151.60206604003906,156.06008893270172,151.37671976951566,155.71715834467904,96970100,36.26720921810677,-2.9406949898233847,-2.107344301307223,-0.8333506885161617,161.08833389282228,170.29181267851217,151.88485510713238,0.0,1.0,157.591971343604,162.51780124549973,4.934381949489781,-0.07947352433027666,147.57510375976562,0
2022-03-14,147.57510375976562,151.0043487465107,147.06562669739512,148.38832650780375,108732100,32.559872682211804,-3.573856581393187,-2.400646757324416,-1.173209824068771,160.2055450439453,170.91423758813025,149.49685249976037,0.0,1.0,155.77072269199704,161.93181310880428,4.905957477572222,0.121295120867154,151.95477294921875,1
2022-03-15,151.95477294921875,152.42508026860065,147.33999637401098,147.84947354452075,92964300,39.77098209248551,-3.6798203251294694,-2.656481470885427,-1.0233388542440425,159.5299835205078,170.52685244256662,148.533114598449,0.0,0.0,155.07691364785552,161.5405566319578,4.918752221644896,-0.14501513352542628,156.3638153076172,1
2022-03-16,156.3638153076172,156.76553056777536,151.3375306500096,153.8751690879972,102300200,46.02764449877597,-3.3691865991802104,-2.799022496544384,-0.5701641026358262,158.88332595825196,168.99196556987903,148.7746863466249,0.0,0.0,155.31089576781218,161.33754716825817,4.955127057082101,0.1004245715828549,157.3729705810547,1
2022-03-17,157.3729705810547,157.74529344907543,154.44342469949348,155.40360925613626,75615400,47.37513690298383,-3.006914893513482,-2.840600975938204,-0.16631391757527814,158.29888305664062,167.27407955533516,149.32368655794608,0.0,0.0,155.685818461129,161.18207357660316,4.837037177974948,-0.2608479748817696,160.6650390625,1
2022-03-18,160.6650390625,161.15493125437885,156.53034776701656,157.26518605483486,123511700,51.618676403364894,-2.4262017991748337,-2.75772114058553,0.3315193414106963,158.0588348388672,166.4950588518255,149.6226108259089,0.0,0.0,156.5911312977419,161.161797713305,4.821861914359758,0.633419911816905,162.03680419921875,1
2022-03-21,162.03680419921875,162.9871965878479,159.7147042118935,160.20459657921455,95811400,53.30823457341714,-1.834149571345904,-2.573006826737605,0.738857255391701,157.96477737426758,166.17656659100697,149.7529881575282,0.0,0.0,157.58125364346495,161.19611169314476,4.711192661616519,-0.22427268024000968,165.40724182128906,1
2022-03-22,165.40724182128906,165.99510360566663,161.57628048257416,162.1641422669517,81532000,57.25775154147028,-1.0805221800173683,-2.274509897393558,1.1939877173761895,158.1852279663086,166.93032812309661,149.44012780952056,0.0,0.0,159.0041605848875,161.3612540511112,4.690309123150515,-0.1490365447117984,166.7691192626953,1
2022-03-23,166.7691192626953,169.14998832074127,164.26085849061369,164.59399656875675,98062700,58.775148484049474,-0.36911993017466216,-1.8934319039497787,1.5243119737751165,158.68197784423828,168.16149657245666,149.2024591160199,0.0,0.0,160.4159712535798,161.5733271966635,4.704510602220306,0.20275106706569201,170.5511016845703,1
2022-03-24,170.5511016845703,170.61967882805246,166.76913277034842,167.60194065734933,90131400,62.73195335572842,0.4941496032724899,-1.415915602505325,1.910065205777815,159.23702697753907,170.03916422587204,148.4348897292061,1.0,0.0,162.25872224103261,161.92539678442458,4.643514099587223,-0.08087988603209983,171.1879425048828,1
2022-03-25,171.1879425048828,171.73661941189775,169.2577659174967,170.3649271443604,80546200,63.369518017231094,1.2156711595505953,-0.8895982500941411,2.1052694096447366,159.72055053710938,171.6903366720269,147.75076440219186,0.0,0.0,163.8822168344599,162.28863387150136,4.488895484931068,-0.10634695566694852,172.0501708984375,1
2022-03-28,172.0501708984375,172.1775327221898,168.52294058057433,168.6895021580393,90371900,64.26098706954267,1.8358937759545881,-0.3444998448843953,2.1803936208389834,160.23395843505858,173.3402703358412,147.12764653427595,0.0,0.0,165.36729939154674,162.6714392451067,4.429302388979954,0.12198837437396182,175.3422393798828,1
2022-03-29,175.3422393798828,175.39121664425457,172.7751938429614,173.11812439551318,100589400,67.51199415804658,2.563516459395487,0.23710341597158113,2.326413043423906,161.0060287475586,175.66961894568465,146.34243854943253,0.0,0.0,167.18092484397147,163.16833336803913,4.351569771611176,0.11306058631056781,174.17633056640625,0
2022-03-30,174.17633056640625,175.97913082903224,173.12795375967593,174.94056143752658,92633200,65.24826362083878,3.0113703777183503,0.791956808320935,2.2194135693974153,161.5552001953125,177.28890312240236,145.82149726822263,0.0,0.0,168.45281679350506,163.600019532681,4.244398864307257,-0.07909580929998583,171.08021545410156,0
2022-03-31,171.08021545410156,174.43107749837506,170.8744540788675,174.24491600419395,103049300,59.538970852355575,3.0809519243946397,1.2497558315356758,1.831196092858964,161.96573028564453,178.23456289800606,145.696897673283,0.0,0.0,168.93052564088623,163.8933605492073,4.1952720468215645,0.11244456631099875,170.7862548828125,0
2022-04-01,170.7862548828125,171.3447392929013,168.46417011530542,170.51191638497735,78751300,59.01100837515729,3.0769069718086257,1.615186059590266,1.4617209122183596,162.51147079467773,179.18980129173408,145.83314029762138,0.0,0.0,169.26793095760007,164.16367013091732,4.101364699019729,-0.23579005388682894,174.832763671875,1
2022-04-04,174.832763671875,174.88175589117134,170.91362533338986,171.04100211349504,76468400,63.773209009569975,3.36147180441651,1.964443208555515,1.3970285958609951,163.44912567138672,180.67524394863634,146.2230073941371,0.0,0.0,170.27971872383188,164.58206595605293,4.100945863972522,-0.02898872780512829,171.52105712890625,0
2022-04-05,171.52105712890625,174.695564012496,170.89399570193683,173.9117334912033,73401800,57.849470443513916,3.281932370075708,2.227941040859554,1.0539913292161542,164.31231384277345,181.33852998500984,147.28609770053706,0.0,0.0,170.50541661566356,164.85418325694914,4.089361728684354,-0.04010283986587926,168.35638427734375,0
2022-04-06,168.35638427734375,170.11999949152553,166.69075350018778,168.87566890286308,89058800,52.80204392249371,2.9297616755806075,2.368305167803765,0.5614565077768425,164.7473403930664,181.71994832024924,147.77473246588355,0.0,0.0,170.1146834632418,164.9915244734352,4.142286150115362,0.2133053957804849,168.66012573242188,1
2022-04-07,168.66012573242188,169.85546417791434,166.41642550623965,167.69994098041755,77594700,53.223890611801274,2.6446869549359064,2.423581525230193,0.22110542970571334,165.41457595825196,181.89360320487773,148.93554871162618,0.0,0.0,169.85021842127452,165.13539118947386,4.0920541873696,-0.12872506703436382,166.65155029296875,0
2022-04-08,166.65155029296875,168.30738857225097,165.77954264267717,168.30738857225097,76575500,50.0389012893199,2.230970691968025,2.3850593585777595,-0.1540886666097343,166.16705017089845,181.3802813952323,150.9538189465646,0.0,0.0,169.2686423979462,165.19484840921876,4.00552053753925,-0.013134917719895833,162.39930725097656,0
2022-04-11,162.39930725097656,165.61299973690032,162.1543610861938,165.29947642014864,72246700,44.03158745808988,1.5421995801167157,2.216487402885551,-0.6742878227688354,166.90826034545898,179.673522476132,154.14299821478596,0.0,0.0,168.01967237122446,165.08521934418968,4.040639728198943,-0.05652983003702228,164.2707061767578,1
2022-04-12,164.2707061767578,166.43602198876223,163.27132159796375,164.62342926631288,79265200,47.04469747310292,1.1342745540264048,2.000044833113722,-0.8657702790873172,167.52405700683593,178.39167295923346,156.6564410544384,0.0,0.0,167.3380421540487,165.05327765134922,4.040359371740852,0.09714630564440996,166.9552459716797,1
2022-04-13,166.9552459716797,167.5823073528285,163.39863897484116,164.00610048305086,70618900,51.11075470114653,1.015900291538827,1.8032159247987432,-0.787315633259916,168.05362854003906,177.6524723608039,158.45478471927422,0.0,0.0,167.26844284816343,165.12786464430337,4.050595729329887,-0.10908065582374105,161.9485626220703,0
2022-04-14,161.9485626220703,167.80768430539896,161.70361651341247,167.17081545269417,75329400,44.28179959352799,0.5121861686348552,1.5450099735659657,-1.0328238049311105,168.28240814208985,177.03269484341357,159.53212144076613,0.0,0.0,166.30119189796466,165.00318613362757,4.19727230523393,0.06670310639219812,161.73304748535156,0
2022-04-18,161.73304748535156,163.23211669383912,160.2633706181813,160.60628625032533,69023900,44.00921711045767,0.09450938145175769,1.2549098551431241,-1.1604004736913665,168.33580856323243,176.91077641150557,159.7608407149593,0.0,0.0,165.47062018658045,164.87494540232262,4.109520431692777,-0.08370569790812088,164.0159149169922,1
2022-04-19,164.0159149169922,164.4274375522312,160.59647667199232,161.6840380358106,67723800,47.68291798714725,-0.05169821374829553,0.9935882413648403,-1.0452864551131358,168.43476409912108,176.75868804363057,160.1108401546116,0.0,0.0,165.20612831938257,164.84125793230967,4.089623320874642,-0.018835504803408676,163.849365234375,0
2022-04-20,163.849365234375,165.4660187034269,162.742218865016,165.34843439183405,67929800,47.438369597833066,-0.17894518508248325,0.7590815560753756,-0.9380267411578589,168.35687026977538,176.8206423815815,159.89309815796926,0.0,0.0,164.95944412210847,164.8023601794495,3.9920645006986595,0.003041766705353277,163.05575561523438,0
2022-04-21,163.05575561523438,168.06245565058305,162.5560708382442,165.49542471534926,87227800,46.221910061007414,-0.3399087341209679,0.539283498036107,-0.8791922321570749,168.17120208740235,176.92412847397875,159.41827570082594,0.0,0.0,164.61331893904045,164.7338658828136,4.100230237244387,0.28408739610598,158.51930236816406,0
2022-04-22,158.51930236816406,164.47639297111272,158.2351714866705,163.0949084089232,84882400,39.92024507024353,-0.8240284833148621,0.26662110176591314,-1.0906495850807754,167.56961212158203,177.19588489978906,157.943339343375,0.0,0.0,163.50531592615383,164.49015750969008,4.253158183472802,-0.02688821682995557,159.58729553222656,1
2022-04-25,159.58729553222656,159.87142644375086,155.25665006996203,157.8628653370747,96046400,41.92755418943879,-1.108737909244553,-0.008450700436180125,-1.100287208808373,166.9895797729492,177.0615403652373,156.91761918066112,0.0,0.0,162.79294858180342,164.29788841253463,4.278988054209662,0.13152314260671227,153.63023376464844,0
2022-04-26,153.63023376464844,159.0582340646371,153.55184919980582,158.97005703556184,95623200,34.919433016621454,-1.7943728664692742,-0.365635133642799,-1.4287377328264752,166.06858291625977,177.40983319912118,154.72733263339836,0.0,1.0,161.12700043322977,163.87954901457832,4.404449359796168,-0.004406203668226971,153.40484619140625,0
2022-04-27,153.40484619140625,156.5597381127117,152.2389003975014,152.7581849182673,88063200,34.68321988880331,-2.329082193596605,-0.7583245456335602,-1.570757647963045,164.97171325683593,176.74818855743703,153.19523795623482,0.0,0.0,159.72297238926183,163.46877635484609,4.3984770994686055,-0.0790603117235148,160.3319549560547,1
2022-04-28,160.3319549560547,161.194170207573,155.7171628080034,156.03070106321982,130216800,46.6320208615013,-2.168881882415633,-1.0404360129899748,-1.128445869425658,164.27949447631835,175.4208219825031,153.1381669701336,0.0,0.0,159.83369649231508,163.3457637509719,4.640680450661329,0.47867440656255966,154.46304321289062,0
2022-04-29,154.46304321289062,162.84020491275837,154.071135335253,158.56834326506834,131747600,39.96187051010149,-2.4868275112024207,-1.329714312632464,-1.1571131985699568,163.44863586425782,174.91120348172674,151.9860682467889,0.0,0.0,158.85721407787426,162.99742176908637,4.935565388293047,0.011755779592187876,154.76675415039062,1
2022-05-02,154.76675415039062,155.0312851805643,150.17156281104934,153.54202362072925,123055300,40.436678297490374,-2.6833626440273974,-1.6004439789114508,-1.0829186651159466,162.6476608276367,174.18590574592096,151.10941590935246,0.0,0.0,158.11349409105904,162.67465048992185,4.930148029808898,-0.06597691343144008,156.25601196289062,1
2022-05-03,156.25601196289062,157.46115753940876,153.15990462040372,154.9528969165434,88966500,42.82446249770876,-2.6879623369070202,-1.817947650510565,-0.8700146863964553,161.7188232421875,172.11860340961653,151.3190430747585,0.0,0.0,157.77577006775567,162.42293917513632,4.885226950465765,-0.27702016898093784,162.66384887695312,1
2022-05-04,162.66384887695312,163.11454143572888,156.04049519291306,156.44221048032446,108256500,51.78135589102668,-2.14976755799114,-1.8843116320066802,-0.26545592598446,161.27596282958984,170.67451500568328,151.8774106534964,0.0,0.0,158.66451166942792,162.43238661442325,5.041571185633627,0.21682318625550057,153.600830078125,0
2022-05-05,153.600830078125,160.76305283929582,151.8176149978829,160.53770657596968,130525300,41.805935454939124,-2.4265820649237924,-1.9927657185901027,-0.4338163463336897,160.5381851196289,169.91424922907532,151.1621210101825,0.0,0.0,157.74384228919104,162.0860510639802,5.4561899494505255,0.20570404548456667,154.32691955566406,1
2022-05-06,154.32691955566406,156.44636712680793,151.2851189689877,153.0807608024048,116124600,42.75737086112192,-2.557884503031147,-2.1057894754783115,-0.4520950275528355,159.821524810791,168.78695565983932,150.8560939617427,0.0,0.0,157.12258361036794,161.7817713969874,5.435122678619791,-0.11032880215559737,149.20489501953125,0
2022-05-09,149.20489501953125,152.90411309612608,148.64560521517865,152.0210026549501,131577900,38.0334507644052,-3.040201652544283,-2.2926719108915057,-0.7475297416527775,158.94919204711914,168.46485327029535,149.43353082394293,0.0,1.0,155.68300386657944,161.2885605586558,5.452707797324479,0.133075162368697,151.60891723632812,1
2022-05-10,151.60891723632812,153.7970575708187,150.05858149525076,152.599963074193,115366700,41.31086091856193,-3.1916654344121866,-2.472470615595642,-0.7191948188165447,158.40967254638673,168.29798641798217,148.5213586747913,0.0,0.0,154.94226084289738,160.90896670287827,5.391240279750406,-0.1232061007205617,143.74932861328125,0
2022-05-11,143.74932861328125,152.53128118939546,143.07228159830737,150.61789721596364,142689800,34.82571759375658,-3.9009371145299667,-2.7581639153825073,-1.1427731991474595,157.38360366821288,168.77141626134417,145.9957910750816,0.0,1.0,152.90718225569444,160.2360397189725,5.681794516274526,0.23683697288732364,139.88330078125,0
2022-05-12,139.88330078125,143.45495579096956,136.19390367446763,140.08936442340104,182602000,32.152013433552895,-4.720580256613005,-3.1506471836286067,-1.5699330729843979,156.0300064086914,168.8862199431007,143.1737928742821,0.0,1.0,150.53920380579544,159.43789309396377,5.815625260741604,0.2797130558736505,144.3478546142578,1
2022-05-13,144.3478546142578,145.31927170624107,140.42295884876623,141.87516608975716,113990900,38.065500873496745,-4.952808278613475,-3.5110794026255805,-1.4417288759878941,155.14997100830078,168.65822958585323,141.64171243074833,0.0,0.0,149.41350395278857,158.84612687907335,5.788507093902281,-0.3757412295593695,142.807373046875,0
2022-05-16,142.807373046875,144.7502078730768,141.47290744658727,142.81719487180055,86643800,36.87135085645742,-5.20119846899064,-3.8491032158985927,-1.3520952530920471,154.20368728637695,168.37026075971363,140.03711381304026,0.0,0.0,148.21238924262246,158.2171561405558,5.609135189087083,-0.23990599249589217,146.4378662109375,1
2022-05-17,146.4378662109375,146.95791370140876,143.92592034755194,146.06499632256595,78336300,41.526962997537346,-5.0469212606829785,-4.08866682485547,-0.9582544358275085,153.3247848510742,167.12360940943674,139.5259602927117,0.0,0.0,147.88974869140702,157.7552232021394,5.504949865190417,-0.09588106708154531,138.1759796142578,0
2022-05-18,138.1759796142578,144.59317839270622,137.27324030149254,144.09275951105042,109742900,35.17035614714371,-5.5276019084883785,-4.376453841582052,-1.1511480669063268,152.04111557006837,166.4480664435934,137.63416469654334,0.0,0.0,146.12360885919807,156.98740972810484,5.766355296922884,0.4009201353650862,134.77114868164062,0
2022-05-19,134.77114868164062,139.00022255113117,134.03523053806913,137.25364468817165,136095600,32.93303685972481,-6.112821386054804,-4.723727350476603,-1.3890940355782018,150.62688522338868,165.95483145825162,135.29893898852575,0.0,1.0,144.05952519055126,156.11618380471407,5.709115062361396,0.24013125222679554,135.00660705566406,1
2022-05-20,135.00660705566406,138.05821430560903,130.12011571020568,136.47844306099526,137426100,33.249272254976674,-6.4828818883735835,-5.075558258055999,-1.4073236303175847,149.45125045776368,165.7533373088467,133.14916360668064,0.0,0.0,142.4135400751172,155.28835726553564,5.868328171864392,0.009776216130426008,140.4229736328125,1
2022-05-23,140.4229736328125,140.57015125059797,135.0654837610607,135.20285452842407,117726300,40.230906560458216,-6.266861507815207,-5.313818908007841,-0.9530425998073664,148.49303436279297,164.55041266365183,132.4356560619341,0.0,0.0,142.05161890378906,154.70540104464456,5.846557887797929,-0.1433483159312532,137.72463989257812,0
2022-05-24,137.72463989257812,139.30441157484717,134.75153153593112,138.1661878220446,104132700,38.093326970044345,-6.241449240127906,-5.499344974431854,-0.7421042656960521,147.69775466918946,164.22721379787868,131.16829554050025,0.0,0.0,141.26489544720525,154.03948884260274,5.8340496170181755,-0.11546782664536304,137.881591796875,1
2022-05-25,137.881591796875,139.12773541661255,135.7425158289754,135.83082238994157,92482700,38.29868538389645,-6.13789133729361,-5.627054247004206,-0.5108370902894039,146.92159194946288,163.7611446987375,130.08203920018826,0.0,0.0,140.64974932896337,153.40584582120164,5.659133186348102,-0.11187648068282108,141.08042907714844,1
2022-05-26,141.08042907714844,141.62991229122073,134.56510030460086,134.81040638033278,90601500,42.48620904254302,-5.731630845908256,-5.647969566785016,-0.08366127912324028,145.9590156555176,161.793174738191,130.12485657284418,0.0,0.0,140.72805473772428,152.92249614496427,5.759538814938943,-0.02034110163306213,146.8303680419922,1
2022-05-27,146.8303680419922,146.869610416665,142.5326018592053,142.6601657784012,90978500,49.16477712660288,-4.889333268899037,-5.496242307207821,0.6069090383087836,145.57738189697267,160.93401468576252,130.22074910818282,0.0,0.0,141.83756624759116,152.683589160534,5.761656138123059,0.004161079010833069,146.04537963867188,0
2022-05-31,146.04537963867188,147.8312145429356,144.08293159739236,146.2710719434681,103718400,48.339502992515115,-4.236314774710536,-5.244256800708364,1.0079420259978278,145.1413131713867,159.91359934417895,130.36902699859448,0.0,0.0,142.60262322778763,152.4232672185002,5.617843767224501,0.14003198557901042,145.91783142089844,0
2022-06-01,145.91783142089844,148.89093902040028,144.90715690011942,147.08547543452738,74286600,48.19793390993264,-3.686588293505366,-4.932723099267764,1.2461348057623978,144.6244041442871,158.50118148179865,130.74762680677554,0.0,0.0,143.20538835380776,152.1681520891825,5.5011250781570995,-0.28376642910033323,148.37088012695312,1
2022-06-02,148.37088012695312,148.42975116841052,144.10254995382152,145.05433838348728,72348100,51.160409051621855,-3.018193708676364,-4.549817221149484,1.5316235124731197,143.9097557067871,155.2342849651336,132.5852264484406,0.0,0.0,144.14456867619782,152.01923946321273,5.4172733736165215,-0.026094881176416784,142.65036010742188,0
2022-06-03,142.65036010742188,145.19172685572278,141.7476357595722,144.14180991397814,88570300,44.735409881718375,-2.916465147092879,-4.223146806338162,1.3066816592452835,143.36223220825195,153.78238892292438,132.94207549357952,0.0,0.0,143.87289439096583,151.65183242965233,5.503414158885407,0.22422427126628075,143.39608764648438,1
2022-06-06,143.39608764648438,145.78046996633253,142.17936438712687,144.2693764860653,71598400,45.69287992598634,-2.744038975817716,-3.9273252402340733,1.183286264416357,142.81569061279296,151.94477548527092,133.686605740315,0.0,0.0,143.78620225560556,151.3280777322732,5.367534974622569,-0.19162066742463335,145.91783142089844,1
2022-06-07,145.91783142089844,146.20237980048756,141.39438806442126,141.63969407079793,67808200,48.91594493717222,-2.376511401209342,-3.6171624724291274,1.2406510712197854,142.65133743286134,151.42586942416077,133.8768054415619,0.0,0.0,144.17377119474972,151.1159112102585,5.327567600439979,-0.05293693713826009,145.181884765625,0
2022-06-08,145.181884765625,147.05601090574325,144.69127284964156,145.79023875031248,53950200,48.02023653156732,-2.1201876910256203,-3.317767516148426,1.1975798251228058,142.32998580932616,150.19207401641967,134.46789760223265,0.0,0.0,144.35706457127247,150.8832042908611,5.11593691870153,-0.2043705628522804,139.9617919921875,0
2022-06-09,139.9617919921875,145.17208908244996,139.85385675234653,144.3184289860741,69473000,42.12772098806661,-2.3116202454177426,-3.1165380620022898,0.8049178165845472,142.14060897827147,150.039199879922,134.24201807662095,0.0,0.0,143.55792410234793,150.45491361248173,5.131086282599882,0.28772460528413246,134.55526733398438,0
2022-06-10,134.55526733398438,138.11710068108783,134.48657445941151,137.6461172993445,91437900,37.05595607663572,-2.866549481616744,-3.0665403459251808,0.19999086430843693,141.87420730590821,150.39431601063305,133.35409860118338,0.0,0.0,141.9210774171909,149.83139807214852,5.15566708618389,0.31616455313575065,129.40382385253906,0
2022-06-13,129.40382385253906,132.6614796951245,128.9720829038409,130.37522601482007,122207100,32.981605653526714,-3.6795972295048216,-3.1891517226411095,-0.49044550686371213,141.12700576782225,151.13886465016014,131.11514688548436,0.0,1.0,139.64521313270876,149.03031673020305,5.186204039323859,0.33650379109756456,130.26731872558594,1
2022-06-14,130.26731872558594,131.37610685696256,129.01135295389076,130.63038185886012,84784300,34.28589651208257,-4.205784936929064,-3.3924783654987007,-0.8133065714303629,140.5000030517578,151.53116900774813,129.46883709576747,0.0,0.0,137.94014142232277,148.29451288688475,4.984671886734426,-0.3062244337685781,132.8871612548828,1
2022-06-15,132.8871612548828,134.76130271815364,129.67856950370555,131.76856647591572,91533000,38.21474587004763,-4.361120802950779,-3.586206852989117,-0.7749139499616624,139.82246780395508,150.97548688248088,128.66944872542928,0.0,0.0,137.0214177555155,147.6903030189631,4.991676267285402,0.07959846339475596,127.61798858642578,0
2022-06-16,127.61798858642578,129.90424225906582,126.61713593346168,129.60006522049088,108123900,33.83342839825701,-4.853456172355237,-3.8396567168623412,-1.013799455492896,139.29456825256347,151.6445804283867,126.94455607674026,0.0,0.0,135.31170336113556,146.90315343337343,5.082986914009382,0.18125594048048255,129.08984375,1
2022-06-17,129.08984375,130.58130861525223,127.37270152778396,127.6278293830658,134520300,36.039369008290585,-5.066466022260471,-4.085018577941967,-0.981447444318504,139.01050300598143,152.00800445808525,126.0130015538776,0.0,0.0,134.1804561591109,146.2045922693196,4.949102640685017,0.24413103855854246,133.31890869140625,1
2022-06-21,133.31890869140625,134.48656772231706,130.8167993077871,130.91491273074396,81000500,42.020628552517984,-4.8382552709086895,-4.235665916535312,-0.6025893543733778,138.92611808776854,152.0478242783484,125.8044118971887,0.0,0.0,134.02381116498276,145.69927134469552,4.981075592944449,-0.3978566803672011,132.80870056152344,0
2022-06-22,132.80870056152344,135.17343948860204,131.395735327504,132.2592024365102,73409200,41.51621658581174,-4.645021225129028,-4.317536978254055,-0.327484246874973,138.5454044342041,151.91087658977708,125.17993227863113,0.0,0.0,133.8028819643538,145.1937587649633,4.895120490669704,-0.0937191745729965,135.67385864257812,1
2022-06-23,135.67385864257812,135.9878425646897,133.0834276529192,134.25108671150673,72433800,45.47451278353424,-4.212132695899811,-4.296456121783207,0.08432342588339559,138.4428653717041,151.86330549355426,125.02242524985394,0.0,0.0,134.14305954221274,144.82042934839916,4.772550598705174,-0.013287162916909567,139.00022888183594,1
2022-06-24,139.00022888183594,139.24553494086544,137.14571567446453,137.2732646440002,89116800,49.72854672383847,-3.5596220320227303,-4.149089303831111,0.5894672718083811,138.49879722595216,151.91873853678553,125.07885591511878,0.0,0.0,135.02618124032605,144.59218619284766,4.686773862961041,0.23032065140859648,139.00022888183594,0
2022-06-27,139.00022888183594,140.79587103060723,138.3231817633475,140.02069549958952,70207900,49.72854672383847,-3.007830235172918,-3.9208374900994727,0.9130072549265549,138.39478721618653,151.76523502453495,125.02433940783813,0.0,0.0,135.7487353569642,144.37289374927857,4.528624963268091,-0.2121810926783727,134.8594207763672,0
2022-06-28,134.8594207763672,140.7271357482501,134.74167869464102,139.46136345282662,67083400,44.69426953300723,-2.8715583316935067,-3.7109816584182798,0.839423326724773,137.79623985290527,150.66495374398335,124.92752596182721,0.0,0.0,135.58704179685563,143.99981637779186,4.632684398292447,-0.04450353877555091,136.61581420898438,1
2022-06-29,136.61581420898438,138.02877917366496,134.10388314834785,134.87905849783044,66242400,47.13876935325174,-2.5919571268590857,-3.487176752106441,0.8952196252473552,137.3247615814209,149.62856788953707,125.0209552733047,0.0,0.0,135.77409132633358,143.71024766528961,4.582128085937065,-0.012536633503966721,134.15296936035156,0
2022-06-30,134.15296936035156,135.77198324759192,131.25836106107414,134.67301697127326,98964500,44.18934428942356,-2.5398246366163733,-3.2977063290084274,0.7578816923920542,136.73651847839355,148.45161187111145,125.02142508567566,0.0,0.0,135.47934187797318,143.335452437645,4.637508447506578,0.49397515790490676,136.32144165039062,1
2022-07-01,136.32144165039062,136.42937688810812,133.11284998534265,133.48570492012948,71051600,47.31504401423446,-2.2970526779716636,-3.0975755988010745,0.8005229208294109,136.13404655456543,146.5625798687392,125.70551324039165,0.0,0.0,135.6324509275036,143.06039319108598,4.543152622882213,-0.28204962385501875,138.90211486816406,1
2022-07-05,138.90211486816406,138.9511790795148,134.3590413928598,135.18328121558443,73353800,50.843425707933555,-1.874803819177231,-2.8530212428763058,0.9782174236990748,135.94663429260254,146.02898449654893,125.86428408865615,0.0,0.0,136.22693528035097,142.89732345293217,4.54665155600884,0.032401803759521286,140.236572265625,1
2022-07-06,140.236572265625,141.41403840686974,138.43112318423007,138.6960579320058,74064300,52.610784952296974,-1.4161643360601772,-2.56564986151308,1.1494855254529028,135.78865852355958,145.49101920376222,126.08629784335692,0.0,0.0,136.95596018676443,142.7929802691162,4.434956103625327,0.009685933107759892,143.60215759277344,1
2022-07-07,143.60215759277344,143.79839942455877,140.58979232323185,140.5995991745189,66253700,56.82676364617746,-0.7722130415827451,-2.2069624975270132,1.4347494559442682,135.67287483215333,144.93420865293984,126.41154101136681,0.0,0.0,138.1643597151297,142.8247127131812,4.372589750433073,-0.10545701505313632,144.27915954589844,1
2022-07-08,144.27915954589844,144.77959333061295,142.27746932390713,142.5325821547398,64547800,57.64307772667446,-0.2048867941892354,-1.8065473568594577,1.6016605626702223,135.627738571167,144.710333373516,126.545143768818,0.0,0.0,139.2761415025422,142.881749843876,4.238985054452555,-0.02574799596098032,142.14993286132812,0
2022-07-11,142.14993286132812,143.88670373849325,141.08040216848238,142.93491514840724,63141600,54.17372810372792,0.0720816332808738,-1.4308215588313915,1.5029031921122653,135.737145614624,145.07506018906167,126.39923104018635,0.0,0.0,139.79864902232146,142.85305113867807,4.164683077521376,-0.021785405544418213,143.12132263183594,1
2022-07-12,143.12132263183594,145.66268901013973,142.32653364630602,143.02319425019243,77588800,55.48990933850491,0.36574802813947827,-1.0715076414372176,1.4372556695766958,136.1654483795166,146.0188093470287,126.31208741200449,0.0,0.0,140.40277149677863,142.86357158939015,4.118116868327821,0.22880636537560028,142.75828552246094,0
2022-07-13,142.75828552246094,143.700252180436,139.4515504526769,140.30522551606126,71185600,54.855797475036816,0.5627002429858408,-0.744666064552606,1.3073663075384467,136.8331714630127,146.57249859382975,127.09384433219563,0.0,0.0,140.8310467741754,142.8594427240204,4.127444358287197,-0.0825273750850638,145.6823272705078,1
2022-07-14,145.6823272705078,146.15331059436355,140.56033683517074,141.37475454509644,78140700,58.92702399096631,0.9438518870203438,-0.406962474238016,1.3508143612583599,137.6039218902588,147.5797775098946,127.628066270623,0.0,0.0,141.71309777350857,142.9701440787846,4.2321250297804545,0.09770374907284629,147.3504180908203,1
2022-07-15,147.3504180908203,148.02746510063992,145.4174054581408,146.96774129904725,76259900,61.08318589045502,1.364785897077752,-0.0526127999748624,1.4173986970526145,138.32708473205565,148.90891391325215,127.74525555085917,0.0,0.0,142.73806510392888,143.14191953023698,4.116263216403216,-0.024069403012770607,144.3086395263672,0
2022-07-18,144.3086395263672,148.7241480973096,143.9455764182645,147.9097302753274,81420900,55.37460185357683,1.4363753824703451,0.2451848365141791,1.191190545956166,139.16161727905273,148.82640812170592,129.49682643639954,0.0,0.0,143.02362408982674,143.18767325557542,4.16357096373478,0.06767645905646358,148.1648712158203,1
2022-07-19,148.1648712158203,148.3905486154959,144.15166737027897,145.1426985360673,82982400,60.42419804918687,1.7837146823500234,0.552890805681348,1.2308238766686754,140.11536865234376,149.3724312096507,130.85830609503682,0.0,0.0,143.95839629455284,143.3828574893105,4.168950269554934,0.019178122570494782,150.16656494140625,1
2022-07-20,150.16656494140625,150.83380527169302,147.54669777582993,148.28261602365345,64823400,62.77862974231913,2.1951986511645885,0.8813523747779961,1.3138462763865923,140.95775146484374,150.64391209467223,131.27159083501525,0.0,0.0,145.08715423034437,143.64888523252995,4.105961500005517,-0.21882953493752888,152.43319702148438,1
2022-07-21,152.43319702148438,152.64906755964233,149.0872186523304,151.59915039930192,65086600,65.29630750635144,2.6733838222800728,1.2397586642784115,1.4336251580016612,141.9389762878418,152.08916166316737,131.78879091251622,1.0,0.0,146.422798374188,143.99336804778306,4.067096314813119,0.0040602621892711355,151.1968231201172,0
2022-07-22,151.1968231201172,153.34570636779952,150.5295978961148,152.47241748797757,66675400,62.800979252066625,2.918936293873685,1.5755941901974664,1.3433421036762185,142.71512451171876,153.1988187396109,132.2314302838266,0.0,0.0,147.29080287344786,144.27585648199224,3.977740040303947,0.024410554553471853,150.07821655273438,0
2022-07-25,150.07821655273438,152.12897123891142,149.42079823109208,151.1183116577891,53623900,60.546529624440296,2.9888229053438806,1.8582399332267494,1.1305829721171312,143.26902389526367,154.07474282221537,132.46330496831197,0.0,0.0,147.79760536059086,144.5034000141782,3.887056680840761,-0.1957468571617118,148.75355529785156,0
2022-07-26,148.75355529785156,150.21556938623502,147.96857315136768,149.4011517193333,55138700,57.89598733745867,2.903845729834501,2.0673610925482997,0.8364846372862011,143.75669021606444,154.62792669285815,132.88545373927073,0.0,0.0,147.97141444009281,144.67007277040068,3.7699095061283736,0.028248598106441314,153.8461151123047,1
2022-07-27,153.8461151123047,154.37598449377768,149.3030578563077,149.71517016840275,78620700,64.35618304503399,3.210419999407918,2.2959728739202236,0.9144471254876945,144.70602493286134,155.61958783262818,133.7924620330945,0.0,0.0,149.0395418350404,145.0299175681224,3.9022323411139266,0.425871484093749,154.39561462402344,1
2022-07-28,154.39561462402344,154.68016301876492,151.51081343985047,154.0325515340952,81378700,64.98056052877365,3.457862251439792,2.5283507494241375,0.9295115020156546,145.5950149536133,156.6237034479198,134.56632645930677,0.0,0.0,150.01337325121915,145.39719980560872,3.849883572385392,0.03507981994563769,159.458740234375,1
2022-07-29,159.458740234375,160.55772152561576,156.50526076605678,158.2125962735302,101786900,70.16625449728755,4.016217486177226,2.825924096774755,1.1902933894024708,146.86030349731445,158.15121328216324,135.56939371246565,1.0,0.0,151.73071270270202,145.94863276359956,4.0150423816144585,0.25078060966813176,158.4774932861328,0
2022-08-01,158.4774932861328,160.51844113720935,157.8691391572039,157.98688125382472,67829400,68.06271222025035,4.329630321098335,3.1266653416394714,1.202964979458864,147.96810607910157,159.25323059950068,136.68298155870247,0.0,0.0,152.95740008150761,146.43996062722832,3.9174894957852433,-0.3336136575531822,157.0056610107422,0
2022-08-02,157.0056610107422,159.36060780651525,156.63280603827062,157.0939825576486,59907000,64.91888486682382,4.408430049326171,3.3830182831768116,1.0254117661493591,148.87328338623047,160.00763079021755,137.7389359822434,0.0,0.0,153.69344752318662,146.8543018187387,3.8325118009609143,-0.11679891020707833,163.01075744628906,1
2022-08-03,163.01075744628906,163.4621121282082,157.73176722636683,157.82007379818262,82507500,70.83750493799255,4.8989682409520015,3.68620827473185,1.2127599662201516,150.01199264526366,162.00541316527588,138.01857212525144,1.0,0.0,155.3875038728416,147.48788831393674,4.019936037854135,0.37725975261655575,162.69679260253906,0
2022-08-04,162.69679260253906,164.0508868761977,161.34269832888046,162.89303446062004,55474100,70.17092841576013,5.202418708496964,3.989450361484873,1.212968347012091,150.96672439575195,163.77920728625685,138.15424150524706,0.0,0.0,156.7164654600593,148.0843159330976,3.9262397885300713,-0.3276477895948853,162.4707794189453,0
2022-08-05,162.4707794189453,162.96207295817032,160.1616937873522,160.36804367078585,56697000,69.662740018607,5.362848436702819,4.264129976528462,1.0987184601743571,151.8763053894043,165.23199028964657,138.52062048916204,0.0,0.0,157.76270436167493,148.6484909717583,3.8458211729792184,0.022044521677683893,161.99911499023438,0
2022-08-08,161.99911499023438,164.88792318870864,161.34078349494277,163.47299550022427,60276900,68.54705814196723,5.389800509369223,4.489264083096614,0.900536426272609,152.8687644958496,166.1355730485741,139.60195594312512,0.0,0.0,158.5329608395948,149.1720448548358,3.8244867816068364,0.06314090692629248,162.04824829101562,1
2022-08-09,162.04824829101562,162.93258559805665,160.40732977942574,161.16392597706255,63135500,68.60346722188687,5.353414043180209,4.662094075113334,0.6913199680668747,153.8151107788086,166.86409480041885,140.76612675719832,0.0,0.0,159.1721040125804,149.6769940091958,3.7316845699656986,0.04742446940701983,166.29302978515625,1
2022-08-10,166.29302978515625,166.3912794896035,163.99376480339055,164.76018146628317,70170500,73.09314137477651,5.602513608596837,4.850177981810035,0.7523356267868024,154.99184799194336,168.0848292306471,141.89886675323962,0.0,0.0,160.46681778941237,150.3286032553119,3.7753521862958546,0.11142701016068624,165.5561065673828,0
2022-08-11,165.5561065673828,168.01257432763373,165.26132743753485,167.09876052441393,57149200,71.18986060922937,5.675044879131121,5.015151361274253,0.6598935178568688,155.98553695678712,169.1180829140195,142.85299099955472,0.0,0.0,161.3921430217706,150.92576024794212,3.702201807996071,-0.18556658424836647,169.10321044921875,1
2022-08-12,169.10321044921875,169.17198373539173,166.45021384103478,166.8629135304174,68039400,74.61612243081106,5.950158350845669,5.202152759188536,0.7480055916571331,157.07317657470702,170.75650729386595,143.3898458555481,0.0,0.0,162.79415528130662,151.6386014323059,3.6960357622827034,0.19055734813435699,170.17425537109375,1
2022-08-15,170.17425537109375,170.37076978453467,168.36629877849532,168.53333677957454,54091700,75.56121272025322,6.183334502214933,5.3983891077938155,0.7849453944211175,158.36645736694337,171.86772436873795,144.86519036514878,0.0,0.0,164.1359916612679,152.36548982206227,3.5752097082653216,-0.20499445909281977,170.01705932617188,0
2022-08-16,170.01705932617188,170.6852264080059,168.6709196812625,169.77141253005902,56377100,75.11914926974914,6.2830171642088715,5.575314719076827,0.7077024451320444,159.45906677246094,173.0178964640075,145.9002370809144,0.0,0.0,165.20527669125045,153.05770823398814,3.4637166381566127,0.04225047465692522,171.51055908203125,1
2022-08-17,171.51055908203125,173.08268924248625,169.56504107416526,169.76155547008622,79542000,76.52439021661311,6.408654362372886,5.741982647736039,0.6666717146368466,160.5262664794922,174.3488486213031,146.7036843376813,0.0,0.0,166.35169167139242,153.78134944371533,3.467568890311211,0.41089201111798945,171.1175079345703,0
2022-08-18,171.1175079345703,171.85444813238172,170.10544459568962,170.72447915963892,62290100,75.31875124679183,6.4027004590016645,5.874126209989164,0.5285742490125003,161.4604820251465,175.49287550543582,147.42808854485716,0.0,0.0,167.21820371924292,154.46119879629788,3.34481422219556,-0.21689044781373368,168.53335571289062,0
2022-08-19,168.53335571289062,170.71470043124475,168.3270058100883,170.01705694310306,70346300,67.76008688371584,6.118927275326087,5.923086423056549,0.19584085226953718,162.32730865478516,175.8491089335595,148.8055083760108,0.0,0.0,167.4573222635425,155.01304808714465,3.3052205009303064,0.12933355380710587,164.65211486816406,0
2022-08-22,164.65211486816406,166.90223255698254,164.22959465128477,166.73519456201245,69026800,58.29714035599625,5.517251838675293,5.841919506180298,-0.32466766750500575,163.05600357055664,175.37623047508345,150.73577666602984,0.0,0.0,166.94728455529184,155.39105070600817,3.3765448266928457,-0.018757205425160905,164.31802368164062,0
2022-08-23,164.31802368164062,165.7722632709113,163.74812140904885,164.17064162540487,54147100,57.552078120716395,4.956327890936507,5.664801183131541,-0.7084732921950341,163.8342269897461,174.26360845998687,153.40484551950533,0.0,0.0,166.4692371237189,155.7411280776016,3.279944614919247,-0.21556409974097013,164.61280822753906,1
2022-08-24,164.61280822753906,165.1827105189657,163.35509799580043,164.40647334198977,53841500,58.06138988629061,4.483890768695005,5.4286191002442346,-0.9447283315492294,164.3725616455078,173.7417421336261,155.0033811573895,0.0,0.0,166.13170459714073,156.08903710308934,3.1762066083653915,-0.005643884898729579,167.0692901611328,1
2022-08-25,167.0692901611328,167.17737534622174,165.41855096314578,165.841056236527,51218200,62.138213515461416,4.2586079266706065,5.194616865529509,-0.9360089388589028,165.0062454223633,173.23557693022184,156.77691391450475,0.0,0.0,166.3021746996847,156.5196352622283,3.132518073388055,-0.048722639599565354,160.77090454101562,0
2022-08-26,160.77090454101562,168.07153485537452,160.71195171096292,167.59989722186273,78961000,48.988831885342364,3.531137810925088,4.861921054608626,-1.3307832436835376,165.0718536376953,173.14262429660073,157.0010829787899,0.0,0.0,165.29648921629033,156.68635170453368,3.4344512927468793,0.5416590196453603,158.56991577148438,0
2022-08-29,158.56991577148438,160.0634374134409,157.03708224821386,158.3439099366534,73314000,45.375242598940176,2.745364253601423,4.438609694407186,-1.6932454408057627,165.07647476196288,173.1322289242653,157.02072059966048,0.0,0.0,164.07347586268924,156.76021696206115,3.4558349356079425,-0.07151631818239379,156.14288330078125,0
2022-08-30,156.14288330078125,159.72931938342805,154.97360252515915,159.3068142254931,77906200,41.72067905288324,1.9048340699601454,3.931854569517778,-2.0270204995576324,165.03333587646483,173.26874331188446,156.7979284410452,0.0,1.0,162.63154994234233,156.73600779887371,3.548683644369439,0.06263742259322913,154.48236083984375,0
2022-08-31,154.48236083984375,157.78385443277264,154.40375206464415,157.51855169061037,87991100,39.38353691754067,1.092128184810747,3.363909292576372,-2.271781107765625,164.60691604614257,174.01654145229102,155.19729063999412,0.0,1.0,161.1498791964335,156.64762948675488,3.5366421246379427,0.12944926077770447,155.20945739746094,1
2022-09-01,155.20945739746094,155.66143904544523,151.97673759886456,153.91243529158203,74229900,40.94356704633781,0.5009489040641597,2.79131721487393,-2.2903683108097703,164.23254928588867,174.47526278847567,153.98983578330166,0.0,0.0,160.0698025057112,156.5912305812924,3.5472177904909947,-0.15639308975566846,153.0968780517578,0
2022-09-02,153.0968780517578,157.56765189981036,152.2715085702032,156.9682732301626,76957800,37.892177973678145,-0.13645941360323377,2.2057618891784974,-2.342221302781731,163.76385421752929,175.08703167713736,152.4406767579212,0.0,0.0,158.80199805953785,156.4541971487616,3.6721410432850066,0.03674934224618376,151.8391876220703,0
2022-09-06,151.8391876220703,154.3546082697241,151.01381803326322,153.74540904842692,73714800,36.16420766809839,-0.734626882934748,1.6176841347558484,-2.3523110176905964,163.2558578491211,175.70570846328562,150.80600723495658,0.0,0.0,157.53603252545284,156.27321638300901,3.6484731285118555,-0.04213997801392455,153.2443084716797,1
2022-09-07,153.2443084716797,153.94193699739438,150.93522252185548,152.12415964759478,87449600,39.48451170707549,-1.0828153807848082,1.077584231647717,-2.160399612432525,162.8156608581543,176.0057422365997,149.6255794797089,0.0,0.0,156.75571906113043,156.15443568060394,3.602633224728073,0.18632350627011118,151.77040100097656,0
2022-09-08,151.77040100097656,153.6373103822705,150.02138227376568,151.94725947173376,84923800,37.29329379921551,-1.4608495248455426,0.5698974803490652,-2.0307470051946077,162.08952941894532,176.01254322464132,148.16651561324932,0.0,0.0,155.8492975956479,155.9825127519911,3.603582859283555,-0.028882922277517542,154.6297149658203,1
2022-09-09,154.6297149658203,155.07189112050955,152.0553417641127,152.76280561990976,68028800,43.80819841922705,-1.512288842514181,0.15346021577641594,-1.665749058290597,161.5432098388672,175.73415018857943,147.35226948915496,0.0,0.0,155.6275552993156,155.92946185841578,3.5820048064442283,-0.1989430524776329,160.58416748046875,1
2022-09-12,160.58416748046875,161.39971639450192,156.52609383916058,156.81103743896202,104956000,54.42681874626262,-1.060357180345136,-0.08930326344789444,-0.9710539168972415,161.11725769042968,174.87989834116942,147.35461703968994,0.0,0.0,156.5287575140707,156.1119993337904,3.8097188508897557,0.5428171597911473,151.1611785888672,0
2022-09-13,151.1611785888672,157.7445084078153,150.6993615052029,157.11565333541313,122656600,41.16842494314441,-1.4458872462909085,-0.36062006001649727,-1.0852671862744112,160.16660385131837,173.92211793156739,146.41108977106936,0.0,0.0,155.5528340731246,155.91784950065616,4.243653645488049,0.1686478143221921,152.6055908203125,1
2022-09-14,152.6055908203125,154.3644300184662,150.9351958505273,152.0946413613245,87965400,43.4427543993669,-1.6162396014745468,-0.6117439683081072,-1.0044956331664396,159.2960304260254,172.6455646596688,145.946496192382,0.0,0.0,155.01697166352238,155.7879570033878,4.185480825663111,-0.28283190631405075,149.716796875,0
2022-09-15,149.716796875,152.53683214610933,148.7440452074938,151.95709434204855,90481100,40.10360105946309,-1.9617329625524746,-0.8817417671569807,-1.079991195395494,158.20634231567382,170.93323449606063,145.479450135287,0.0,0.0,154.05330352015466,155.5498722924706,4.162342596174225,0.028598744506362683,148.07586669921875,0
2022-09-16,148.07586669921875,148.71455728301882,145.78643705402317,148.57699569456918,162278800,38.30263360010669,-2.3409631259943637,-1.1735860389244575,-1.1673770870699063,157.05426025390625,169.04802029729578,145.06050021051672,0.0,0.0,152.96649682543904,155.2567740339117,4.14577239794584,0.7935104679319769,151.79005432128906,1
2022-09-19,151.79005432128906,151.86866309017464,146.5037458032671,146.71008070263835,81474200,44.39005517096664,-2.315114661676887,-1.4018917634749433,-0.9132228982019437,156.21709518432618,167.18228304739594,145.25190732125643,0.0,0.0,152.75259818832086,155.12082424125987,4.232854175728819,-0.4979368839306182,154.1678924560547,1
2022-09-20,154.1678924560547,155.32735289857166,150.41441795742156,150.72883799724963,107689800,47.9319922840463,-2.078794849404943,-1.5372723806609434,-0.5415224687439997,155.6928840637207,165.97617588237054,145.40959224507085,0.0,0.0,153.00992441881792,155.08345436733026,4.28143137325891,0.32176566324063316,151.04327392578125,0
2022-09-21,151.04327392578125,155.9758648340084,150.92536828428254,154.600234046477,101696800,43.968906724146876,-2.119211348194824,-1.6536601741677195,-0.46555117402710455,155.02914657592774,164.69501792919678,145.3632752226587,0.0,0.0,152.65235160190215,154.92501591864206,4.336364600149407,-0.055650581577828206,150.080322265625,0
2022-09-22,150.080322265625,151.780193333908,148.28218651419172,149.72659039660394,86652500,42.79458011158618,-2.2035427962256335,-1.7636366985793024,-0.43990609764633115,154.30252227783203,163.1255600662556,145.47948448940846,0.0,0.0,152.1847099043972,154.73502793224924,4.27648190154704,-0.14793287497738372,147.810546875,0
2022-09-23,147.810546875,148.8324456934816,145.9731140864417,148.55732254844892,96029900,40.07747366205287,-2.425567548251479,-1.896022868513738,-0.529544679737741,153.3395851135254,160.408395506747,146.2707747203038,0.0,0.0,151.3894075354159,154.46347965549438,4.264390921378201,0.10821845878653247,148.14466857910156,1
2022-09-26,148.14466857910156,151.0924300246352,147.03434030349507,147.0539962445305,93339400,40.67459839324944,-2.5452231861411008,-2.0258629320392108,-0.51936025410189,152.7082733154297,159.24481612511934,146.17173050574004,0.0,0.0,150.7994549979042,154.21568314269464,4.249655121361196,-0.028017315440295176,149.11740112304688,1
2022-09-27,149.11740112304688,152.02586530633175,147.33892101138343,150.08034720002962,84442700,42.47192991171695,-2.5323681902568183,-2.127163983682732,-0.4052042065740862,152.23564758300782,158.3626365445612,146.10865862145442,0.0,0.0,150.4936270206574,154.01575051447315,4.280890062331705,-0.09531559020092262,147.2307891845703,0
2022-09-28,147.2307891845703,148.0168615520226,142.31785562934772,145.06910141888903,146691400,39.94428550657181,-2.643936673584875,-2.2305185216631607,-0.4134181519217144,151.79004287719727,158.0111491169643,145.56893663743023,0.0,0.0,149.9003837777325,153.749673599575,4.4607940217150945,0.7371708862933088,139.99899291992188,0
2022-09-29,139.99899291992188,144.16516723784525,138.2303333041484,143.55596808972413,128138200,32.066359089553686,-3.2781129745279713,-2.440037412236123,-0.8380755622918485,151.06587448120118,159.00064227868745,143.1311066837149,0.0,1.0,148.10013089449419,153.21043121998076,4.785055583051297,-0.12647776215919948,135.7935333251953,0
2022-09-30,135.7935333251953,140.60821907927374,135.59701890511008,138.8199033723931,124925300,28.54118023536799,-4.073095594224782,-2.766649048633855,-1.3064465455909269,150.0950782775879,160.21465257320563,139.97550398197018,0.0,1.0,145.8625677000762,152.5274156162637,4.801208768130751,-0.025073709479296546,139.9695281982422,1
2022-10-03,139.9695281982422,140.57874239032802,135.29241903979042,135.8033685254817,114311700,36.05822858719764,-4.3164003850920665,-3.0765993159254976,-1.2398010691665688,149.4387107849121,160.3650872788733,138.51233429095092,0.0,0.0,144.79110597247,152.03494944300797,4.83585980973124,-0.0849595718401317,143.5559539794922,1
2022-10-04,143.5559539794922,143.6738596112587,141.74798266491518,142.50457878595228,87830100,41.727672272423995,-4.171737405243448,-3.2956269337890878,-0.8761104714543602,149.0245491027832,160.1810938819345,137.8680043236319,0.0,0.0,144.56653288283766,151.70243981698775,4.755036352823047,-0.23166132600599942,143.8507537841797,1
2022-10-05,143.8507537841797,144.81369999304195,140.51978392175167,141.5613389023429,79471000,42.181480925844944,-3.987339503218948,-3.43396944767506,-0.5533700555438879,148.55487136840821,159.75212373164538,137.35761900517105,0.0,0.0,144.4363912285362,151.39453056079918,4.72209918985642,-0.09517352251676814,142.89764404296875,0
2022-10-06,142.89764404296875,144.9709035584296,142.69130913468942,143.2710319630231,68402200,41.06792117223264,-3.873459992347989,-3.5218675566096462,-0.35159243573834287,148.11123352050782,159.4657093060479,136.75675773496775,0.0,0.0,144.15661901297847,151.06131932480585,4.547634563705261,-0.13928099558329454,137.65061950683594,0
2022-10-07,137.65061950683594,140.60821619318722,137.02176437961742,140.05795483791823,85925600,35.5101675012652,-4.158662218994181,-3.649226489086553,-0.5094357299076275,147.26227874755858,159.07024184778854,135.45431564732863,0.0,0.0,142.97371001186164,150.53540952802274,4.64250921367998,0.25618181871343326,137.97486877441406,1
2022-10-10,137.97486877441406,139.4192729060871,136.15709176712548,137.97486877441406,74899000,36.085798973745774,-4.308853056485759,-3.7811518025663946,-0.5277012539193646,146.13181381225587,156.90552448295986,135.35810314155188,0.0,0.0,142.06482978687117,150.04283930239103,4.543914351200097,-0.12832729710354074,136.55996704101562,0
2022-10-11,136.55996704101562,138.8887089375452,135.8132061545904,137.46394548029593,77033700,34.63309686254367,-4.490289855971184,-3.9229794132473526,-0.5673104427238318,145.4017532348633,156.68031856652524,134.12318790320134,0.0,0.0,141.06394565126106,149.51409921370964,4.4390278106111465,0.028501048078078517,135.93109130859375,0
2022-10-12,135.93109130859375,137.91592138284778,135.75423283314072,136.70734348798558,70433700,33.97836132594145,-4.631436525322812,-4.064670835662445,-0.5667656896603672,144.56802825927736,156.0565128797021,133.0795436388526,0.0,0.0,140.13069940713973,148.98143223703846,4.2763607205465695,-0.08567678821087399,140.50015258789062,1
2022-10-13,140.50015258789062,141.0896959265644,132.03024051986287,132.63945479417762,113224000,42.485760273836505,-4.324758098400025,-4.116688288209961,-0.20806981019006443,144.10719604492186,155.47132260170162,132.7430694881421,0.0,0.0,140.1978727127308,148.6488330351111,4.618010340986209,0.6075259428370225,135.97039794921875,0
2022-10-14,135.97039794921875,142.00348171103434,135.78370401470698,141.79713183786654,88598000,37.34762152291837,-4.396545933401285,-4.172659817248226,-0.22388611615305898,143.50192260742188,155.23944261633034,131.7644025985134,0.0,0.0,139.42924093754678,148.151639502331,4.7324222949391475,-0.21749805694905677,139.93026733398438,1
2022-10-17,139.93026733398438,140.41172553722842,137.827531016397,138.61360389064592,85250900,43.751780168753356,-4.086799859664296,-4.15548782573144,0.06868796606714334,142.90893325805663,154.0971211945751,131.72074532153817,0.0,0.0,139.52033664598997,147.82923275063115,4.711629815872756,-0.03777850515812997,141.24688720703125,1
2022-10-18,141.24688720703125,144.1455159806622,138.1615644966325,142.95659405664904,99136600,45.73781131279709,-3.692518588548495,-4.062893978294851,0.3703753897463562,142.26288299560548,152.19795584421172,132.32781014699924,0.0,0.0,139.83425492981564,147.57110155284292,4.802509935026824,0.16288039187856085,141.35499572753906,1
2022-10-19,141.35499572753906,142.42601218125702,139.03608932702545,139.22278329462767,61758300,45.9067017020649,-3.3329047353141448,-3.91689612969871,0.5839913943845652,141.77846908569336,150.86212716179952,132.6948110095872,0.0,0.0,140.11075325667443,147.32733269694864,4.701610857827163,-0.37703834910618284,140.89312744140625,0
2022-10-20,140.89312744140625,143.34959455977452,140.1660077768585,140.5295751056751,64522000,45.25858751603962,-3.0500183633227493,-3.743520576423518,0.6935022131007686,141.31910934448243,149.56783114106526,133.0703875478996,0.0,0.0,140.25300310844383,147.0750109222215,4.593180566762081,0.0447502602889005,144.70559692382812,1
2022-10-21,144.70559692382812,145.27549920361895,140.1660346242772,140.38220497154572,86548600,51.36264109789297,-2.489497077685286,-3.4927158766758715,1.0032187989905856,141.16386184692382,149.02585342144985,133.3018702723978,0.0,0.0,141.0625656203319,146.98209272620608,4.6300579962320585,0.3413812343076781,146.84764099121094,1
2022-10-24,146.84764099121094,147.61405773965313,143.45771845108737,144.62699951406933,75981900,54.436779789490075,-1.8510965769794154,-3.1643920167365804,1.313295439757165,141.0990104675293,148.74811664133048,133.4499042937281,0.0,0.0,142.11439750594627,146.97682010914744,4.596220945684466,-0.12208978539225357,149.6873321533203,1
2022-10-25,149.6873321533203,149.83472923085242,146.7592264620596,147.47651092815792,74732300,58.20793729975189,-1.1033020569193184,-2.752174024773128,1.6488719678538097,141.12750701904298,148.89915505399145,133.3558589840945,1.0,0.0,143.49129471455973,147.08311469911501,4.487598218763635,-0.016446022013137385,146.74937438964844,0
2022-10-26,146.74937438964844,149.34340346890698,145.4621728259598,148.33134005875115,88194300,53.2932945720793,-0.7392169177130938,-2.3495826033611213,1.6103656856480275,141.1034362792969,148.80195974066254,133.40491281793123,0.0,0.0,144.0836728373031,147.07002684384182,4.468852583663411,0.18013629983287016,142.27857971191406,0
2022-10-27,142.27857971191406,146.45457384887203,141.6202483177286,145.49164292829627,109180200,46.81555112760554,-0.8021854932800352,-2.040103181344904,1.237917688064869,141.2174156188965,148.91465744414833,133.52017379364466,0.0,0.0,143.75547408723236,146.88212695631523,4.516014975681728,0.23795075191934179,153.02810668945312,1
2022-10-28,153.02810668945312,154.75745443354808,145.24601935139384,145.6193922207591,164762400,59.547298584484984,0.015133991230811716,-1.6290557468297613,1.644189738060573,142.0791442871094,150.92742160032503,133.23086697389374,1.0,0.0,145.44140728763614,147.12314576937948,5.084790671821176,0.5090868124440147,150.6698760986328,0
2022-10-31,150.6698760986328,151.55421333060897,149.27460445858512,150.4930176480896,97943200,56.359769482487565,0.4671905887595642,-1.2098064797118964,1.6769970684714606,142.6141616821289,152.15444865698953,133.07387470726826,0.0,0.0,146.39203798054461,147.2622332332718,4.989698640324521,-0.40554883881273884,148.0267333984375,0
2022-11-01,148.0267333984375,152.74315424703352,146.5332118743015,152.3796018355527,80379300,52.939273408885306,0.6051928860812268,-0.8468066065532718,1.4519994926344986,142.83770065307618,152.66109053880956,133.0143107673428,0.0,0.0,146.6892553292524,147.29221363190572,5.076858906925058,-0.1793274060884268,142.50460815429688,0
2022-11-02,142.50460815429688,149.5202795588878,142.47513174028057,146.35634784769096,93604600,46.5789408746612,0.2659061435831802,-0.6242640565259815,0.8901702001091617,142.77039337158203,152.58353774837693,132.95724899478714,0.0,0.0,145.9284103883514,147.1044643974897,5.217450972045214,0.16453614301194452,136.46168518066406,0
2022-11-03,136.46168518066406,140.3134243600425,136.33394407491397,139.58630459413143,97918500,40.80187340690019,-0.4850036057701175,-0.5964119663748088,0.11140836060469128,142.4485954284668,152.63880191096783,132.25838894596578,0.0,0.0,144.20718762331734,146.68710050663378,5.2855376225693345,0.04608641028325522,136.19595336914062,0
2022-11-04,136.19595336914062,140.41823769444375,132.25908536615194,139.84739003185524,140814800,40.56362186013758,-1.088994082612686,-0.6949283896223842,-0.3940656929903018,142.37586212158203,152.72159262144453,132.03013162171953,0.0,0.0,142.75059957710337,146.27568297183012,5.4907958158352255,0.43808166996022213,136.72743225097656,1
2022-11-07,136.72743225097656,136.95379796987663,133.52872680415337,134.94600177423487,83374600,41.30187785159826,-1.5073986299341868,-0.8574224376847448,-0.649976192249442,142.31349029541016,152.7789469079642,131.8480336828561,0.0,0.0,141.6554782450803,145.9012417670908,5.343244055112942,-0.4079130886810193,137.29824829101562,1
2022-11-08,137.29824829101562,139.19777957129702,135.3199778618892,138.1938892139262,89908500,42.133218112018874,-1.7724949458104504,-1.040436939309886,-0.7320580065005644,142.35040435791015,152.73935310270465,131.96145561311565,0.0,0.0,140.86325461706855,145.56386947391138,5.2385696018482895,0.07836799217027735,132.74136352539062,0
2022-11-09,132.74136352539062,136.36329048249237,132.4657839221066,136.31407662091405,74917800,37.559860732872835,-2.323504292021937,-1.2970504098522964,-1.0264538821696407,142.19091796875,153.05617128046984,131.32566465703016,0.0,0.0,139.38654714585437,145.06102610338115,5.209562085209771,-0.16673284505914343,144.5519561767578,1
2022-11-10,144.5519561767578,144.5519561767578,137.2982811810409,139.0108242882595,118854000,52.07858531572085,-1.7865725507164996,-1.394954838025137,-0.3916177126913625,142.39350814819335,153.27618801915912,131.51082827722757,0.0,0.0,140.32571242420045,145.0410625768469,5.681064268506729,0.5864587587996444,147.33731079101562,1
2022-11-11,147.33731079101562,147.6424157179768,142.09143135008082,143.51855829432515,93979700,54.750786347700846,-1.1233462023943446,-1.3406331108989789,0.21728690850463428,142.96185379028321,153.6285131589419,132.29519442162453,0.0,0.0,141.6005484908941,145.13111152642216,5.671772847034532,-0.2092845003113063,145.93968200683594,0
2022-11-14,145.93968200683594,147.9081158240503,145.10309162733654,146.6187940766482,73374100,53.149264810053566,-0.7024145082600342,-1.21298939037119,0.5105748821111558,143.26232452392577,153.90900853017618,132.61564051767536,0.0,0.0,142.389481857429,145.1628201727129,5.467005086297334,-0.21925586057414526,147.67190551757812,1
2022-11-15,147.67190551757812,151.16587871608763,146.21526862726066,149.81750629168317,89868300,54.909708902209495,-0.22643692358553835,-1.0156788970140596,0.7892419734285212,143.5835754394531,154.35462715775293,132.8125237211533,0.0,0.0,143.34992252291065,145.26121567643312,5.449804487936931,0.22479594298260563,146.441650390625,0
2022-11-16,146.441650390625,147.50460662223392,144.96532479416155,146.77629560614008,64218300,53.375708690298985,0.050920455118586005,-0.8023590265875304,0.8532794817061164,143.83790817260743,154.62666248163248,133.04915386358238,0.0,0.0,143.91205486249507,145.30750723385242,5.253859933328335,-0.2854176611775231,148.3411865234375,1
2022-11-17,148.3411865234375,149.0891860323431,143.8433076526517,144.11888720950952,80389400,55.44540141186771,0.4191729025314146,-0.5580526407637415,0.9772255432951561,144.21031112670897,155.08063955641396,133.339982697004,0.0,0.0,144.71735152812096,145.42647504913026,5.253289822354268,0.2518145139313872,148.9021759033203,1
2022-11-18,148.9021759033203,150.28992540848853,147.60301733738748,149.90608139833125,74829600,56.06568353786748,0.747664167674202,-0.29690927907615283,1.0445734467503547,144.4201400756836,155.48095310324072,133.3593270481265,0.0,0.0,145.4782286872481,145.56277704341224,5.069976840121895,-0.06916085951630435,145.6739501953125,0
2022-11-21,145.6739501953125,147.99670287508093,145.3885338782466,147.790025718782,58724100,51.612736282958764,0.7389864509202084,-0.08973013307688057,0.828716583997089,144.36145553588867,155.3825110730853,133.34039999869202,0.0,0.0,145.51381441598707,145.5671367748593,4.958810067618454,-0.21522900028865588,147.80970764160156,1
2022-11-22,147.80970764160156,148.04592513732047,144.6110022662971,145.7920747269315,51804100,54.20422071429342,0.8941399853506198,0.10704389060861952,0.7870960947420003,144.26757431030273,155.13649820294236,133.3986504176631,0.0,0.0,145.93124954791696,145.65508073041784,4.849960982147375,-0.11783918357199175,148.68568420410156,1
2022-11-23,148.68568420410156,149.4336837921187,146.98297781162248,147.09124229312135,58301400,55.26253379592325,1.0753878650570527,0.3007126854983062,0.7746751795587465,144.3643898010254,155.35384321359263,133.37493638845817,0.0,0.0,146.43205584904143,145.77392792546425,4.678585624886579,0.12542057481936753,145.77236938476562,0
2022-11-25,145.77236938476562,146.53022062215993,144.79798922240155,145.96920976620405,35195900,51.03815106320749,0.972734875078828,0.4351171234144106,0.5376177516644174,144.53907928466796,155.50139570047546,133.57676286886047,0.0,0.0,146.31211285553672,145.77386680622118,4.622093436087538,-0.39631123780904065,141.94378662109375,0
2022-11-28,141.94378662109375,144.32559012136235,141.11704788902577,142.8492645206864,69246000,46.055615976675966,0.5758094359701431,0.46325558592555716,0.11255385004458596,143.98486328125,154.2745742214361,133.6951523410639,0.0,0.0,145.51787172200162,145.623667583275,4.624466868919846,0.9674450717271046,138.94190979003906,0
2022-11-29,138.94190979003906,142.5244590100729,138.13485967272496,142.01266197350824,83763800,42.548283106688444,0.01880007765589653,0.37436448427162505,-0.3555644066157285,143.39846496582032,153.43096694710192,133.36596298453873,0.0,0.0,144.3222422798266,145.3616378658932,4.60769061666471,0.20965543136065623,145.69361877441406,1
2022-11-30,145.69361877441406,146.37273080225066,138.33168095809938,139.16825626793215,111380900,51.49539540032511,0.12078035604750426,0.3236476586268009,-0.20286730257929664,143.28180923461915,153.1492321114436,133.41438635779468,0.0,0.0,144.5715834606607,145.37465672505087,4.852930561485179,0.32970209087935354,145.96920776367188,1
2022-12-01,145.96920776367188,146.77627283984336,144.29604201746156,145.870795083282,71250400,51.8251818376303,0.22128732708091547,0.3031755923176238,-0.08188826523670834,143.45503921508788,153.38326229842392,133.52681613175184,0.0,0.0,144.82569697029908,145.39797245205563,4.68345200869208,-0.36029965640428474,145.47711181640625,0
2022-12-02,145.47711181640625,145.66411544857186,143.35119950014382,143.65631938407483,65447400,51.15634233225032,0.25825479489407144,0.2941914328329133,-0.03593663793884189,143.905810546875,153.32882438582718,134.4827967079228,0.0,0.0,144.94413603322764,145.40107595653996,4.535920312608935,-0.08144515679911968,144.31576538085938,0
2022-12-05,144.31576538085938,148.5380503426706,143.46933803189978,145.43777233013495,68826400,49.531688273524985,0.1916318156169723,0.27367950938972513,-0.08204769377275284,144.31180114746093,153.04559238557724,135.57800990934462,0.0,0.0,144.82988682370612,145.35851475749368,4.573976883906212,0.051629247303941694,140.65443420410156,0
2022-12-06,140.65443420410156,144.97514559227898,139.68005411221395,144.74877992089566,64727200,44.71071287740116,-0.15482151632858177,0.18797930424606374,-0.3428008205746455,144.50815124511718,152.71154275276098,136.30475973747338,0.0,0.0,144.07071362014165,145.17404101030183,4.625485069346127,-0.05955854148989337,138.7155303955078,0
2022-12-07,138.7155303955078,141.10717022124382,137.79036411926236,139.94580150371553,69721100,42.35943541818706,-0.579165353537519,0.0345503726893472,-0.6137157262268662,144.5790153503418,152.553342687616,136.60468801306757,0.0,0.0,143.09704394293547,144.92076608423147,4.532008000248651,0.07715303612700697,140.3985595703125,1
2022-12-08,140.3985595703125,141.25483863673134,138.87303512029186,140.11314322681335,62128300,45.06027524656291,-0.770769561297584,-0.12651361410803905,-0.6442559471895449,144.96187515258788,151.16452071148433,138.75922959369143,0.0,0.0,142.60641042064037,144.74342465231308,4.389672303175428,-0.10890246998397901,139.9163055419922,0
2022-12-09,139.9163055419922,143.2724894333561,138.6761823933455,140.09345741010685,76097000,44.41803306002622,-0.9505735262029589,-0.29132559652702306,-0.6592479296759358,144.7300926208496,151.31157172413222,138.148613517567,0.0,0.0,142.11730044270433,144.55412586367305,4.404431927235083,0.22483634672122044,142.2095184326172,1
2022-12-12,142.2095184326172,142.21935519606154,138.8336463442299,140.44776160871248,70462700,48.198946827315886,-0.8976784700965936,-0.41259617124093717,-0.48508229885565646,144.47370300292968,151.0284010259163,137.91900497994305,0.0,0.0,142.1340673499612,144.46218047421988,4.331665993277695,-0.07404102658449085,143.17404174804688,1
2022-12-13,143.17404174804688,147.6030180487257,141.9634590975565,147.14043487810696,93886200,49.74731823566178,-0.7690644896360368,-0.48388983491995713,-0.28517465471607967,144.33542098999024,150.87725433391182,137.79358764606866,0.0,0.0,142.3231536041586,144.41166523005623,4.425086918841373,0.3324241052358199,140.94972229003906,0
2022-12-14,140.94972229003906,144.3452679150581,138.9320744491566,143.05594605605327,82291200,46.30955269579178,-0.8369728720833791,-0.5545064423526416,-0.28246642973073754,143.9993118286133,150.51159801420138,137.4870256430252,0.0,0.0,142.0734388197732,144.27590276182028,4.495665957917096,-0.12350057835975892,134.34561157226562,0
2022-12-15,134.34561157226562,139.5619643292127,133.88302841156911,138.88285224146853,98931900,37.92888653007087,-1.4074629398393483,-0.725097741849983,-0.6823651979893653,143.3945098876953,151.03600921764567,135.75301055774494,0.0,1.0,140.66837932022636,143.8864795779162,4.679310809385157,0.20221724801679897,132.3870391845703,0
2022-12-16,132.3870391845703,135.47748033551235,131.6193510336839,134.53264031194206,160156900,35.856432084712,-1.9946280216883565,-0.9790037978176578,-1.0156242238706987,142.59680252075196,151.2677957824746,133.92580925902934,0.0,1.0,139.16268111374345,143.43552113111832,4.620654987416821,0.6188600441313672,130.2808074951172,0
2022-12-19,130.2808074951172,133.06614357854048,129.24739159594094,132.9775676474043,79592600,33.722475654112415,-2.59994532290321,-1.3031921028347684,-1.2967532200684415,141.6657341003418,151.36644389532435,131.96502430535926,0.0,1.0,137.54779500126594,142.9196500081379,4.563376201358444,-0.5030335876880734,130.21189880371094,0
2022-12-20,130.21189880371094,131.14690185461754,127.83993247167396,129.31625782088165,77432800,33.6519120485044,-3.0500647528230047,-1.6525666328324158,-1.397498119990589,140.89263153076172,151.60421075801747,130.18105230350596,0.0,0.0,136.21399569261956,142.42130682365055,4.473632857185953,-0.027135688493653887,133.31216430664062,1
2022-12-21,133.31216430664062,134.65069977293228,130.65478191534362,130.88114757728772,85928000,39.75936875158713,-3.120649226141012,-1.9461831514941352,-1.1744660746468767,140.16775436401366,150.87100855126204,129.46450017676528,0.0,0.0,135.68638998607793,142.0640855484737,4.471144865188481,0.10971061359010648,130.1429901123047,0
2022-12-22,130.1429901123047,132.43621717922085,128.24345879689446,132.2295400503929,77852100,36.101033310717014,-3.3931991141731714,-2.2355863440299424,-1.157612770143229,139.24061965942383,150.0438362666833,128.43740305216437,0.0,0.0,134.67849909993734,141.5965916098004,4.513827768371173,-0.09398449865003256,129.77883911132812,0
2022-12-23,129.77883911132812,130.32999816428637,127.59387642427376,128.85367283616628,63814900,35.69462095876504,-3.597115498160349,-2.507892174856024,-1.0892233233043251,138.44094314575196,149.55507227449866,127.32681401700526,0.0,0.0,133.78765182928112,141.13315033535054,4.386848766345561,-0.1803059904614005,127.97772979736328,0
2022-12-27,127.97772979736328,129.3359540046201,126.68840798575984,129.30642869732836,69007800,33.675314765749675,-3.8595645135303016,-2.7782266425908797,-1.081337870939422,137.74264030456544,149.61762001362808,125.8676605955028,0.0,0.0,132.7313023689324,140.6172514907236,4.294247506290041,0.0813744125588225,124.05071258544922,0
2022-12-28,124.05071258544922,128.96195335269854,123.88339749624971,127.62341762114276,85438400,29.72662974207256,-4.334469650585021,-3.0894752441897078,-1.2449944063953131,136.99808044433593,150.2647225598877,123.73143832878415,0.0,0.0,131.15301331739,139.9675832983599,4.350269531301383,0.2380977222864662,127.56436920166016,1
2022-12-29,127.56436920166016,128.42063320760047,125.71404389802797,125.9699349180437,75703700,36.86046982552902,-4.376858963501803,-3.346951988052127,-1.0299069754496761,136.09161796569825,149.33524285896237,122.84799307243412,0.0,0.0,130.50053256907546,139.48118274554815,4.351673180647802,-0.1139382291803217,127.87932586669922,1
2022-12-30,127.87932586669922,127.89901441454006,125.41879052423468,126.38332662595286,77034200,37.4732079531239,-4.3350664808152715,-3.5445748866047557,-0.7904915942105157,135.1871238708496,148.07495356802787,122.29929417367134,0.0,0.0,130.02394953227977,139.02620796598544,4.21799823133763,0.017575098707196535,123.09601593017578,0
2023-01-03,123.09601593017578,128.83399514878522,122.21021915687209,128.2237854341601,112117500,32.34013139706546,-4.634495197512109,-3.7625589487862268,-0.8719362487258824,134.06806907653808,147.07380733453203,121.06233081854413,0.0,0.0,128.76432524098814,138.40149455281644,4.389839499950166,0.4554249930550327,124.36566925048828,1
2023-01-04,124.36566925048828,126.62937150933897,123.10587260552036,124.8873030948284,89113600,34.8895936608004,-4.714992699884874,-3.9530456990059566,-0.7619470008789175,133.07056427001953,145.83745194271106,120.303676597328,0.0,0.0,127.9645696063518,137.85107003115652,4.32866207703681,-0.20517671193167886,123.04679870605467,0
2023-01-05,123.04679870605467,125.7533952948206,122.79090770776376,125.12349705306252,80962700,33.47840868467172,-4.829537479363822,-4.12834405507753,-0.7011934242862914,132.1901824951172,145.17037090475333,119.20999408548107,0.0,0.0,127.0704294426614,137.27051037134862,4.231078184895384,-0.09146639794599254,127.57421112060548,1
2023-01-06,127.57421112060548,128.2336347517989,122.91886860960568,124.02119442530204,87754700,42.131353418481254,-4.5030819717621995,-4.2032916384144645,-0.29979033334773497,131.63311653137208,144.39984698594168,118.86638607680248,0.0,0.0,127.16202611137851,136.8902633419077,4.308484467559514,0.08389048290138534,128.09584045410156,1
2023-01-09,128.09584045410156,131.30439758356596,127.83994943275364,128.41079711233908,70790800,43.05050639615363,-4.154383356903537,-4.193509982112279,0.039126625208742105,131.01798057556152,143.20862057511425,118.82734057600881,0.0,0.0,127.33181053732815,136.54538401297415,4.2671774672310105,-0.19331044377110285,128.66668701171875,1
2023-01-10,128.66668701171875,129.18832083166097,126.09787998496417,128.20410381019116,63896200,44.09696469447615,-3.7883054192197108,-4.112469069533766,0.3241636503140555,130.45549964904785,141.97139489305562,118.93960440504009,0.0,0.0,127.57451535085372,136.236415503121,4.183124851478568,-0.09739401165123152,131.38311767578125,1
2023-01-11,131.38311767578125,131.40279120059512,128.40094170907022,129.17846644203894,69458900,48.90810469117807,-3.24162532482174,-3.938300320591361,0.6966749957696208,129.91417961120607,140.11145558399843,119.71690363841371,0.0,0.0,128.26698850084054,136.04609009812728,4.098748040053306,0.08705838531868881,131.30441284179688,0
2023-01-12,131.30441284179688,132.14098840377943,129.36550386584642,131.76699610111268,71379600,48.77712129780164,-2.7826515587044582,-3.707170568213981,0.9245190095095226,129.32069816589356,137.55461080030074,121.08678553148638,0.0,0.0,128.8192474719235,135.86014197042806,4.004229218473285,0.02765232389225858,132.63308715820312,1
2023-01-13,132.63308715820312,132.79056549396478,129.58202324711493,129.94617875784812,57809700,51.15535316626474,-2.285354485267277,-3.4228073516246402,1.1374528663573633,128.90486640930175,135.40511231412503,122.40462050447844,0.0,0.0,129.51267286942885,135.7335908013212,3.9473944347858967,-0.19010893868836476,133.79444885253906,1
2023-01-17,133.79444885253906,135.12313266732727,132.01301865225,132.7019674841355,63646600,53.20068306739966,-1.7770461075530761,-3.0936551028103274,1.3166089952572513,128.87730827331544,135.28912710481058,122.46548944182028,0.0,0.0,130.29117759363072,135.65754601901602,3.887588690520995,0.1009674846954749,133.07598876953125,0
2023-01-18,133.07598876953125,136.42232060237055,132.8988218980733,134.6605787592018,69672800,51.75679476864108,-1.415860620437968,-2.7580962063358556,1.3422355858978876,128.91175575256347,135.40550779437925,122.41800371074768,0.0,0.0,130.79750689833992,135.55630847982053,3.861582262933585,0.09468219826353641,133.13504028320312,1
2023-01-19,133.13504028320312,134.0995687562006,131.65871475561192,131.96381962844052,58280400,51.87241226388045,-1.1120347121153884,-2.428883907491762,1.3168491953763737,129.05446739196776,135.78348775477625,122.32544702915929,0.0,0.0,131.22251296831504,135.46135678583553,3.760101672766091,-0.16351287733520115,135.6940155029297,1
2023-01-20,135.6940155029297,135.84165708820683,132.1016288639502,133.14489665420894,80223600,56.713666928814966,-0.6571869349373003,-2.0745445129808697,1.4173575780435694,129.3285732269287,136.6448543407891,122.01229211306831,0.0,0.0,132.03551342915407,135.47048065709413,3.7586678550154153,0.3765107995140733,138.88287353515625,1
2023-01-23,138.88287353515625,141.0579999020067,135.72353008280908,135.9400590430552,81760300,61.86209296361521,-0.03895356922203064,-1.667426324229102,1.6284727550070714,129.6071086883545,137.87153683686125,121.3426805398477,1.0,0.0,133.28048799388174,135.60429998564558,3.8733333224483877,0.01915521118473862,140.28045654296875,1
2023-01-24,140.28045654296875,140.90051809732327,138.0856567013407,138.0954934654877,66435100,63.88924958695504,0.55734931985873,-1.2224711954115357,1.7798205152702657,130.1139820098877,139.60080062681698,120.62716339295844,1.0,0.0,134.55320954826118,135.78767867416806,3.797728184843687,-0.18744060381383143,139.6210174560547,0
2023-01-25,139.6210174560547,140.18201330953534,136.61915274790366,138.6663258108729,65799300,62.20903153503291,0.9655818064233586,-0.784860595044557,1.7504424014679154,130.60609092712403,140.95429478901553,120.25788706523252,0.0,0.0,135.47462916786,135.93800568522246,3.7879835855737873,-0.009570242236408122,141.68788146972656,1
2023-01-26,141.68788146972656,141.9732977828438,139.6603818984353,140.9103416541343,54105100,65.29017672306117,1.4392963333817193,-0.3400292093593017,1.779325542741021,131.29159851074218,142.6223178373697,119.96087918411466,0.0,0.0,136.60431140456302,136.16349101010496,3.6854333528034524,-0.17772529494994627,143.6267852783203,1
2023-01-27,143.6267852783203,144.9062704324847,140.82177572822627,140.90051489349364,70555800,67.93155772350974,1.9487083454063452,0.11771830159382768,1.8309900438125175,132.27040214538573,144.2911448412274,120.24965944954405,0.0,0.0,137.88112483615524,136.45616921670165,3.713937735050236,0.3040508196085028,140.7430419921875,0
2023-01-30,140.7430419921875,143.2527985417942,140.59541543784155,142.6721140707524,64015300,60.55106359267152,2.0955706186639986,0.5132887650078619,1.5822818536561367,132.9293357849121,145.28608522704576,120.57258634277845,0.0,0.0,138.40147340997927,136.62428187456385,3.665182885437988,-0.09269967883575836,142.0126953125,1
2023-01-31,142.0126953125,142.0619091768315,140.03442411726166,140.44779354531312,65874500,62.483687087848786,2.2880353925669965,0.8682380905196889,1.4197973020473076,133.63600425720216,146.36756737739407,120.90444113701027,0.0,0.0,139.0580592104376,136.8355922054633,3.5482044693045487,0.029043056894211272,143.1346893310547,1
2023-02-01,143.1346893310547,144.29607334830789,139.08957136310852,141.69774073810188,77663600,64.15490015662435,2.502256201035891,1.1950417126229294,1.3072144884129617,134.6379379272461,147.0437409244904,122.23213493000179,0.0,0.0,139.79926468691343,137.08261562215316,3.6666542918684644,0.17896302818237708,148.43963623046875,1
2023-02-02,148.43963623046875,148.79393998354684,145.83145179927072,146.54992610628193,118339000,70.78217199199901,3.0647639238518423,1.568986154868712,1.4957777689831302,135.8416362762451,148.69083327847218,122.99243927401805,0.0,0.0,141.3702413311962,137.527988979342,3.8089826033415846,0.5237382763611267,152.0615234375,1
2023-02-03,152.0615234375,154.8960731461596,145.4967979818679,145.69363837431163,154357300,74.27869615386413,3.7594744932986828,2.0070838225547063,1.7523906707439765,137.2923725128174,150.5799116117207,124.00483341391411,1.0,0.0,143.31411080506962,138.0979315071129,4.208289214838022,0.3043654247543075,149.3352813720703,0
2023-02-06,149.3352813720703,150.68366923696223,148.40027797417193,150.16203528809376,69858300,67.7103250658898,4.043442387294903,2.4143555355027457,1.6290868517921568,138.38042602539062,151.86897865750913,124.89187339327209,0.0,0.0,144.40886908997882,138.53861189397398,4.1692146611587395,-0.5474247087763261,152.20916748046875,1
2023-02-07,152.20916748046875,152.7800151967711,148.26246234257331,148.26246234257331,83322600,70.65610926152343,4.449101111895857,2.821304650781368,1.6277964611144888,139.586092376709,153.48640908814667,125.68577566527132,0.0,0.0,145.827105160977,139.07471211305221,4.194095960661529,0.19273729821653252,149.5222625732422,0
2023-02-08,149.5222625732422,152.14028370808583,148.7840997356859,151.45133472995892,64120100,64.71196590047973,4.50188289940391,3.1574203005058767,1.344462598898033,140.62887115478514,154.2218129735435,127.03592933602678,0.0,0.0,146.49895196320702,139.48441997423612,4.139165373813051,-0.23045968320719712,148.4888153076172,0
2023-02-09,148.4888153076172,151.89421276586904,148.04592065726197,151.35289040745275,56007100,62.53290742398634,4.409492405186256,3.407834721441953,1.0016576837443032,141.48415603637696,154.79208492526337,128.17622714749055,0.0,0.0,146.86074529855432,139.83753351672163,4.1183887120126235,-0.12652818694917822,148.85353088378906,1
2023-02-10,148.85353088378906,149.17882019931434,147.08909918660703,147.32567733632254,57450700,63.006344444092804,4.3159501846797355,3.58945781408951,0.7264923705902255,142.36161193847656,155.1740027652487,129.5492211117044,0.0,0.0,147.22306995041518,140.19110204092036,3.9734838763479585,0.0257753034883077,151.65298461914062,1
2023-02-13,151.65298461914062,152.0571182724141,148.7648180243575,148.79438841262413,62199000,66.50496120627881,4.4167957493858125,3.7549254011487707,0.6618703482370418,143.31260681152344,155.91724389800197,130.7079697250449,0.0,0.0,148.02850898109253,140.64058763222312,3.924827902898575,0.08264999382078897,151.01226806640625,0
2023-02-14,151.01226806640625,151.5741355635304,148.7056873791277,149.9476888936107,61707600,64.99002903725128,4.394360660554071,3.882812453029831,0.5115482075242399,144.1734977722168,156.40665899892224,131.94033654551134,0.0,0.0,148.57101063296776,141.04732019826952,3.8550042841210277,-0.007900448560266282,153.1118621826172,1
2023-02-15,153.1118621826172,153.279432747917,150.696851620169,150.923562968411,65573800,67.59501315165872,4.494194116915793,4.005088785807024,0.4891053311087692,145.1752914428711,156.87929938109482,133.47128350464737,0.0,0.0,149.3966200056313,141.52043949177337,3.7641169158086685,0.06265354672682144,151.51498413085938,0
2023-02-16,151.51498413085938,154.09756497312395,151.16012443154224,151.3178281549916,68167900,63.712111293095106,4.393809041652531,4.0828328369761255,0.31097620467640574,146.09428863525392,156.70797741614552,135.4805998543623,0.0,0.0,149.7817771193091,141.91238241879634,3.7050686033638853,0.03956000719799668,150.37158203125,0
2023-02-17,150.37158203125,150.81515300249052,148.69586111717868,150.17444104857563,59144100,61.00969334899081,4.1738763047492,4.101041530530741,0.07283477421845941,146.82816696166992,156.4470022060948,137.20933171724505,0.0,0.0,149.88901437602564,142.2441157369318,3.6417867755293716,-0.1323760890389758,146.3596649169922,0
2023-02-21,146.3596649169922,149.1394018439348,146.29067235544915,148.05510409777494,58867200,52.58205778669576,3.6339598173798606,4.007625187900564,-0.3736653705207038,147.2020065307617,156.11162653793423,138.2923865235892,0.0,0.0,149.2473144743832,142.4055098224244,3.673152696977335,-0.004681785672619898,146.78353881835938,1
2023-02-22,146.78353881835938,147.8086807909047,145.0585291708209,146.74410160351695,51011300,53.3158045393951,3.2033489796083643,3.8467699462421248,-0.6434209666337605,147.52716064453125,155.85853988688754,139.19578140217496,0.0,0.0,148.79935526419703,142.57719723402968,3.6072240486277978,-0.13345122580995872,147.2665252685547,1
2023-02-23,147.2665252685547,148.1931042440918,145.1373820304515,147.94667430552937,48394200,54.18574016633672,2.8679992482689443,3.651015806647489,-0.7830165583785447,147.90943603515626,155.41540088448502,140.4034711858275,0.0,0.0,148.52065890135296,142.76109245106989,3.567831060414406,-0.051304318847000596,144.61495971679688,0
2023-02-24,144.61495971679688,145.0881010134071,143.6390916917033,145.00924162382364,55469600,48.80844011180316,2.3610562039366414,3.3930238861053197,-1.0319676821686783,148.05578994750977,155.17498913344613,140.9365907615734,0.0,0.0,147.8105317768882,142.83379312815723,3.5720883830170473,0.14620347066383999,145.8076934814453,1
2023-02-27,145.8076934814453,147.03984342133134,145.34440390077674,145.60070071444446,44998500,51.15651391237203,2.0321188347145096,3.1208428758271576,-1.088724041112648,148.16483535766602,155.07301923733644,141.2566514779956,0.0,0.0,147.44637935953494,142.95041667142343,3.4901451916968633,-0.18877186783391264,145.30496215820312,0
2023-02-28,145.30496215820312,146.95111245136155,144.73324285815977,144.9501024216552,50547000,50.113134972424795,1.711142399028688,2.838902780467464,-1.127760381438776,148.3929313659668,154.5682098982078,142.2176528337258,0.0,0.0,147.0570307774746,143.04275178855204,3.399268363232929,0.12330411013700449,143.23495483398438,0
2023-03-01,143.23495483398438,145.12753521820275,142.93923585875515,144.7332532784917,55479000,45.956791359709804,1.275036146926567,2.526129453759285,-1.251093306832718,148.45404434204102,154.39530580141837,142.51278288266366,0.0,0.0,146.36210787865818,143.0502891628827,3.3254439301054317,0.09757255623479133,143.8263702392578,1
2023-03-02,143.8263702392578,144.61494903595985,141.84506394442167,142.31822024697658,52238100,47.301606779318305,0.9660055698093686,2.214104676969302,-1.2480991071599332,148.48862838745117,154.31252480459565,142.6647319703067,0.0,0.0,145.90106467149445,143.0807237148974,3.285761155922057,-0.05841669821013351,148.87326049804688,1
2023-03-03,148.87326049804688,148.9521198871165,145.22610023869615,145.9259528752422,70732300,57.10991992730683,1.1154799181273916,1.9943797252009197,-0.8788998070735281,148.51030960083008,154.33654316149216,142.684076040168,0.0,0.0,146.4414639126858,143.30788202011897,3.4171889053461024,0.35403661312337165,151.6332550048828,1
2023-03-06,151.6332550048828,154.06798373466975,151.26854354881283,151.5938177961309,87558000,61.34684634861898,1.4400479303962186,1.8835133662399797,-0.4434654358437611,148.48889617919923,154.26570299797626,142.7120893604222,0.0,0.0,147.38542592944887,143.63436723520775,3.544155643294444,0.2378785929483418,149.4351043701172,0
2023-03-07,149.4351043701172,151.83039589059405,148.9718149331636,151.50510660246357,56182000,56.55503962926608,1.5025772576865393,1.8073261445292916,-0.30474888684275236,148.49388732910157,154.2737822921895,142.71399236601363,0.0,0.0,147.7580947368431,143.86184712285126,3.495186022875586,-0.3583453253843166,150.68695068359375,1
2023-03-08,150.68695068359375,151.2783884609091,149.66180891591966,150.62780991403972,47204800,58.54114637839274,1.6343064678045778,1.772722209184349,-0.1384157413797713,148.41777648925782,154.03785285878314,142.7977001197325,0.0,0.0,148.29061399988865,144.12949824288037,3.377193027726752,-0.15978783240183692,148.4395294189453,0
2023-03-09,148.4395294189453,152.33311931510104,148.08466971716794,151.3671181983863,53833600,53.787139713687154,1.539607070371801,1.7260991814218396,-0.1864921110500386,148.36363983154297,153.96092953500747,142.76635012807847,0.0,0.0,148.3176895306262,144.29851907331428,3.4394256398843486,0.1404263973155273,146.37936401367188,0
2023-03-10,146.37936401367188,148.7845223003039,145.50207415084836,148.06495118697146,68572400,49.79516291208427,1.2835233270009496,1.6375840105376616,-0.35406068353671194,148.2581672668457,153.92116033599297,142.59517419769844,0.0,0.0,147.96526670936177,144.38012083568125,3.4282129619965773,0.27378440230636625,148.32127380371094,1
2023-03-13,148.32127380371094,150.95314411845015,145.59082548311503,145.69925527320058,84457100,53.31255898007708,1.2231710517477268,1.5547014187796746,-0.3315303670319478,148.2315544128418,153.88810481436215,142.57500401132145,0.0,0.0,148.0299952719707,144.53467585403538,3.5663633672350454,0.23164859331159482,150.41094970703125,1
2023-03-14,150.41094970703125,151.2093801741156,147.956517536496,149.11965944141213,73695900,56.818525365274134,1.3286450272216257,1.509490140468065,-0.18084511324643926,148.16945266723633,153.70026199102097,142.6386433434517,0.0,0.0,148.46289607834535,144.76511796591757,3.5439704579768003,-0.12741616749805518,150.80528259277344,1
2023-03-15,150.80528259277344,151.06156433450928,147.77911548729296,149.03098388604965,77167900,57.46760246550703,1.427596833339038,1.4931114790422595,-0.06551464570322141,148.1591033935547,153.66933236762827,142.6488744194811,0.0,0.0,148.8887845355141,145.00198716697076,3.525290342922481,0.047112525934278615,153.6244354248047,1
2023-03-16,153.6244354248047,154.22572509887632,149.47454848721353,149.98712698991974,76161100,61.87924775943991,1.7137439519880786,1.5372379736314232,0.17650597835665538,148.18473205566406,153.790800459748,142.57866365158011,0.0,0.0,149.74981196993056,145.34012239276817,3.612853647832504,-0.013046875708682015,152.78656005859375,0
2023-03-17,152.78656005859375,154.50171782493953,152.07684064085686,153.8511391851991,98944600,59.89092347303406,1.8515643838018434,1.6001032556655075,0.2514611281363359,148.2483108520508,154.03009970280533,142.46652200129625,0.0,0.0,150.30194798605115,145.63213955613386,3.5279981861360876,0.29914877805073714,155.1522979736328,1
2023-03-20,155.1522979736328,155.56631354554972,151.94870846939224,152.85558396503848,73641400,63.460949188805756,2.1271627394561676,1.7055151524236396,0.421647587032528,148.48734664916992,154.95510371019213,142.0195895881477,1.0,0.0,151.18382980197507,146.00547910191816,3.534398678280472,-0.255730984813724,157.00543212890625,1
2023-03-21,157.00543212890625,157.1237136794573,154.30455474450915,155.07342994575768,73938300,66.01287488838636,2.4666745719198957,1.857747036322891,0.6089275355970047,149.01963500976564,156.38880782239738,141.6504621971339,1.0,0.0,152.24230295232618,146.43684980885888,3.483310125185306,0.004031699560301583,155.57615661621094,0
2023-03-22,155.57615661621094,159.82460651427928,155.5564380089166,157.0251659140942,75701800,62.39341871231621,2.5905473391118505,2.004307096880683,0.5862402422311677,149.4592658996582,157.27778088300082,141.64075091631557,0.0,0.0,152.8484581639416,146.79525399738247,3.53937143805512,0.02385096763111938,156.66043090820312,1
2023-03-23,156.66043090820312,159.24302685232914,155.4282812343858,156.56186795883147,67622100,64.0057550240349,2.7445715607560714,2.1523599896557606,0.5922115711003109,149.92896118164063,158.2750054610635,141.58291690221776,0.0,0.0,153.54154411744366,147.18212368015975,3.55904102233285,-0.1067306193511911,157.96160888671875,1
2023-03-24,157.96160888671875,158.0503200650471,155.5958872192805,156.5914588714899,59196500,65.89542782968844,2.9377663131992904,2.309441254364467,0.6283250588348235,150.5962936401367,159.26417043843887,141.92841684183455,0.0,0.0,154.34519225731185,147.60484859022088,3.480140438292402,-0.12459831918854936,156.01971435546875,0
2023-03-27,156.01971435546875,158.47416184588545,155.61556566491817,157.6560126824132,52390300,60.767972243407286,2.900741939393299,2.4277013913702334,0.4730405480230657,151.10689468383788,159.78939401538784,142.42439535228792,0.0,0.0,154.6496508206131,147.93484332611297,3.4357444199120364,-0.11497639218534883,155.39871215820312,0
2023-03-28,155.39871215820312,156.22672817707905,153.7525619849842,155.714149696992,45992200,59.182025386127656,2.789138714100801,2.4999888559163472,0.2891498581844538,151.6115821838379,160.05660509629885,143.16655927137694,0.0,0.0,154.785843791084,148.2275440646263,3.367060260782238,-0.12212375191590807,158.4741668701172,1
2023-03-29,158.4741668701172,158.75016719414856,157.074446643704,157.09415020907082,51305700,64.16936833650007,2.915250651769611,2.5830412150870004,0.3322094366826107,152.37354278564453,160.39735190106953,144.34973367021954,0.0,0.0,155.45644798727184,148.62937240993966,3.3659456018653233,0.11553045951270002,160.04147338867188,1
2023-03-30,160.04147338867188,160.14990317241256,158.96704237580855,159.22332411879057,49501700,66.4210849337016,3.1058613719160064,2.6876052464528017,0.4182561254632047,153.18429794311524,160.85898472879867,145.5096111574318,0.0,0.0,156.29008896934457,149.07690578165466,3.2452163661817557,-0.035161785142781454,162.545166015625,1
2023-03-31,162.545166015625,162.64374399803975,159.59787385661696,160.1203040734608,68749800,69.69716344968595,3.4195305915948495,2.8339903154812114,0.5855402761136381,153.86789321899414,162.28452964319348,145.4512567947948,1.0,0.0,157.42737570503192,149.60507284965348,3.2309773501275445,0.38883715104733785,163.7970428466797,1
2023-04-03,163.7970428466797,163.91532439911353,161.87489241518372,161.92418140899423,56976200,71.20967759470656,3.7261786380758792,3.012427980000145,0.7137506580757345,154.476082611084,163.86112774825608,145.0910374739119,0.0,0.0,158.58549700351332,150.16162069267412,3.145938395399135,-0.17125286182650712,163.2647705078125,0
2023-04-04,163.2647705078125,164.45748300799937,162.75219201536794,164.22091988909426,46278300,69.61857469179179,3.881505910844254,3.186243566168967,0.695262344675287,155.16756591796874,164.99265575145105,145.34247608448644,0.0,0.0,159.436274004295,150.6754697050325,3.043035009487156,-0.18776085453224334,161.4214630126953,0
2023-04-05,161.4214630126953,162.69304993016723,159.48946069965243,162.38747921010668,51511700,64.26342412792579,3.811922909432951,3.311379434821764,0.5005434746111872,155.70429153442382,165.66356640185995,145.74501666698768,0.0,0.0,159.7972174603678,151.0968812072938,3.0953403522495075,0.11308539855612665,162.3086395263672,1
2023-04-06,162.3086395263672,162.60435849941234,159.6866210280676,160.11047335808198,45390100,65.63360368254259,3.784737511589583,3.4060510501753276,0.3786864614142553,156.39774703979492,166.16666522423412,146.62882885535572,0.0,0.0,160.25383965418584,151.5365580041202,3.082654432184881,-0.11883902103793897,159.7161407470703,0
2023-04-10,159.7161407470703,159.7161407470703,157.793990593468,159.11485120764732,47716900,58.567000059837184,3.5134984794710533,3.427540536034473,0.08595794343658048,157.06458587646483,165.76986094538583,148.35931080754384,0.0,0.0,160.15607621652848,151.85732595482412,3.1849397536644735,0.051262279660102106,158.5037384033203,0
2023-04-11,158.5037384033203,160.04145880285023,158.21787125365222,160.03160702009572,47644200,55.554568754491754,3.164233541079369,3.374879137043452,-0.21064559596408294,157.5737091064453,165.31128747252038,149.83613074037024,0.0,0.0,159.85565115958156,152.11796958025533,3.0877003104882976,-0.001523569217614762,157.81375122070312,0
2023-04-12,157.81375122070312,159.74575366976245,157.49831365463328,158.9177526201656,50133100,53.856780591088864,2.7994915657651234,3.2598016227877866,-0.46031005702266325,157.9438491821289,164.94903325317156,150.93866511108624,0.0,0.0,159.48439662524,152.34133356615524,3.027681717962646,0.05223930719793812,163.1957550048828,1
2023-04-13,163.1957550048828,163.4323331532267,159.11487595150933,159.32188371142138,68445600,63.28267228713045,2.9111556583080187,3.190072429891833,-0.27891677158381434,158.56337280273436,165.11028369011635,152.01646191535238,0.0,0.0,160.15918905790232,152.7669971519877,3.212746019002712,0.3652776309464205,162.8507843017578,0
2023-04-14,162.8507843017578,163.94493394539444,161.48063430124813,162.23962776220338,49386500,62.40275626770228,2.9379471771927967,3.139647379352026,-0.20170020215922912,159.02469024658203,165.41284694621757,152.63653354694648,0.0,0.0,160.64857001133058,153.16243978531205,3.1592855636558257,-0.2784561754152203,162.87046813964844,1
2023-04-17,162.87046813964844,163.02818690758198,161.68760746192598,162.73246797792896,41516200,62.434852478382254,2.9270270246158248,3.097123308404786,-0.17009628378896124,159.52888565063478,165.4421623961735,153.61560890509605,0.0,0.0,161.05255148920656,153.54314677959977,3.0293779837986956,-0.1593613639354885,164.09274291992188,1
2023-04-18,164.09274291992188,165.01932174992547,163.28444562876558,163.72803148121778,49923000,64.46354227082901,2.982618317466347,3.0742223102170985,-0.09160399275075148,159.9759078979492,165.8497806414585,154.10203515443993,0.0,0.0,161.60531356751844,153.95685643216143,2.966483385690005,0.2024944479504387,165.2362060546875,1
2023-04-19,165.2362060546875,165.7586363174907,163.17604035173306,163.43233711220313,47720200,66.29726509130415,3.0833992292539847,3.0760576940244757,0.0073415352295089775,160.38744659423827,166.51886785634633,154.2560253321302,0.0,0.0,162.2654758379128,154.39918386833892,2.9390628556948357,-0.04412395088436194,164.27020263671875,0
2023-04-20,164.27020263671875,165.47278202514906,163.19577163848064,163.71820194187683,52456400,63.324422127806784,3.0501600786028575,3.0708781709401523,-0.020718092337294713,160.82214889526367,166.7571231140716,154.88717467645574,0.0,0.0,162.62997161951387,154.7862826435695,2.8917733936215204,0.09924937447873217,162.6634979248047,0
2023-04-21,162.6634979248047,164.07307012591417,162.141067594516,162.6930683177726,58337300,58.61640913100282,2.8611881735400004,3.028940171460122,-0.16775199792012163,161.12230224609374,166.78601876184652,155.45858573034096,0.0,0.0,162.63606731138492,155.0951930467552,2.837299225663038,0.11211024774860645,162.9690399169922,1
2023-04-24,162.9690399169922,163.23518844762253,161.5496011414824,162.64375061086378,41949600,59.23706573159303,2.7049008493087,2.9641323070298378,-0.25923145772113765,161.37267379760743,166.89635306221044,155.84899453300443,0.0,0.0,162.69660778513168,155.40397135539195,2.755034088554258,-0.2809128979229413,161.43133544921875,0
2023-04-25,161.43133544921875,163.93505711689548,161.3918982344198,162.83105575677226,48714100,54.78395739352277,2.4289625511363226,2.857098355851135,-0.4281358047148123,161.64325485229492,166.59179296668992,156.6947167378999,0.0,0.0,162.46655826951115,155.64033857475772,2.7399001452629297,0.16125302744245484,161.4214630126953,0
2023-04-26,161.4214630126953,162.91976126426218,160.47518046288778,160.73146218660858,45498800,54.75549747781607,2.1843035470776044,2.7225393940964286,-0.5382358470188242,161.94439239501952,165.98620755945035,157.9025772305887,0.0,0.0,162.2765409500901,155.86704933702978,2.718805906413749,-0.06600347743261192,166.00506591796875,1
2023-04-27,166.00506591796875,166.1529178634098,162.83104713478986,162.83104713478986,64902300,64.08440168515456,2.3333703306764733,2.644705581412438,-0.3113352507359646,162.3209373474121,166.40241333925542,158.23946135556878,0.0,0.0,162.9544545806135,156.26461861471367,2.862566545292374,0.4264617967946407,167.25694274902344,1
2023-04-28,167.25694274902344,167.42452836533985,165.48265898999023,166.08394872105114,55275900,66.13800544581956,2.523434249299015,2.6204513149897535,-0.09701706569073831,162.68171081542968,167.15065419929573,158.21276743156363,1.0,0.0,163.736725156688,156.6956901493925,2.796802461725035,-0.1483214000120181,167.16819763183594,0
2023-05-01,167.16819763183594,168.0159171618742,166.23176694003394,166.86262693627947,52472900,65.85055661647726,2.6365082588225164,2.623662703756306,0.012845555066210324,162.91286239624023,167.7893072743499,158.03641751813055,0.0,0.0,164.36062924307853,157.10637671733144,2.724470158876123,-0.05070926027436917,166.13319396972656,0
2023-05-02,166.13319396972656,167.91735928630777,165.14747425578494,167.6610625345139,48425700,62.442016029126435,2.612488934163281,2.621427949837701,-0.008939015674420236,163.02966995239257,168.0935509446154,157.96578896016973,0.0,0.0,164.6829137388327,157.46036955075868,2.727714078279459,-0.07712933723884141,165.0587921142578,0
2023-05-03,165.0587921142578,168.47924132633688,164.7729399649435,167.07952089132834,65136000,59.02643107892167,2.478191150769959,2.592780590024153,-0.11458943925419396,163.11937103271484,168.2597132843042,157.97902878112546,0.0,0.0,164.75125526163725,157.75834690619,2.797613169930453,0.34507090243403815,163.42245483398438,0
2023-05-04,163.42245483398438,164.65460440159984,161.96359395737636,162.53531316165655,81235400,54.16670951087089,2.214196567055126,2.5170637854303477,-0.3028672183752219,163.21942062377929,168.30123844912637,158.1376027984322,0.0,0.0,164.50965518388216,157.98046878571137,2.818869240426953,0.2471659297469908,171.09140014648438,1
2023-05-05,171.09140014648438,171.81097141948842,168.32151475691046,168.53837432535954,113453200,67.62132813752248,2.593897911671064,2.532430610678491,0.061467300992573026,163.65855865478517,169.76439286876527,157.55272444080506,1.0,0.0,165.70633608617345,158.49462295672205,3.2167011936467453,0.39659803484687717,171.02236938476562,0
2023-05-08,171.02236938476562,171.3673772990156,169.65221959190652,170.01693107088172,55962800,67.42944727474053,2.8563179025388195,2.5972080690505566,0.2591098334882629,164.22387008666993,170.83745559606746,157.6102845772724,1.0,0.0,166.67288759500838,158.9859071303708,3.1094480874654837,-0.5067322913765324,169.31710815429688,0
2023-05-09,169.31710815429688,171.06182151405454,169.14953757945025,170.5788283985824,45326900,62.69657566207044,2.89333474420647,2.6564334040817394,0.23690134012473063,164.76453857421876,171.18438725967337,158.34468988876415,0.0,0.0,167.15365496942448,159.39105226856398,3.023936362261113,-0.19005303523054595,171.08151245117188,1
2023-05-10,171.08151245117188,171.54480192353225,169.44521410372417,170.5492304195713,53724500,65.40247725985894,3.0301142678369217,2.7311695768327757,0.298944691004146,165.42792663574218,171.5738411396309,159.28201213185346,0.0,0.0,167.86781087519674,159.84950168748978,2.967061891330703,0.18526746810392947,171.26882934570312,1
2023-05-11,171.26882934570312,172.09683043603525,169.71139012861647,171.36740735017244,49514700,65.68704453213721,3.117689153802445,2.80847349222671,0.3092156615757351,165.8315803527832,172.38499401678374,159.27816668878265,0.0,0.0,168.48617786983428,160.2973184584001,2.9255174924798513,-0.07835903544937595,170.34095764160156,0
2023-05-12,170.34095764160156,171.8117019924622,168.79122976444327,171.3773829679925,45533100,62.926046728872834,3.0767544794732657,2.8621296896760215,0.2146247897972442,166.2060890197754,172.8901051307614,159.52207290878937,0.0,0.0,168.82341055561017,160.6911866616629,2.932299973589785,-0.08041248356548658,169.84739685058594,0
2023-05-15,169.84739685058594,170.97267098611968,169.25514096380277,170.9233138186056,37266700,61.44652592308305,2.9702480535278255,2.8837533624463827,0.08649469108144281,166.55493545532227,173.23444496142395,159.87542594922058,0.0,0.0,169.0095898819694,161.05025372789518,2.8455306913560077,-0.18154705038752028,169.84739685058594,0
2023-05-16,169.84739685058594,170.9035679392614,169.58088019536424,169.768428394902,42110300,61.44652592308305,2.8529538673480204,2.8775934634267104,-0.02463959607869004,166.84266815185546,173.56875682322087,160.11657948049006,0.0,0.0,169.16191842171784,161.39523973270659,2.736756195108946,0.12997126120638525,170.45936584472656,1
2023-05-17,170.45936584472656,170.69625612547324,168.21868321528598,169.49202872106457,57951600,62.707399184016424,2.7773624575677047,2.857547262254909,-0.08018480468720446,167.10382614135742,173.96439544568952,160.2432568370253,0.0,0.0,169.39781795317396,161.75069565866815,2.718243103328826,0.3761858737648509,172.78892517089844,1
2023-05-18,172.78892517089844,172.97647339745131,170.35082834910114,170.7654015048888,65496700,67.1161863524554,2.872321356749893,2.860502081153906,0.011819275595986944,167.5297622680664,174.68517354942057,160.37435098671224,0.0,0.0,170.01438290185112,162.18356740424582,2.711628956544637,0.13019657783391647,172.8975067138672,1
2023-05-19,172.8975067138672,174.11161490131877,172.68034719263906,174.11161490131877,55809500,67.31017484866476,2.922648123277611,2.872931289578647,0.049716833698963736,168.04146270751954,175.19541207844537,160.8875133365937,0.0,0.0,170.53858723130858,162.60372188697607,2.6201745816971425,-0.14790363483961788,171.9499053955078,0
2023-05-22,171.9499053955078,172.45332751081392,171.2095929310653,171.73274586766902,43570900,63.774323570709186,2.853179266833024,2.8689808850295226,-0.015801618196498612,168.49050598144532,175.43901103003125,161.5420009328594,0.0,0.0,170.79519053389023,162.97023888731067,2.5535845246331967,-0.2192924143738969,169.34397888183594,0
2023-05-23,169.34397888183594,171.1404774028389,169.0675968111729,170.89370662105455,50747300,55.18848129926574,2.5583570589344333,2.806856119810505,-0.24849906087607154,168.88613815307616,175.03714852756232,162.73512777859,0.0,0.0,170.53133386988037,163.22018947533127,2.5770648146118904,0.16470626037102742,169.62037658691406,1
2023-05-24,169.62037658691406,170.19288666082696,168.317434571077,168.88006417332414,45143500,55.867147152924076,2.320264752194646,2.7095378462873336,-0.3892730940926876,169.29608383178712,174.40746847925035,164.18469918432388,0.0,0.0,170.36570527297738,163.47117720519728,2.5269496199788954,-0.11042557929190322,170.75552368164062,1
2023-05-25,170.75552368164062,171.65375792303627,169.47231254318322,170.18301363335365,56058300,58.637741674307904,2.197836476667902,2.6071975723634475,-0.40936109569554535,169.5336067199707,174.44893149844995,164.61828194149143,0.0,0.0,170.43658134727977,163.75683785133234,2.502270745684192,0.24178010123273563,173.16397094726562,1
2023-05-26,173.16397094726562,173.4995906286618,170.87394612033412,171.0812401864408,54835000,63.826580875335225,2.268997165445654,2.539557490979889,-0.2705603255342348,169.8289581298828,174.8698664779712,164.78804978179443,0.0,0.0,170.93247036545898,164.125745031565,2.519541902922547,-0.021821924674847448,175.0098419189453,1
2023-05-30,175.0098419189453,176.67801481811213,174.28927545149398,174.67423726963298,55964400,67.22061109246616,2.4461412906853184,2.5208742509209747,-0.07473296023565634,170.22104034423828,175.58277748849784,164.8593031999787,0.0,0.0,171.67381064791104,164.5525723604819,2.5905777577742586,0.020596334457919196,174.9604949951172,0
2023-05-31,174.9604949951172,177.03337571367211,174.4768188110026,175.03946345752533,99625300,67.03951859450287,2.5531166622265573,2.5273227331820913,0.02579392904446598,170.66240539550782,176.05864494276946,165.26616584824617,0.0,0.0,172.27138962013032,164.96072618929114,2.5881476966953483,0.7801548841763692,177.76380920410156,1
2023-06-01,177.76380920410156,177.79342049505456,174.64462268903534,175.40468096744894,68901800,71.70322609651666,2.831460133384695,2.588150213222612,0.24330992016208297,171.29765625,176.89329003968643,165.70202246031354,1.0,0.0,173.27001136267052,165.46280787614646,2.6281941330756244,-0.30839053935094796,178.6127166748047,1
2023-06-02,178.6127166748047,179.43199760539318,176.94454352013497,178.69168514468382,61996900,72.95134701287652,3.0849872650503016,2.6875176235881506,0.397469641462151,172.05716934204102,177.2822951104317,166.83204357365034,1.0,0.0,174.2414123285131,165.97849057413305,2.6181412725172377,-0.100213637379575,177.26040649414062,0
2023-06-05,177.26040649414062,182.56103856696868,175.74028990045602,180.27101332814428,121946500,67.81948610851532,3.1405864875268037,2.7781313963758816,0.3624550911509221,172.36561965942383,178.03567841103364,166.695560907814,0.0,0.0,174.79032035862718,166.42091864942745,2.918327514945482,0.966977381127121,176.89517211914062,0
2023-06-06,176.89517211914062,177.79340630920336,175.13815031318512,177.64534986625156,64848400,66.45967131462407,3.1192214668172085,2.846349410464147,0.27287205635306133,172.65925979614258,178.62140479304847,166.6971147992367,0.0,0.0,175.17302067872052,166.83167368745544,2.899536692164965,-0.46822254021230625,175.52316284179688,0
2023-06-07,175.52316284179688,178.86937468745242,175.02962118278165,176.13514967923302,61944600,61.473329047468596,2.9574877735749396,2.868577083086306,0.08891069048863365,172.96956253051758,178.8490535312634,167.09007152977176,0.0,0.0,175.23668289018894,167.1725163993904,2.966695035915379,-0.04477828288747299,178.2376251220703,1
2023-06-08,178.2376251220703,178.50412674833163,175.1677956906412,175.60209965770608,50214900,66.78329664543746,3.013608078736553,2.8975832822163556,0.11602479652019726,173.3273681640625,179.56386277366056,167.09087355446445,0.0,0.0,175.782308750531,167.60644223165235,2.9930976088993106,-0.1893579101326024,178.62257385253906,1
2023-06-09,178.62257385253906,179.8761586114367,178.29683460490384,179.15559212759166,48900000,67.46806556385152,3.053942027618689,2.9288550312968225,0.12508699632186637,173.6950553894043,180.26113593080373,167.12897484800487,0.0,0.0,176.29872058725974,168.03844739325578,2.896343028932673,-0.026185454914776307,181.41603088378903,1
2023-06-12,181.41603088378903,181.51474523727245,178.63246384356634,178.92859184232086,54274900,71.98193897645304,3.273579818807036,2.9977999887988656,0.27577983000817063,174.24880905151366,181.42930620558045,167.06831189744688,0.0,0.0,177.22914064117413,168.5630585105316,2.89604505434701,0.10991615541922295,180.94223022460935,0
2023-06-13,180.94223022460935,181.77137654932005,180.08347260699438,180.4388231835412,54929100,70.2027105189563,3.3705588924381686,3.072351769526726,0.29820712291144247,174.80355072021484,182.24764083460641,167.35946060582327,0.0,0.0,177.90424783816235,169.04851622480916,2.8097492606312002,0.012053453806455616,181.573974609375,1
2023-06-14,181.573974609375,182.0082936822176,179.66891102186548,181.0014644735094,57462900,71.22404577145812,3.4585242840400667,3.149586272429395,0.3089380116106719,175.3898796081543,183.02495570887183,167.75480350743678,0.0,0.0,178.57147088747374,169.53971067126275,2.7761516463255522,0.04612855480974565,183.6073455810547,1
2023-06-15,183.6073455810547,184.1107676661695,181.4061542027307,181.5838370156226,65433200,74.27984650310648,3.650235887348856,3.249716195413287,0.4005196919355689,176.0472785949707,184.12249063931756,167.97206655062382,0.0,0.0,179.4870844681248,170.0913826285095,2.771041776119355,0.1387034068938393,182.5314178466797,0
2023-06-16,182.5314178466797,184.57468723659963,181.88981981135748,184.31803597311568,101256200,70.04144991913142,3.6730101631266905,3.334374988955968,0.3386351741707223,176.53440322875977,184.933529783686,168.13527667383354,0.0,0.0,180.04059962786204,170.57922714686913,2.7648864653424114,0.5474743708087026,182.6202850341797,1
2023-06-20,182.6202850341797,183.69621733182024,182.02804406160988,182.02804406160988,49799100,70.19273487410082,3.6560847113785258,3.39871693344048,0.2573677779380459,177.0205421447754,185.64389363482314,168.39719065472764,0.0,0.0,180.5096333381016,171.0514254953911,2.686549808547265,-0.5081871529842124,181.58383178710935,0
2023-06-21,181.58383178710935,183.015099412311,180.23151756348105,182.5116773416917,49515700,66.00621875122789,3.5184792156684637,3.4226693898860767,0.09580982578238695,177.50223846435546,186.01437783158173,168.9900990971292,0.0,0.0,180.70494214701208,171.4644610362428,2.693480668567457,-0.005690865899182884,184.5845642089844,1
2023-06-22,184.5845642089844,184.6339213828765,181.2975752421376,181.3666782979256,51245300,71.3365200397237,3.609946679000558,3.460124847708973,0.14982183129158466,178.2642677307129,186.44070888217945,170.08782657924635,0.0,0.0,181.4103279764616,171.97897488615422,2.739399630865417,0.034930335227008724,184.2686920166016,0
2023-06-23,184.2686920166016,185.13733008755813,182.620264813178,183.15329819733583,53117000,70.09062622465942,3.6152724462757817,3.491154367422335,0.12411807885344661,178.99668350219727,186.54490911050718,171.44845789388737,0.0,0.0,181.93003052921432,172.4609245775443,2.723518605402181,0.03652432515762416,182.87689208984372,0
2023-06-26,182.87689208984372,185.62098193195175,182.83740033087776,184.41673933227065,48088700,64.72647327375131,3.4672185951827714,3.4863672129744225,-0.019148617791651112,179.6027519226074,186.30605669057147,172.89944715464335,0.0,0.0,182.10218717660146,172.8693938917521,2.727808819378739,-0.0946646083174878,185.630859375,1
2023-06-27,185.630859375,185.9565986299679,183.27173119056016,183.4888906938721,50730800,69.67238265697499,3.5313992235391254,3.495373615087363,0.03602560845176228,180.22609634399413,186.73425257624208,173.71794011174617,0.0,0.0,182.74376393994663,173.36984351854616,2.752944370860557,0.054942221353457166,186.80548095703125,1
2023-06-28,186.80548095703125,187.4470789620611,185.17679982937508,185.5025240055518,51216800,71.50745185265947,3.635141332373081,3.523327158544507,0.11181417382857406,180.81587829589844,187.46272152197696,174.16903506981993,0.0,0.0,183.4822579430529,173.89673126123185,2.7184682824195194,0.009579979026548058,187.14111328125,1
2023-06-29,187.14111328125,187.6149240946042,186.49951518133068,186.6377062364685,46347300,72.0282674806178,3.701768738862995,3.5590154746082048,0.1427532642547904,181.42490921020507,188.04619813743906,174.80362028297108,0.0,0.0,184.14750436817965,174.41611879142866,2.603964041766233,-0.09507622498867563,191.46450805664065,1
2023-06-30,191.46450805664065,191.96791501002733,188.7895062572109,189.15473724224137,85213200,77.68634846887561,4.056670492538842,3.6585464781943324,0.3981240143445097,182.10994415283204,189.81983091697873,174.40005738868535,1.0,0.0,185.47786867517254,175.08468307633893,2.7627381622670257,0.838579593633286,189.9740295410156,0
2023-07-03,189.9740295410156,191.37568580561535,189.28305928715224,191.27697146600815,31458200,72.2597026975042,4.169598987847081,3.7607569801248824,0.4088420077221988,182.6780097961426,190.92871930547813,174.42730028680705,0.0,0.0,186.29535246896216,175.6685790161302,2.7212174913542677,-0.6308294958996963,188.858642578125,0
2023-07-05,188.858642578125,190.48732393792235,188.15780683402292,189.09554798353173,46920300,68.40862607033853,4.121582193822718,3.83292202286445,0.2886601709582681,183.2579216003418,191.53433240541986,174.98151079526374,0.0,0.0,186.76140521608266,176.18583641071825,2.6932388922503514,0.4915125468081454,189.3324279785156,1
2023-07-06,189.3324279785156,189.53972207962792,186.756140199604,187.3878728511301,45094300,69.16048155301394,4.074787447608884,3.8812951078133366,0.19349233979554725,183.87978439331056,192.0182812961107,175.74128749051042,0.0,0.0,187.22886390016137,176.7013890212201,2.699691962805606,-0.038917057222566775,188.2169952392578,0
2023-07-07,188.2169952392578,190.18129599874976,187.78269133409245,188.93757673504143,46815000,65.2247567651442,3.9027081835107253,3.8855777229528146,0.017130460557910787,184.51447601318358,191.89143018553247,177.1375218408347,0.0,0.0,187.40852414363346,177.15298142192748,2.678185727223585,0.038157815954566354,186.17376708984372,0
2023-07-10,186.17376708984372,187.5359467558433,184.6240392018072,186.8153651594175,59922200,58.641647878169906,3.560420381389264,3.8205462546401048,-0.2601258732508409,184.91128311157226,191.72747760125432,178.0950886218902,0.0,0.0,187.1840228611262,177.50673772263008,2.743526463668373,0.2799786393250028,185.650634765625,0
2023-07-11,185.650634765625,186.85487763479415,184.1897556525184,186.71668657087457,46638100,57.053893804339005,3.2099402327081066,3.698425050253705,-0.48848481754559847,185.26268615722657,191.44057627149147,179.08479604296167,0.0,0.0,186.90522502558053,177.82610623412006,2.737926143568901,-0.22168912356355408,187.31878662109372,1
2023-07-12,187.31878662109372,189.22385000348103,186.03557542450565,187.22993768452707,60750200,60.707297627738846,3.0318389510413795,3.56510783041124,-0.5332688793698606,185.5578239440918,191.5331113410259,179.58253654715773,0.0,0.0,186.98041804294655,178.19836821007982,2.797589650303696,0.30258736955407706,188.07882690429688,1
2023-07-13,188.07882690429688,188.72044002337208,187.32864909209997,188.0393502033157,41342300,62.2816859823299,2.918380032714225,3.4357622708718374,-0.5173822381576123,185.91465377807617,191.58960747503986,180.2397000811125,0.0,0.0,187.18012874501022,178.5858371784805,2.697879918301886,-0.31947055318336404,188.22691345214844,1
2023-07-14,188.22691345214844,188.71057462083732,187.18060758311253,187.77284851528796,41616200,62.596156461999186,2.8080429975832146,3.3102184162141133,-0.5021754186308987,186.24730072021484,191.63835751282738,180.8562439276023,0.0,0.0,187.37045323721716,178.96391860097728,2.614457569689236,0.00662517566753662,191.4842834472656,1
2023-07-17,191.4842834472656,191.81002272437505,189.33243414864157,189.42126802557277,50520200,68.76501817406074,2.9494432916342532,3.2380633912981414,-0.28862009966388813,186.6411476135254,192.34503723631988,180.9372579907309,0.0,0.0,188.11842236631685,179.45491330083175,2.683646977013334,0.21395514246855796,191.2276306152344,0
2023-07-18,191.2276306152344,191.8198865800326,189.93455398917624,190.852549228444,48288200,67.8159782415884,3.006141378245758,3.1916789886876646,-0.18553761044190686,187.07595825195312,192.78623890858958,181.36567759531667,0.0,0.0,188.68373295702912,179.91658848963183,2.626624520859265,-0.04418034766291501,192.5799102783203,1
2023-07-19,192.5799102783203,195.6694700020996,190.16154474141445,190.60574416603285,80507300,70.15329941116731,3.124179095828623,3.1781790101158567,-0.05399991428723361,187.57393951416014,193.37940733721396,181.76847169110633,0.0,0.0,189.3921288336275,180.4131893440902,2.8324317165611137,0.6672251191802552,190.6353759765625,0
2023-07-20,190.6353759765625,193.93223012421535,190.01350876450036,192.57005054034343,59581200,63.061210704544294,3.025936063072919,3.147730420707269,-0.12179435763435009,188.02651672363282,193.27840711174144,182.7746263355242,0.0,0.0,189.61817376870658,180.81405940810873,2.910023833929248,-0.25992798168613285,189.46072387695312,0
2023-07-21,189.46072387695312,192.4515843269373,188.75988828116408,191.59282688932564,71951700,59.169821658056286,2.8207769831607266,3.0823397331979607,-0.26156275003723417,188.27032470703125,193.3088330107597,183.2318164033028,0.0,0.0,189.58954651566052,181.1531442892399,2.965857563346675,0.20762421703490364,190.26031494140625,1
2023-07-24,190.26031494140625,192.3924185835724,189.7667732684065,190.91179356457312,45377800,60.936886785229504,2.6916792478222646,3.0042076361228216,-0.31252838830055696,188.56990585327148,193.32563606668444,183.81417563985852,0.0,0.0,189.71150441125064,181.51028823638367,2.9634173592947186,-0.3693297031202877,191.1190185546875,1
2023-07-25,191.1190185546875,191.9284338989937,190.4280634203361,190.8327710924892,37283200,62.79891773594384,2.6283604642396767,2.929038201746193,-0.30067773750651616,188.98201217651368,193.07531858416664,184.88870576886072,0.0,0.0,189.9674160736937,181.88710119004264,2.8708960448870555,-0.1783823808117626,191.98765563964844,1
2023-07-26,191.98765563964844,193.11292972833343,190.82290485561143,191.1683748904412,47471900,64.63532689911636,2.6180918916947746,2.8668489397359096,-0.24875704804113496,189.2998519897461,193.28881203781737,185.3108919416748,0.0,0.0,190.33473235841274,182.283201364537,2.8294052468752655,0.2732785812376619,190.7242126464844,0
2023-07-27,190.7242126464844,194.6527994732912,190.06286872536143,193.48804855415668,47460200,59.99616692306639,2.479423433503257,2.789363838489379,-0.3099404049861221,189.49578857421875,193.35838109361464,185.63319605482286,0.0,0.0,190.40554695624394,182.61422141480946,2.9551570683791586,-0.0002464615909621992,193.30050659179688,1
2023-07-28,193.30050659179688,194.09017617119656,191.63233355900985,192.15548645475204,48291400,65.44284627787513,2.548040842996329,2.741099239390769,-0.1930583963944401,189.8037582397461,193.84436665964355,185.76314981984862,0.0,0.0,190.93190325361718,183.03329142175014,2.9845003866886586,0.01751362194006778,193.9124755859375,1
2023-07-31,193.9124755859375,193.9519673452193,192.7378442652397,193.5275137722519,38824100,66.60594880860663,2.62158145859334,2.7171956832312834,-0.09561422463794322,189.92615661621093,194.29551407561127,185.5567991568106,0.0,0.0,191.47382549585723,183.45992609485552,2.8580448647808687,-0.19604525857606114,193.08334350585935,0
2023-08-01,193.08334350585935,194.1888718595327,192.75760424557475,193.7052107356477,35175100,63.48812533378749,2.583181587404198,2.690392864065866,-0.10721127666166819,190.0816223144531,194.6628572705043,185.50038735840192,0.0,0.0,191.7664651340394,183.83731501293408,2.7561322040078022,-0.09398801260042089,190.0924835205078,0
2023-08-02,190.0924835205078,192.65889079076132,189.3719170053564,192.52069974591456,50389300,53.71961306796291,2.285071130092291,2.6093285172711513,-0.3242573871788603,190.14331436157227,194.69011299290617,185.59651573023837,0.0,0.0,191.46210484067,184.08261573872127,2.824367510900312,0.43252755500339735,188.70069885253903,0
2023-08-03,188.70069885253903,189.885195713569,188.22690312046603,189.09554118067888,61235200,49.87395735226165,1.9144425517895343,2.4703513241748283,-0.555908772385294,190.11172790527343,194.68929358291794,185.5341622276289,0.0,0.0,190.96003102464618,184.26371703730237,2.7558827172675597,0.21524212481618132,179.63926696777344,0
2023-08-04,179.63926696777344,184.9596445164711,179.57016391801557,183.12366926443607,115956800,33.20648105782935,0.8793977597273113,2.152160611285325,-1.2727628515580136,189.6828414916992,196.1198298055393,183.24585317785912,0.0,1.0,188.90171028703296,184.0823660541836,3.2112150185001243,0.8936298076923077,176.5398712158203,0
2023-08-07,176.5398712158203,180.76458694137423,175.05924612335895,179.7775035464,97576100,29.566785834564925,-0.1888016417277072,1.6839681606827186,-1.8727698024104258,189.20114669799804,197.72121195352128,180.6810814424748,0.0,1.0,186.65410318317612,183.78658194287527,3.3893668613226358,-0.15851334290011454,177.47756958007812,1
2023-08-08,177.47756958007812,177.94149990785485,175.2862435821482,177.3689898212007,67823000,31.995360793543284,-0.9487562703145898,1.1574232744832569,-2.106179544797847,188.7924934387207,198.63580320244753,178.94918367499386,0.0,1.0,184.9856425280674,183.5391696933538,3.3369303944929234,-0.3049220044662576,175.8883514404297,0
2023-08-09,175.8883514404297,178.59294967088076,174.72358547458126,178.53372709089916,60378500,30.10101120057034,-1.6601255172954836,0.5939135161275088,-2.2540390334229925,188.2209716796875,199.5546918282545,176.88725153112048,0.0,1.0,183.33158960304235,183.23913760500386,3.37496138033625,-0.10976364949943229,175.6711883544922,0
2023-08-10,175.6711883544922,178.41527829006225,175.30597241092943,177.1616784798233,54686900,29.841010916191735,-2.2158708371154887,0.03195664547890925,-2.247827482594398,187.60058975219727,200.1866569988253,175.01452250556923,0.0,0.0,181.9387893760332,182.94235528145438,3.3559859873931477,-0.09426534279586274,175.73049926757812,1
2023-08-11,175.73049926757812,176.5508864753638,174.5048729038775,175.2659575562626,52036700,30.018800947310154,-2.6213003927725538,-0.4986947621713833,-2.1226056306011705,186.97576904296875,200.57535868417133,173.37617940176617,0.0,0.0,180.81000935631408,182.6595373985573,3.262416529114087,-0.04846133169003908,177.38116455078125,1
2023-08-14,177.38116455078125,177.60849603671858,175.2560608313475,175.90841909398483,43675600,34.9587455936166,-2.777395259738114,-0.9544348616847295,-1.8229603980533846,186.27061309814454,200.3171715886991,172.22405460758998,0.0,0.0,180.1865830280354,182.45254238491904,3.197417863132444,-0.16067698374416517,175.39443969726562,0
2023-08-15,175.39443969726562,177.40092323969566,174.99907927707545,176.8078826094104,43622600,32.02827329977684,-3.0265257533991416,-1.368853040027612,-1.6576727133715297,185.47895355224608,200.09205490405952,170.86585220043264,0.0,0.0,179.31528424062267,182.17575404422675,3.140591155952998,-0.0012134922015953897,174.52462768554688,0
2023-08-16,174.52462768554688,176.471793411816,174.45543132326716,175.07813825565708,46964900,30.810536584716104,-3.2566098533174,-1.7464044026855696,-1.5102054506318303,184.57618942260743,199.5494166157336,169.60296222948125,0.0,0.0,178.44425577606341,181.87570987329812,3.060289079709844,0.07661854176504845,171.98440551757812,0
2023-08-17,171.98440551757812,175.4537406821077,171.47042491030345,175.08803154260252,66062900,27.51977961000705,-3.6024016161874215,-2.11760384538594,-1.4847977708014817,183.6436408996582,199.29888927294883,167.9883925263676,0.0,0.0,177.2697375472479,181.4878155848385,3.126219557716588,0.40664411081467233,172.46875,1
2023-08-18,172.46875,173.0716844916875,169.96805819399307,170.30411608587545,61172200,29.0752498327639,-3.793630911961486,-2.4528092587010493,-1.340821653260437,182.79404220581054,198.9311880599563,166.65689635166478,0.0,0.0,176.39683072047552,181.13412673837425,3.124605753429291,-0.07403096140193666,173.80308532714844,1
2023-08-21,173.80308532714844,174.08973444525807,171.7274205434044,173.0420157807921,46311900,33.32074403846387,-3.7937794690266173,-2.721003300766163,-1.0727761682604542,181.97118072509767,198.179742896325,165.76261855387034,0.0,0.0,175.92524064896148,180.84663491832617,3.0701563354596035,-0.24292570808308345,175.17701721191406,1
2023-08-22,175.17701721191406,175.6218015319945,174.20837345764443,175.00898825019638,42038900,37.471196622959226,-3.641060501913728,-2.9050147409956764,-0.7360457609180515,181.174080657959,197.069726532471,165.27843478344698,0.0,0.0,175.78920002404377,180.62429696905514,2.980767754701493,-0.0922657027675392,179.02191162109375,1
2023-08-23,179.02191162109375,179.44693836874362,176.26423745502308,176.45203891919172,52722800,47.34813548011169,-3.1732000990056406,-2.9586518125976697,-0.21454828640797086,180.52579345703126,195.64300676253396,165.40858015152855,0.0,0.0,176.37696576896192,180.56145832795863,3.072850140567783,0.25414318642971145,174.33685302734375,0
2023-08-24,174.33685302734375,179.00217866700072,173.9711287799832,178.57715186115848,54945800,39.2188496884772,-3.144217846667317,-2.995765019411599,-0.14845282725571796,179.70642547607423,194.2907913692792,165.12205958286927,0.0,0.0,176.0060361795768,180.31735615930708,3.2141310477494103,0.04216392149127124,176.541015625,1
2023-08-25,176.541015625,177.07475372946672,173.78334110152613,175.3252679389123,51449600,44.082996614470815,-2.9098487768266352,-2.9785817708946065,0.06873299406797129,178.8684509277344,192.0949046762304,165.64199717923836,0.0,0.0,176.10330516965374,180.169264373648,3.219651160620209,-0.06362997717750951,178.1027069091797,1
2023-08-28,178.1027069091797,178.49806733287568,176.48170504077262,178.003859262239,43820700,47.30092938939978,-2.568486254688395,-2.8965626676533645,0.3280764129649696,178.07796249389648,189.3603526707182,166.79557231707474,0.0,0.0,176.46683275865843,180.08822290445315,3.1337019557261265,-0.14827909254882443,181.9871826171875,1
2023-08-29,181.9871826171875,182.7581460326424,177.4207046822572,177.61838490226515,53003900,54.3396569325226,-1.961893780526026,-2.709628890227897,0.7477351097018712,177.52315444946288,186.69295209003295,168.3533568088928,0.0,0.0,177.47053273293642,180.16269191279568,3.2911119124874895,0.20956306038013994,185.476318359375,1
2023-08-30,185.476318359375,185.67401369107617,182.6000383003729,182.79771855003776,60813900,59.563976963327015,-1.185949887939131,-2.4048930897701437,1.2189432018310127,177.29234619140624,185.34995474093247,169.23473764188,1.0,0.0,178.9261301195616,180.37106942050468,3.319377566873288,0.14734764800326006,185.6937255859375,1
2023-08-31,185.6937255859375,186.9292456956689,185.30824391498265,185.66407430986652,60794500,59.87206737463236,-0.5471585137029251,-2.0333461745567,1.486187660853775,177.14199752807616,184.41669131635024,169.86730373980208,1.0,0.0,180.156602022539,180.57980103483538,3.1980650107170705,-0.0003190060167165276,187.26535034179688,1
2023-09-01,187.26535034179688,187.7200133732383,186.09901131803056,187.29500162288932,45766500,62.11900342026048,0.08492625875811655,-1.6096916878937368,1.6946179466518534,177.52330169677734,185.9843171053558,169.06228628819886,1.0,0.0,181.4491017169495,180.84197943902996,3.1143666376159076,-0.24719341387790017,187.5025177001953,1
2023-09-05,187.5025177001953,187.77927298177536,185.43673181910435,186.09896874874457,45280000,62.46060660804343,0.598100883906028,-1.168133173533784,1.766234057439812,178.0714340209961,187.56408954361927,168.5787784983729,0.0,0.0,182.54972280481238,181.10317701789918,3.0592362465484153,-0.010630045994340809,180.79119873046875,0
2023-09-06,180.79119873046875,186.6623929808804,179.3678770840619,186.2175936548533,81755800,48.99587541797071,0.45796893868583766,-0.8429127510898597,1.3008816897756974,178.23711547851562,187.79795207945523,168.676278877576,0.0,0.0,182.2299911549317,181.09094257525487,3.4217651300902014,0.8055609540636042,175.503173828125,0
2023-09-07,175.503173828125,176.1456533918577,171.52973657694065,173.15073850258275,112488800,41.419424042566,-0.07887681047634487,-0.6901055629671569,0.611228752490812,178.21785659790038,187.79907060136378,168.63664259443698,0.0,0.0,181.00693345914866,180.87181438909292,3.8388863460500517,0.37591216769941704,176.11599731445312,1
2023-09-08,176.11599731445312,178.15214742516778,175.73051558651892,176.2840413464044,65551300,42.52856051466129,-0.44969736933819604,-0.6420239242413648,0.19232655490316874,178.24009704589844,187.79960236213424,168.68059172966264,0.0,0.0,180.11767234193127,180.6853117587149,3.7538925782638186,-0.41726376314797564,177.2823028564453,1
2023-09-11,177.2823028564453,178.21141635408188,175.2856982178241,177.98408488615974,58953100,44.67545557676164,-0.6420629221412355,-0.642031723821339,-3.119831989650823e-05,178.31768722534179,187.81947225171638,168.8159021989672,0.0,0.0,179.60215061729747,180.55186042921414,3.6947372609776736,-0.10065704265209086,174.25779724121094,0
2023-09-12,174.25779724121094,178.0434334916735,172.79494533569144,177.4108476610135,90370200,40.45501448954538,-1.0267308211692807,-0.7189715432909274,-0.30775927787835333,178.1615188598633,187.82109912230675,168.50193859741984,0.0,0.0,178.63045000346352,180.30503442184147,3.8057194677637023,0.5329168440675724,172.19198608398438,0
2023-09-13,172.19198608398438,175.24618840249718,171.96463950783718,174.46533118918654,84267900,37.82652522352183,-1.4812022210278712,-0.8714176788383162,-0.609784542189555,178.00139617919922,187.9412479210099,168.06154443738853,0.0,0.0,177.45982019992186,179.98687566349415,3.76827871254201,-0.06752557812199156,173.70425415039062,1
2023-09-14,173.70425415039062,174.060084556446,171.56927171405846,171.98440467411754,60895800,40.856000300593976,-1.6997529908786646,-1.037084741246386,-0.6626682496322787,177.96037750244142,187.9638481308416,167.95690687404124,0.0,0.0,176.77699000909797,179.7404983492548,3.6770311503881183,-0.2773547222607897,172.98268127441406,0
2023-09-15,172.98268127441406,174.45542656560403,171.80647888602266,174.4356540223445,109259500,39.858037715851694,-1.9091731910860688,-1.2115024312143226,-0.6976707598717462,178.0102912902832,187.90334454917792,168.11723803138847,0.0,0.0,176.08711569370087,179.47548591494734,3.603596616759065,0.794204197990666,175.90843200683594,1
2023-09-18,175.90843200683594,177.3021024660386,174.12927983360214,174.4356864419302,67257600,45.65450954808145,-1.8180986662566738,-1.3328216782227928,-0.485276988033881,178.182275390625,187.79976025806025,168.56479052318974,0.0,0.0,176.0546277506345,179.33560144796257,3.6547269435351706,-0.3844233224570861,176.99569702148438,1
2023-09-19,176.99569702148438,177.54920768301113,175.07816717117066,175.4636488877364,51826900,47.67285701459703,-1.6392915169596165,-1.3941156459701576,-0.24517587098945892,178.3419059753418,187.76741498036907,168.91639697031454,0.0,0.0,176.22573125442537,179.24384049006147,3.5701779126998345,-0.2294268603102103,173.4571533203125,0
2023-09-20,173.4571533203125,177.61837681135137,173.36818440563272,177.18347129792434,58436200,42.18207509449755,-1.7627960511712502,-1.4678517270103761,-0.294944324160874,178.25591278076172,187.8256305513641,168.68619501015934,0.0,0.0,175.722353448223,179.01691158144388,3.6187503764868927,0.12752643897281146,171.91519165039062,0
2023-09-21,171.91519165039062,174.25774788080986,171.84601037143327,172.52801984046553,63149100,40.019040880182104,-1.9624755083260368,-1.5667764832735083,-0.3956990250525285,177.90057678222655,187.85035273787054,167.95080082658257,0.0,0.0,175.03014221225345,178.73841276061827,3.5325351716933,0.08065035029656276,172.7652587890625,1
2023-09-22,172.7652587890625,175.02874030453424,172.03384046276338,172.64665367280514,56725400,41.791143427623055,-2.0287435106093596,-1.6591698887406787,-0.3695736218686809,177.8219970703125,187.90701641887964,167.73697772174538,0.0,0.0,174.61834522621874,178.5041714284004,3.502607563296894,-0.10172274822602378,174.04031372070312,1
2023-09-25,174.04031372070312,174.9200034718099,172.13266274999066,172.1820865728236,46172700,44.442560315859424,-1.9558295177305354,-1.7185018145386501,-0.23732770319188523,177.69696197509765,187.90368149017826,167.49024246001704,0.0,0.0,174.51324858885226,178.32911818496132,3.451517074619919,-0.1860313016743822,169.96804809570312,0
2023-09-26,169.96804809570312,173.1705067749598,169.67152023376326,172.7949188930673,64588900,38.42291208325615,-2.2012676128513533,-1.8150549742011908,-0.38621263865016253,177.29022903442382,188.03405017404276,166.54640789480487,0.0,0.0,173.68684849918878,178.0012330834218,3.517036818357058,0.3988547345076203,168.45574951171875,0
2023-09-27,168.45574951171875,171.0355161486817,167.09174554279588,170.6203831944849,66921800,36.448499856562165,-2.489115949200027,-1.9498671692009582,-0.5392487799990688,176.6136573791504,187.78487159054822,165.44244316775257,0.0,0.0,172.73573959237604,177.6269003943354,3.5475178031805408,0.03611920933782731,168.71275329589844,1
2023-09-28,168.71275329589844,170.03722730338785,165.67830850769053,167.37838547451082,56294400,37.04059949329541,-2.6657704299466047,-2.093047821350088,-0.5727226085965169,175.77547912597657,186.67324774882007,164.87771050313307,0.0,0.0,172.004287538471,177.27732599831828,3.6054750169317393,-0.1588032599242698,169.22674560546875,1
2023-09-29,169.22674560546875,171.06520035560507,168.36681324873706,170.0273603208123,51861100,38.27911911140133,-2.732793551933952,-2.220996967466861,-0.5117965844670911,174.95213012695314,185.19676805304306,164.70749220086321,0.0,0.0,171.49927991428876,176.96161696330458,3.5406830233557587,-0.07875206059572537,171.7373046875,1
2023-10-02,171.7373046875,172.28093658205415,168.9499639274405,169.23661305458424,52164500,44.06687129663216,-2.5538890791188464,-2.287575389797258,-0.2663136893215885,174.17572784423828,182.79462257196548,165.5568331165111,0.0,0.0,171.54255714578173,176.75674197209653,3.5257037113027505,0.00585024228178721,170.40293884277344,0
2023-10-03,170.40293884277344,171.61870157072957,168.84125459232132,170.26456118455488,49594600,41.822096558497606,-2.4910627466736344,-2.3282728611725334,-0.16278988550110096,173.32074890136718,179.54067753066658,167.10082027206778,0.0,0.0,171.33535381796204,176.50757322192703,3.4807284530081737,-0.049265304948767796,171.64834594726562,1
2023-10-04,171.64834594726562,172.19197782627828,168.9895041879398,169.10810929534875,53020300,44.65579609535874,-2.31410294230065,-2.325438877398157,0.011335935097506855,172.86360626220704,178.0837074855338,167.64350503888028,0.0,0.0,171.39226147783543,176.31701528958737,3.4608531091031964,0.06907405241699704,172.88389587402344,1
2023-10-05,172.88389587402344,173.4176340313492,170.67971670138417,171.77685938003185,48527900,47.39339400121035,-2.0505252901041047,-2.2704561599393465,0.2199308698352418,172.73264236450194,177.81077879024215,167.65450593876173,0.0,0.0,171.6634677316878,176.18238315564372,3.4092148391647563,-0.0847298110346415,175.43399047851562,1
2023-10-06,175.43399047851562,175.92819856079907,171.17390414032383,171.78673241813826,57266700,52.604342101943665,-1.6172244227529688,-2.139809812502071,0.5225853897491022,172.69854202270508,177.69382543892203,167.70325860648813,0.0,0.0,172.34901732202013,176.15303442320734,3.5052919521155057,0.1800778521221813,176.9166259765625,1
2023-10-09,176.9166259765625,176.97592853708252,173.7635757979471,174.76187075811515,42390800,55.372205627500435,-1.1410408610495892,-1.9400560222115748,0.7990151611619856,172.68025817871094,177.6105515761366,167.74996478128529,0.0,0.0,173.179491622846,176.18297919000557,3.4843677226169274,-0.2597652737105508,176.32354736328125,0
2023-10-10,176.32354736328125,177.6381425852869,175.88864186643335,176.03691333055846,43698000,54.01336078645119,-0.802270371759704,-1.7124988921212005,0.9102285203614966,172.78354568481444,177.92378936257617,167.6433020070527,0.0,0.0,173.75113812110695,176.18849166738894,3.3604486509195426,0.030836879700312236,177.7172393798828,1
2023-10-11,177.7172393798828,177.7666632072918,175.54272671219826,176.13576739500243,47551100,56.70230653767349,-0.41653150421953455,-1.4533054145408675,1.036773910321333,173.05980834960937,178.6199431474372,167.49967355178154,0.0,0.0,174.47224744088436,176.248442558075,3.2792692112176853,0.08817566021328216,178.61666870117188,1
2023-10-12,178.61666870117188,180.2277765858699,176.96600064702005,177.98408304070654,56743100,58.39313771310315,-0.037818297420301406,-1.1702079911167542,1.1323896936964528,173.30542907714843,179.36896419440083,167.24189395989603,0.0,0.0,175.22577857911844,176.34131417152977,3.278019691762839,0.19330783094397397,176.7782440185547,0
2023-10-13,176.7782440185547,179.82255265296823,176.0764618780152,179.31846581874476,51427100,53.770958818804466,0.1126703463010017,-0.9136323236332031,1.0263026699342048,173.49520721435547,179.74129804361206,167.2491163850989,0.0,0.0,175.5080450226523,176.3584486753347,3.311453340562138,-0.09368539963449296,176.6497344970703,0
2023-10-16,176.6497344970703,177.0055649122618,174.46532818230494,174.70255348644375,52517000,53.452446179853574,0.21903908999502164,-0.6870980409075582,0.9061371309025799,173.5322723388672,179.84366149254586,167.2208831851885,0.0,0.0,175.71562492709194,176.3698716487361,3.256366439804618,0.021193106358320835,175.0979461669922,0
2023-10-17,175.0979461669922,176.35323912433296,172.77517684946517,174.60373800385415,57549400,49.62947986198842,0.17609087037590143,-0.5144602586508663,0.6905511290267677,173.43738479614257,179.59277456990168,167.28199502238346,0.0,0.0,175.6033196979829,176.3199922180795,3.3005229546475126,0.0958242093036541,173.80308532714844,0
2023-10-18,173.80308532714844,175.52293478970745,173.08154578913502,173.54610256783715,54764400,46.6324153193011,0.03714150458560539,-0.40413990600357197,0.44128141058917736,173.45468139648438,179.6121399464164,167.29722284655236,0.0,0.0,175.27600435783117,176.22128998706262,3.2391562436421495,-0.0483932065321272,173.427490234375,0
2023-10-19,173.427490234375,175.7799102245973,173.16061367257353,174.0007582826414,59302900,45.7690204064391,-0.10210722535265404,-0.3437333698733884,0.24162614452073433,173.5302963256836,179.64728639108776,167.41330626027943,0.0,0.0,174.93991088083914,176.11172921244741,3.1948805513836938,0.08287318038725888,170.87741088867188,0
2023-10-20,170.87741088867188,173.38798159754705,170.6401855525277,173.2792552037354,64244000,40.311791820749995,-0.41346675102585095,-0.35768004610388093,-0.05578670492197002,173.43590393066407,179.6546201571209,167.21718770420725,0.0,0.0,174.20127451862692,175.90646182720133,3.1657679892739514,0.08331970274640876,170.9959716796875,1
2023-10-23,170.9959716796875,171.9942664316387,167.96152725501383,168.93018581492106,55980100,40.66601430815293,-0.6432396866599959,-0.41479197421510394,-0.22844771244489193,173.28368682861327,179.58426957623132,166.98310408099522,0.0,0.0,173.6184921842743,175.71389358612234,3.227694502656159,-0.12863302409563537,171.43087768554688,1
2023-10-24,171.43087768554688,171.65820914819068,169.46392436745393,171.04539603931104,43816600,42.02516040638513,-0.7812374940351958,-0.4880810781791224,-0.29315641585607344,173.35682830810546,179.53451659404092,167.17914002217,0.0,0.0,173.22074409359658,175.54593217825663,3.1538795225190586,-0.21728257005614493,169.11802673339844,0
2023-10-25,169.11802673339844,171.05531414118843,168.67322735441405,169.88899020331988,57157000,37.151295301060266,-1.064953373557131,-0.6034555372547241,-0.4614978363024069,173.38994216918945,179.4684962350237,167.3113881033552,0.0,0.0,172.47479548265147,175.29385745492888,3.125577437420042,0.30445995353359234,164.9567413330078,0
2023-10-26,164.9567413330078,169.3947344867521,163.75087263790635,168.39642470029793,70625300,30.33468899783773,-1.607056064683178,-0.804175642740415,-0.802880421942763,173.20214157104493,180.03268323258277,166.3715999095071,0.0,1.0,171.1078765463526,174.88848035210845,3.305454895379021,0.23563692985985973,166.2713623046875,1
2023-10-27,166.2713623046875,167.00279566914165,164.89746448966903,164.97653958977486,58499100,34.427961637602294,-1.9085963170874152,-1.0250597776098151,-0.8835365394776,173.05437240600585,180.33553591993882,165.7732088920729,0.0,0.0,170.22851032059532,174.55055415417036,3.2197317728142774,-0.17169767774437772,168.3173828125,1
2023-10-30,168.3173828125,169.18719386762373,166.91383366211736,167.06210513671374,51131000,40.306572565288555,-1.959880106044892,-1.2120238432968307,-0.7478562627480614,172.88337631225585,180.4358106262428,165.33094199826888,0.0,0.0,169.8810325918507,174.30611606234015,3.1980246149658456,-0.1259523650791209,168.7918243408203,1
2023-10-31,168.7918243408203,168.92030818010912,165.9550598323106,167.38827526603964,44846000,41.613719002671225,-1.9398777093103092,-1.3575946164995263,-0.5822830928107829,172.8028205871582,180.49248590280706,165.11315527150936,0.0,0.0,169.68299472802698,174.0898693281629,3.1813977387396073,-0.12291955956269196,171.95474243164062,1
2023-11-01,171.95474243164062,172.2117251766134,168.14933458405196,169.01914553939386,56934900,49.54576597938353,-1.649786893121643,-1.4160330718239498,-0.2337538212976933,172.81814041137696,180.49976125930866,165.13651956344526,0.0,0.0,170.09603976504764,174.00613886163262,3.2443257997268824,0.26956473264059233,175.5130615234375,1
2023-11-02,175.5130615234375,175.7206204672586,173.42750286114074,173.4868054165182,77334800,56.67657600589528,-1.1198522589487254,-1.356796909248905,0.23694465030017953,172.94959869384766,180.72068799555632,165.178509392139,0.0,0.0,171.0809528120276,174.0652338679779,3.2815795308619613,0.3583022012860302,174.6037139892578,0
2023-11-03,174.6037139892578,174.77175801380423,171.34195262679097,172.2216424329047,79829200,54.554591335570834,-0.7644400011814696,-1.238325527635418,0.4738855264539483,172.90808486938477,180.63438503950508,165.18178469926445,0.0,0.0,171.72145484425124,174.08635073547907,3.345117342703716,0.032254560689366274,177.15382385253906,1
2023-11-06,177.15382385253906,177.35150406781844,174.16881791314302,174.33684685023218,63841300,59.17116056789104,-0.2738439696640853,-1.0454292160411514,0.771585246377066,172.9199447631836,180.67150791080138,165.1683816155658,0.0,0.0,172.70915830030356,174.2066437988932,3.3335151149874096,-0.2002763399858698,179.7137908935547,1
2023-11-07,179.7137908935547,180.32660394138705,176.89679947181725,177.1043583703275,70530000,63.211363653507185,0.31786076450791256,-0.7727712199313387,1.0906319844392511,173.08945693969727,181.2678529093428,164.91106097005175,0.0,0.0,173.98272786271284,174.42261035162502,3.340392926029009,0.10477073618488353,180.77142333984372,1
2023-11-08,180.77142333984372,181.32493395317235,179.4864793691692,180.23768527185777,49340300,64.76276121829726,0.8621942896798771,-0.4457781180090955,1.3079724076889727,173.24216613769528,181.86261437033139,164.62171790505917,0.0,0.0,175.21703613128207,174.67158340998657,3.2331116158843054,-0.3004352757691763,180.29698181152344,0
2023-11-09,180.29698181152344,181.9871648721256,179.7039261272927,180.84061367506283,53763500,63.46973096382843,1.240993661391002,-0.10842376212907603,1.349417423520078,173.3261817932129,182.18399882041808,164.4683647660077,0.0,0.0,176.1406626185987,174.89218726887037,3.165263553666347,0.08964679987758495,184.4834747314453,1
2023-11-10,184.4834747314453,184.65174012268164,181.6429882023789,182.07846664625703,66133400,69.29532461386039,1.8575966651881686,0.2847803233343729,1.5728163418537957,173.71144332885743,183.7304705822607,163.69241607545416,1.0,0.0,177.65753754820716,175.26831618897134,3.2502274649157656,0.23007988691212433,182.8999481201172,0
2023-11-13,182.8999481201172,184.11729742228064,182.31601793716675,183.9094650326421,43627500,65.06846734279202,2.1931997827559258,0.6664642152186835,1.5267355675372423,174.02395401000976,184.7547167258218,163.29319129419773,0.0,0.0,178.61070310673625,175.5675958725457,3.172886702727394,-0.3403106448481402,185.5127868652344,1
2023-11-14,185.5127868652344,186.17589626502485,184.38450869065176,185.7701081675421,60108400,68.48441315510485,2.6395745493183256,1.061086282038612,1.5784882672797136,174.54469604492186,186.38667829620775,162.70271379363598,0.0,0.0,179.8656274264632,175.95760336245505,3.1802482343116987,0.37776402498424155,186.07693481445312,1
2023-11-15,186.07693481445312,187.55162053928348,185.84930383072196,185.9185913616288,53790500,69.18509245961144,3.0042210028382783,1.4497132261985453,1.554507776639733,175.15838851928712,188.0119708504333,162.30480618814093,0.0,0.0,180.99495604246135,176.3544398899844,3.0987186228643684,-0.10510843742305565,187.7594757080078,1
2023-11-16,187.7594757080078,188.9966236513369,186.7103615664657,187.6209157424311,54412900,71.23888648433268,3.389896318297417,1.8377498446183198,1.5521464736790973,175.87498779296874,189.81481557384163,161.93516001209585,0.0,0.0,182.22486870892433,176.80169619657357,3.0859307810086123,0.01157081640810187,187.7396697998047,0
2023-11-17,187.7396697998047,188.42257785422723,186.63119011836693,188.29390964052357,50922700,71.178746934622,3.651852332680278,2.2005703422307117,1.4512819904495662,176.71810073852538,191.36850761500256,162.0676938620482,0.0,0.0,183.22755981635711,177.23063633787675,2.9934634206408757,-0.06414287788373718,189.4815826416016,1
2023-11-20,189.4815826416016,189.93685974559065,187.92773262314063,187.9376243703497,46505100,73.31260521330621,3.9544279856571336,2.551341870915996,1.4030861147411375,177.64238128662112,193.04530261294133,162.2394599603009,0.0,0.0,184.36465487549248,177.71106560468948,2.936586743865525,-0.0867510952875633,188.67991638183597,0
2023-11-21,188.67991638183597,189.5508734120303,187.78917585688572,189.442003783256,38134500,70.717635389004,4.082473391220049,2.857568174976807,1.2249052162432417,178.50483322143555,194.34540053525794,162.66426590761316,0.0,0.0,185.14924787664583,178.14121661555797,2.8526660875283154,-0.17999316204029236,189.3430328369141,1
2023-11-22,189.3430328369141,190.9463718813115,188.8679722130009,189.52119000957208,39617700,71.61270847770234,4.1891681311263085,3.1238881662067075,1.065279964919601,179.51608352661134,195.41274830501965,163.61941874820303,0.0,0.0,185.91175423305822,178.5805035261994,2.810793902667403,0.03889391495889538,188.01678466796875,0
2023-11-24,188.01678466796875,188.93721542830764,187.3041862913633,188.9075250877743,24048300,67.18915567995779,4.11922349357431,3.322955231680228,0.796268261894082,180.66908569335936,195.4827209679242,165.85545041879453,0.0,0.0,186.2944870394056,178.9505537670531,2.755654805730502,-0.39299101159330296,187.838623046875,0
2023-11-27,187.838623046875,188.7095799535061,186.95777439426936,187.9672912540552,40552600,66.59405476726934,4.003268522942619,3.459017889932707,0.5442506330099124,181.74744873046876,195.29786894926514,168.19702851167239,0.0,0.0,186.57523904076368,179.2991055035167,2.683951288123805,0.6862979919578516,188.4423370361328,1
2023-11-28,188.4423370361328,189.11535325725316,187.45261884770372,187.82871659191517,38415400,67.6399831279277,3.91495883828091,3.550206079602348,0.36475275867856194,182.7536964416504,195.10095209032792,170.40644079297286,0.0,0.0,186.91471140355804,179.657663602835,2.611007225368493,-0.0527019229346577,187.42295837402344,0
2023-11-29,187.42295837402344,190.11499348364924,187.02707707633283,188.93722623545,43014200,63.996447476842036,3.7198374674143793,3.5841323571647545,0.13570511024962473,183.68525314331055,194.37904374285017,172.99146254377092,0.0,0.0,187.00711994364266,179.962184966411,2.6450721669362016,0.11971240700344143,187.9969787597656,1
2023-11-30,187.9969787597656,188.36318478193425,186.2550800746654,187.888109148078,48794400,65.1353366637806,3.570364088334088,3.5813787033986215,-0.011014615064533384,184.48736495971679,193.86717536130416,175.1075545581294,0.0,0.0,187.18709427384684,180.27727491909155,2.6067173483885346,0.13437887953280536,189.27374267578125,1
2023-12-01,189.27374267578125,189.5904446947665,187.28439912721964,188.3730953528953,45704800,67.59100465815067,3.5144175186703706,3.5679864664529717,-0.05356894778260113,185.17539901733397,193.81030131017127,176.54049672449668,0.0,0.0,187.56648489238034,180.63007757621665,2.5852407926141283,-0.06331874149492567,187.4823303222656,0
2023-12-04,187.4823303222656,188.09596593756663,185.52269231677565,188.02667840765253,43389500,61.089411854906494,3.287629704907829,3.5119151141439433,-0.2242854092361144,185.81932983398437,193.0037039586304,178.63495570933833,0.0,0.0,187.55118406145039,180.89879337017936,2.668512904499234,-0.0506576989725368,191.43133544921875,1
2023-12-05,191.43133544921875,192.4012552746417,188.22464232394304,188.25434777036745,66628400,68.32297216366658,3.387501431262109,3.487032377567577,-0.09953094630546788,186.53320541381837,192.92519108426086,180.14121974337587,0.0,0.0,188.25666613195372,181.31183423602405,2.8292566222047246,0.5355881031125043,190.3426513671875,0
2023-12-06,190.3426513671875,192.75755159573396,190.1348038567878,192.4507413057332,41089700,64.74927240582929,3.340297911961585,3.4576854844463787,-0.1173875724847937,187.0646484375,192.837797220959,181.29149965404102,0.0,0.0,188.6359361747235,181.66598392744226,2.8145059876862546,-0.3833005144953203,192.2725982666016,1
2023-12-07,192.2725982666016,192.9950884718347,191.59958189996595,191.63917909312917,47477700,67.94972395446186,3.4192049026399616,3.4499893680850953,-0.03078446544513369,187.6397071838379,193.07202607060523,182.2073882970706,0.0,0.0,189.2971474641559,182.08192958780145,2.80292963889775,0.15546475150706862,193.69776916503903,1
2023-12-08,193.69776916503903,193.97488907234165,191.6787354382317,192.2032849129047,53406400,70.10798805732466,3.55575016754662,3.4711415279774007,0.08460863956921916,188.30974655151368,193.23632521074126,183.3831678922861,1.0,0.0,190.0972605006801,182.53745270847745,2.7667313528414783,0.12487336159923501,191.19378662109372,0
2023-12-11,191.19378662109372,191.5006120000344,189.4518877342921,191.12451418849048,60943700,62.18470087559246,3.4224608112750445,3.46140538463693,-0.03894457336188539,188.6452621459961,193.39461585417283,183.89590843781937,0.0,0.0,190.29662888620985,182.87691678348202,2.8723849298347264,0.14113102549507173,192.7080535888672,1
2023-12-12,192.7080535888672,192.71794533501543,189.748790485074,191.09480795445688,52696900,64.77719436704615,3.399825651382912,3.4490894379861268,-0.04926378660321484,189.1356674194336,193.41280425696547,184.8585305819017,0.0,0.0,190.73506974123842,183.26245156016378,2.8792970669852047,-0.13531833479096278,195.9246368408203,1
2023-12-13,195.9246368408203,195.96421892707963,192.8466123940007,193.08413511536145,70404200,69.55228739892816,3.59994063565307,3.4792596775195155,0.1206809581335544,189.6562599182129,194.53507143196677,184.77744840445902,1.0,0.0,191.67862739570785,183.75900784567972,2.9062162292157216,0.33602166351341345,196.0731201171875,1
2023-12-14,196.0731201171875,197.5675895200596,194.14317218582164,195.98404908233329,66831600,69.7561149556497,3.727545734997676,3.528916889015148,0.19862884598252828,190.15606918334962,195.49240405886366,184.81973430783557,1.0,0.0,192.4776260723405,184.24191420926826,2.943230593860168,-0.05074413174214043,195.5386657714844,0
2023-12-15,195.5386657714844,196.36011872958815,194.9745190512041,195.4990685795855,128538400,67.9917746402358,3.742407551807048,3.571615021573528,0.17079253023352026,190.54502868652347,196.24740091850734,184.8426564545396,0.0,0.0,193.0341787449121,184.6849240744532,2.83197124275473,0.92331771198056,193.87591552734372,0
2023-12-18,193.87591552734372,194.6083124997745,192.39133809002112,194.0738561652729,55751900,62.680106992919335,3.5787618611501273,3.573044389488848,0.0057174716612791165,190.8518409729004,196.57770053181596,185.12598141398482,0.0,0.0,193.1872217962633,185.04535511182146,2.8544967026624835,-0.5662626888151712,194.9151153564453,1
2023-12-19,194.9151153564453,194.92500710230044,193.87590816937887,194.14313632648785,40714100,64.54440780929352,3.4926649461631882,3.5569685008237166,-0.0643035546605284,191.12351760864257,197.07471522551668,185.17231999176846,0.0,0.0,193.50138426175093,185.43240453317927,2.725539719109561,-0.26972713037582574,192.8268280029297,0
2023-12-20,192.8268280029297,195.6475162401682,192.8268280029297,194.87553713507947,52242800,58.247481289298875,3.2188206233583685,3.4893389253306473,-0.2705183019722788,191.33086318969725,197.2156571694287,185.4460692099658,0.0,0.0,193.37873766923795,185.72238192414986,2.732336041833057,0.28316234424928965,192.6783142089844,0
2023-12-21,192.6783142089844,195.0536467316969,191.5104540892898,194.08372721342,46482500,57.81548956202259,2.955741257275065,3.3826193917195306,-0.42687813444446565,191.49762725830078,197.33649616530334,185.65875835129822,0.0,0.0,193.25138794919184,185.99516358237867,2.790254370445488,-0.11026016982244446,191.6094512939453,0
2023-12-22,191.6094512939453,193.4008388358449,190.9859239896969,193.1731927744169,37149600,54.67274516999673,2.6306758660412015,3.232230686583865,-0.6015548205426633,191.6772605895996,197.2935374233715,186.0609837558277,0.0,0.0,192.95285401187428,186.2153317279303,2.763444404424239,-0.20078309041036946,191.0651397705078,0
2023-12-26,191.0651397705078,191.8964996004414,190.84740051477695,191.6193796571302,28919300,53.090082156990064,2.3025949295462453,3.0463035351763414,-0.7437086056300961,191.83858642578124,197.18333825485942,186.49383459670307,0.0,0.0,192.60963324071673,186.40552027861963,2.6409911673699678,-0.22154478110127696,191.16409301757807,1
2023-12-27,191.16409301757807,191.5105004803971,189.12527563548676,190.5108903848591,48087700,53.35444174824565,2.027204769043891,2.8424837819498516,-0.8152790129059606,191.9746742248535,197.10072327323508,186.8486251764719,0.0,0.0,192.3468077456006,186.59213097426507,2.622722144337137,0.6628237889575475,191.5896759033203,1
2023-12-28,191.5896759033203,192.65857351066376,191.18388776405132,192.1439157511496,34049900,54.541000005432544,1.82229083054375,2.638445191668631,-0.8161543611248812,192.18301010131833,196.8722301644953,187.49379003814136,0.0,0.0,192.20914741064053,186.78811312834566,2.5421334549620336,-0.2919208030327922,190.5504913330078,0
