Date,close,high,low,open,volume
2019-01-02,94.39717102050781,94.98528372677805,92.36210519729813,92.93155071128095,35329300
2019-01-03,90.92444610595703,93.52895620765385,90.7377386608299,93.44493607680644,42579100
2019-01-04,95.15328216552734,95.69472313208904,92.35273428323633,93.09021274689901,44060600
2019-01-07,95.27465057373047,96.404204196358,94.2664586018881,94.8825755223383,35656100
2019-01-08,95.96548461914062,97.05769705059176,94.94794808361503,96.18952655124646,31514400
2019-01-09,97.33773040771484,97.90717585578747,96.37620986750927,96.95499247172697,32280800
2019-01-10,96.71226501464844,96.85229385187884,95.57337425101286,96.3575314662056,30067600
2019-01-11,95.96548461914062,96.56293451953259,94.88260222332731,96.32955542962434,28314200
2019-01-14,95.26534271240234,96.03082580515516,94.52786396952907,95.12531384084033,28437100
2019-01-15,98.0285415649414,98.0658830688995,95.10663119915357,95.69475098378877,31587600
2019-01-16,98.3739242553711,99.19542298323661,97.98184920188764,98.2619068813259,29853900
2019-01-17,99.06471252441406,99.54080051820523,97.7951302966484,98.01917212444195,28393000
2019-01-18,100.54903411865234,100.72640448469052,98.86870914720116,100.3156550568816,37427600
2019-01-22,98.65397644042969,99.97956752199711,97.88849356438179,99.65283832895757,32371300
2019-01-23,99.615478515625,99.92354046477301,98.33655919841597,99.06470756608243,25874300
2019-01-24,99.13938903808594,99.88620463186159,98.33656476753357,99.75551297127505,23164800
2019-01-25,100.04491424560547,100.70770979225229,99.13940252962695,100.11026008479142,31225600
2019-01-28,98.0938491821289,99.40077282260538,97.70177422663423,99.19539819196696,29476700
2019-01-29,96.09616088867188,97.99119765448269,95.37734941891803,97.90717749209949,31490500
2019-01-30,99.30746459960938,99.30746459960938,97.39376039682833,97.6644809871286,49471900
2019-01-31,97.4870834350586,98.22456198471603,96.32018834803651,96.89897087517792,55636400
2019-02-01,95.94677734375,97.1790182302777,95.54536516211496,96.88029338270015,35535700
2019-02-04,98.70999145507812,98.76600726473622,95.93744746945329,96.03080477816253,31315100
2019-02-05,100.09160614013672,100.13827767592316,98.91537375700409,99.00872395074025,27325400
2019-02-06,98.980712890625,99.88622466498445,98.51395483144283,99.88622466498445,20609800
2019-02-07,98.271240234375,98.56996511219202,97.35639841200666,98.19656435654291,29760700
2019-02-08,98.6446304321289,98.74731775817665,97.3283766234031,97.44973113502242,21461100
2019-02-11,98.25255584716797,99.49413379664576,97.99117251510141,99.13939316984545,18914100
2019-02-12,99.78353118896484,100.01691020421121,98.46727724649973,99.08339414322573,25056600
2019-02-13,99.70886993408203,100.61438185021078,99.615519732063,100.35299843569194,18394900
2019-02-14,99.7928695678711,100.15694026634826,98.63531163225558,99.24209138160923,21784700
2019-02-15,101.02510833740234,101.09979133091855,100.22228396250871,100.73572064022984,26606900
2019-02-19,100.97843170166016,101.4358597044565,100.61436100370382,100.6236981586203,18038500
2019-02-20,100.45343017578125,101.19405827355652,99.64717716567546,101.11905633015621,21607700
2019-02-21,102.57220458984375,102.637829512414,100.19094615966888,100.21907010468755,29063200
2019-02-22,104.03472137451172,104.25034308460133,102.95659136632032,103.17222022899105,27763200
2019-02-25,104.61593627929688,105.16906666258983,104.30656578457186,104.7753171947006,23750600
2019-02-26,105.33782196044922,106.16282190262336,104.22219126781461,104.30657024458675,21536700
2019-02-27,105.15972137451172,105.33784925295444,103.95034151301434,104.70972389039892,21487100
2019-02-28,105.0284423828125,105.82531836904346,104.74719582139048,105.03781941396694,29083900
2019-03-01,105.49720001220703,105.95657442969933,104.69094694737922,105.83470162783632,23501200
2019-03-04,105.24407958984375,106.17220547605116,103.8753261877115,105.95657665775063,26608000
2019-03-05,104.71907043457031,105.3659497204769,104.27845008240642,105.23469988747838,19538300
2019-03-06,104.76593780517578,105.6190687856414,104.46593719555047,104.8784407160023,17687000
2019-03-07,103.49095153808594,104.5784584086641,103.00345314434466,104.43783153366452,25339000
2019-03-08,103.60343933105469,103.79093703527211,102.00031035648524,102.33781194613975,22818400
2019-03-11,105.7784423828125,105.89093814088794,104.04406363755533,104.0534335156758,26491600
2019-03-12,106.51908874511719,106.8659602621938,105.60970973074238,105.76908351710622,26132700
2019-03-13,107.34405517578125,107.81280650842659,106.66905211235954,106.99717661469573,35513800
2019-03-14,107.42847442626953,108.00035187686242,107.18472877550403,107.38160356385194,30763400
2019-03-15,108.66596221923828,109.92221264479788,107.42845155155841,108.13157871133325,54681100
2019-03-18,110.22222137451172,110.25972235076316,108.79722003985614,108.90971581603061,31207600
2019-03-19,110.29721069335938,111.03783879618774,109.67845538495375,110.7097070797174,37588700
2019-03-20,110.17534637451172,111.32847817984663,109.41597125427903,110.05347356280156,28113300
2019-03-21,112.70658874511719,113.26908899951594,109.77220037782938,109.81907837927045,29854400
2019-03-22,109.73470306396484,112.11595382664103,109.7253260334596,112.0315820098295,33624500
2019-03-25,110.30659484863281,110.63471943371599,109.05033724099783,109.27533593468637,27067100
2019-03-26,110.54097747802734,111.29097555469097,109.54721947639258,111.20660372150554,26097700
2019-03-27,109.47220611572266,110.82221252665569,108.30032753750417,110.512834865387,22733400
2019-03-28,109.62222290039062,110.23160126325322,108.87221766108588,110.1003514192619,18334800
2019-03-29,110.56909942626953,110.92534796980975,109.65034339466183,110.69097223397492,25399800
2019-04-01,111.58159637451172,111.66597535815288,110.71909538940078,111.51597145504849,22789100
2019-04-02,111.74095916748047,112.01283583328055,111.11282686593889,111.61907922785159,18142300
2019-04-03,112.47222900390625,112.90347949856297,111.70347687819995,112.36910310816445,22860700
2019-04-04,111.90033721923828,112.71596724794448,110.981581308078,112.59408730363754,20112800
2019-04-05,112.39722442626953,112.71597913818316,111.90972605535296,111.92847296660453,15826200
2019-04-08,112.43473052978516,112.51910236313503,111.225350850377,112.32222759940534,15116200
2019-04-09,111.82535552978516,112.06910830996647,111.1691062976588,111.215977155622,17612000
2019-04-10,112.67847442626953,112.82847116904648,112.0690961183983,112.2753478982236,16477200
2019-04-11,112.80973052978516,113.29722891163571,112.42535089100045,113.00660528895055,14209100
2019-04-12,113.39098358154297,113.41911467936121,112.84723728425301,113.1003599439759,19745100
2019-04-15,113.4847183227539,113.98159366900393,113.03471382558513,113.38159244116478,15792600
2019-04-16,113.22222137451172,114.04722849897924,112.59409615207719,114.03785146731589,14071800
2019-04-17,114.15972900390625,114.23473095516515,113.00660440176463,113.66285359383062,19300900
2019-04-18,115.65972137451172,115.80034107045917,113.71909089207197,114.55346780006045,27991000
2019-04-22,116.02534484863281,116.25034351077039,114.9097142632124,114.9565922627562,15648700
2019-04-23,117.6003646850586,117.73161451731232,116.0909844615613,116.34410709445652,24025500
2019-04-24,117.1972427368164,117.98474176111466,116.73786115339607,117.92849387440184,31257000
2019-04-25,121.0784912109375,123.15974874862361,120.7784977280671,121.93162226484172,38033900
2019-04-26,121.77225494384766,122.36288636709969,120.95663197281159,121.59412709841233,23654900
2019-04-29,121.6597671508789,122.04413250527764,121.26601761126727,121.78163281220323,16324200
2019-04-30,122.4378662109375,122.53160790386856,121.3034815767639,121.6972310194508,24166500
2019-05-01,119.88785552978516,122.4847351395324,119.7191047396247,122.3722393811446,26821700
2019-05-02,118.32223510742188,120.00036608520415,117.67535584516847,119.98161917513818,27350200
2019-05-03,120.84410095214844,121.34097627427842,119.29722710855995,119.40035298514299,24911100
2019-05-06,120.1409912109375,120.52537083412908,118.22849158446364,118.49099125270203,24239800
2019-05-07,117.67535400390625,119.23161216046104,116.45660459647064,118.55660896738084,36017700
2019-05-08,117.66596984863281,118.47222277003422,116.953465769878,117.60034494352239,28419000
2019-05-09,117.65663146972656,117.92850820952006,115.84725031719647,116.52225365012093,27235800
2019-05-10,119.18474578857422,119.93475099909723,116.08161335638036,117.10349527690346,30915100
2019-05-13,115.64098358154297,117.70349429405978,115.35035996559554,116.3534878024182,33944900
2019-05-14,116.93473052978516,118.0128530566601,115.9690966117004,116.12847752793819,25266300
2019-05-15,118.58142852783203,119.23070227302496,116.39837119308541,116.92532101806226,24722700
2019-05-16,121.31964111328125,121.7430904466797,118.99544385063801,119.2683268801343,30112200
2019-05-17,120.51042938232422,122.75935447171601,120.36927480530045,120.73625373258665,25770500
2019-05-20,118.76963806152344,120.05876674668245,118.33679125243556,119.05192571316036,23706900
2019-05-21,119.40950775146484,120.00231831892629,119.10839659638116,119.90822242903567,15293300
2019-05-22,120.13404083251953,120.6704024221227,119.05192026974974,119.1460233283818,15396500
2019-05-23,118.73198699951172,118.83549461566811,117.3769834273228,118.75080330287875,23603800
2019-05-24,118.78843688964844,119.8987853857915,118.53437732264875,119.41889429489711,14123400
2019-05-28,118.71318054199219,120.44456775756039,118.60967291725107,119.48477826702683,23128400
2019-05-29,117.565185546875,117.98862058514813,116.7183082912735,117.97920884368165,22763100
2019-05-30,118.30854797363281,118.33677601725672,117.41461924423135,117.86628947937854,16829600
2019-05-31,116.37957763671875,117.26409483301896,116.04082667554235,116.89711582158729,26646800
2019-06-03,112.76619720458984,117.028810786288,111.98519509608525,116.53950082194,37983600
2019-06-04,115.8902587890625,116.00317097459991,113.52841412781278,114.12122463905077,29382600
2019-06-05,118.40267944335938,118.44031923919268,116.8783000178671,117.57461829314072,24926100
2019-06-06,120.27518463134766,120.41633203600377,118.18622314379182,118.97664430243292,21459000
2019-06-07,123.64389038085938,124.44372345824097,120.68923468555158,121.56434735264904,33885600
2019-06-10,124.77303314208984,126.16566924663289,124.20844356446217,124.58482704414102,26477100
2019-06-11,124.30253601074219,126.3162176072918,123.53093127767427,125.97746676123167,23913700
2019-06-12,123.72856140136719,124.1802244811919,122.99460351236061,123.64386290793533,17092500
2019-06-13,124.50955200195312,125.14940673849858,123.7944033456867,124.18961027557212,17200800
2019-06-14,124.6319351196289,125.89283614259976,123.86974889467064,124.4531478603195,17821700
2019-06-17,125.00828552246094,125.83633210976036,124.70716723027172,124.80127028610846,14517800
2019-06-18,127.18195343017578,127.25723301641315,125.68580934375441,126.2692081894529,25934500
2019-06-19,127.68070220947266,127.90652667035472,125.91166735594031,127.03142816820315,23744400
2019-06-20,128.8662872314453,129.53438457474093,127.70889412264223,129.33677386928053,33042600
2019-06-21,128.88511657714844,129.60025113025185,128.40522535365827,128.51813755727633,36727900
2019-06-24,129.64724731445312,130.2306459282136,128.91328958807472,128.91328958807472,20628800
2019-06-25,125.55403900146484,129.46849070429792,124.89536067601472,129.1485632830951,33327400
2019-06-26,126.02450561523438,127.72767878735652,125.7139971637771,126.41972690603309,23657700
2019-06-27,126.2315444946289,126.75850152848139,125.62932224262283,126.22213993188747,16557500
2019-06-28,126.05274963378906,126.65497178059329,125.29996836075667,126.62674373918907,30043000
2019-07-01,127.67124938964844,128.63104616793285,127.00316639275144,128.56518550369972,22613500
2019-07-02,128.5181121826172,128.52751674502406,127.35130032919045,128.08525822402177,15237800
2019-07-03,129.3461456298828,129.60961690235635,128.24519466363074,128.72510004843485,13629300
2019-07-05,128.96978759765625,129.22385438804022,127.70888692526633,127.91590218289595,18141100
2019-07-08,128.87567138671875,129.0074070354499,127.37951336985428,128.34871443368533,16779700
2019-07-09,128.4051971435547,128.88508826161473,127.78415144386977,127.97234319459272,19953100
2019-07-10,129.71316528320312,130.40007171969035,128.93215578062745,129.03566341007993,24204400
2019-07-11,130.2306671142578,131.0022719233697,129.73195253592337,130.04247537192379,22327900
2019-07-12,130.701171875,130.91760604906926,129.86370630043865,130.6541347014395,18936800
2019-07-15,130.701171875,131.3033941493125,130.2871557273758,131.20930544407994,16651500
2019-07-16,128.9886016845703,130.84231994676125,128.46165901558197,130.75763580884046,22726100
2019-07-17,128.2264404296875,129.7884452542176,128.1793888912968,129.5720254073568,20211000
2019-07-18,128.3675537109375,128.55574546683906,126.72085072010519,127.54891167580483,30381800
2019-07-19,128.5557403564453,132.3666842839282,128.39577665238238,131.94324926045456,48992400
2019-07-22,130.25889587402344,130.97404460017884,129.22383410643957,129.29911367540907,25074900
2019-07-23,131.0681610107422,131.72685378899644,129.88253985448742,131.51041959814708,18034600
2019-07-24,132.41372680664062,132.4325502876357,130.65411182348933,130.70114898881346,20738300
2019-07-25,131.91502380371094,132.3102307905793,131.09638178506293,132.14084816300124,18356900
2019-07-26,132.9971466064453,133.31707404360185,132.01854081099262,132.08440146776655,19037600
2019-07-29,132.70547485351562,133.15713805639498,131.14345559416967,133.1477334915005,16605900
2019-07-30,132.06561279296875,132.88425499661437,131.5480745891241,131.8680020758231,16846500
2019-07-31,128.2264404296875,132.19734905355295,127.10667986331171,132.0467898739482,38598800
2019-08-01,129.91073608398438,132.62074304376904,128.84743195026985,128.9133069552051,40557500
2019-08-02,128.81922912597656,130.15542374441895,127.27603360690789,129.9389895642122,30791600
2019-08-05,124.40605926513672,126.02451977982514,123.06046027244633,125.43171649321536,42749600
2019-08-06,126.73969268798828,127.67124704090605,125.34705626146928,125.90222704768873,32696700
2019-08-07,127.29487609863281,127.6430316502626,124.0485208500374,125.89282061112472,33414500
2019-08-08,130.6917266845703,130.78582971866123,127.9064405579001,128.5369050417165,27496500
2019-08-09,129.58143615722656,131.15285980519363,128.40521956221116,130.42830636239256,23466700
2019-08-12,127.77474975585938,129.72257125171518,127.25722596110316,128.97920871076764,20484300
2019-08-13,130.4188995361328,130.6070913164481,127.03139005800762,128.0194148523035,25154600
2019-08-14,126.49136352539062,129.2670384726993,126.19869286464656,128.73834122672042,32527300
2019-08-15,126.20813751220703,127.05784192165059,124.8580722656883,126.8784593994596,28074400
2019-08-16,128.521240234375,128.83279715118604,127.19004642779791,127.34110694611671,24449100
2019-08-19,130.6737518310547,130.80592613215563,129.23870627201697,130.14505462665088,24355700
2019-08-20,129.5880889892578,130.95705531914442,129.5692172262811,130.48500193805964,21170800
2019-08-21,131.03253173828125,131.69341779759466,130.2866939592937,130.80595540335926,14970300
2019-08-22,130.07899475097656,131.41962427631512,128.67227085460985,130.9098130957754,18697000
2019-08-23,125.93437194824219,130.61714676815424,125.37735254195988,129.5219797142983,38508600
2019-08-26,127.87921142578125,127.98306370798903,126.41584359682453,127.44493054085464,20312600
2019-08-27,128.15304565429688,129.0782661650523,127.13340871337421,128.76670923261,23102100
2019-08-28,127.98312377929688,128.17194227032184,126.0854741747157,127.3411380286265,17393300
2019-08-29,130.39999389648438,130.70211491154487,129.25763302235376,129.57862579641338,20168700
2019-08-30,130.15452575683594,131.40073887534862,128.65339984361205,131.37241683214987,23940100
2019-09-03,128.43626403808594,129.53143122409472,128.1152712302323,128.97441175059737,18869300
2019-09-04,129.93740844726562,129.99405254375804,128.8516771094364,129.62585151063243,17995900
2019-09-05,132.22210693359375,132.53366378074261,131.00420158510994,131.3346445943068,26101800
2019-09-06,131.32522583007812,132.3448482188125,130.475521298236,132.20323799980014,20824500
2019-09-09,129.83355712890625,131.93891103156488,128.83280633407995,131.78785050247885,25773900
2019-09-10,128.4739990234375,129.23872289286365,126.99174507925481,129.15375677535414,28903400
2019-09-11,128.51177978515625,128.65340441210148,127.5393511850081,128.31352547572484,24726100
2019-09-12,129.83355712890625,130.68324739464651,129.21987913171608,130.14511406792434,27010000
2019-09-13,129.644775390625,130.34340532515665,128.93669516664573,130.07905652734536,23363100
2019-09-16,128.71005249023438,129.05936731686623,128.07750280685522,128.23799919762993,16731400
2019-09-17,129.71078491210938,129.83352336080964,128.8044363792482,129.30482605244111,17814200
2019-09-18,130.77764892578125,130.919259151961,128.89887162489774,129.6824818235801,23982100
2019-09-19,133.1851043701172,134.41243123548338,132.24099791619165,132.45813836693657,35772100
2019-09-20,131.64622497558594,133.73269246838157,130.52273583057755,133.12846482811528,39167300
2019-09-23,131.36300659179688,131.82562406420516,130.702134778303,131.44797273797641,17139300
2019-09-24,129.70140075683594,132.8263920553697,129.22934734241267,132.5148350731391,29773200
2019-09-25,131.57064819335938,132.1371177083836,128.42677263740308,129.81460998388607,21382000
2019-09-26,131.74063110351562,132.34485876264458,130.70212246753474,131.64622908529395,17456600
2019-09-27,130.0317840576172,132.5147887595768,129.01214731011197,132.31652005620552,22477700
2019-09-30,131.25914001464844,131.43852257437396,130.07900675953152,130.33391957629536,17280900
2019-10-01,129.40872192382812,132.41097453862955,129.3426275350606,131.85395500155775,21466600
2019-10-02,127.12397003173828,128.7478348185671,126.11378328516886,128.63454661676425,30521700
2019-10-03,128.66282653808594,129.10655772442053,125.77386309066239,127.40716322419455,24132900
2019-10-04,130.39999389648438,130.52273235959305,128.79501562026346,129.1065725148235,22897700
2019-10-07,129.45590209960938,130.4566528657822,129.36150007607725,129.47478826668564,15303700
2019-10-08,128.0869598388672,130.06013947038318,128.03975162062613,129.41815380126675,25550500
2019-10-09,130.51329040527344,130.9475713368054,129.3142710921859,129.77688847274337,19749900
2019-10-10,131.32522583007812,131.8633590682478,130.52272950654768,130.74932026289008,17654600
2019-10-11,131.87283325195312,133.14738321696686,131.7029009397789,132.28824255628135,25446000
2019-10-14,131.75006103515625,132.4486906045742,131.7217389934729,131.88223536498572,13304300
2019-10-15,133.65713500976562,133.86482514108323,131.9954987118744,132.23152528546862,19695700
2019-10-16,132.56199645996094,133.1095799559351,131.73117813421783,132.92074713214123,20751600
2019-10-17,131.88223266601562,133.51553279532317,131.24968307149675,133.0718016101363,21460600
2019-10-18,129.7296905517578,132.1749231730374,128.9271941844093,131.94833240432263,32273500
2019-10-21,130.69264221191406,130.75873657484425,129.3520128508319,130.71152837359705,20078200
2019-10-22,128.74778747558594,132.1843342572075,128.64393519347976,131.20246992213876,27431000
2019-10-23,129.56915283203125,129.76740708623845,128.0302549646116,129.22927399032872,29844600
2019-10-24,132.1182861328125,132.57145328850186,130.9192666606702,131.5990245971663,37029300
2019-10-25,132.86412048339844,133.25120765468353,131.4196385085285,131.5518128589766,25959700
2019-10-28,136.1307373046875,137.52801108363448,135.48873730511255,136.3289916296993,35280100
2019-10-29,134.8467254638672,136.42338150059607,134.67677881244143,136.0268585218308,20589500
2019-10-30,136.52725219726562,136.89545318476704,134.8089713183103,135.49817948936717,18496600
2019-10-31,135.35653686523438,136.82934061944303,134.9977862109535,136.80101857847143,24605100
2019-11-01,135.68702697753906,136.34789883944836,134.9789468956521,136.1968382978902,33128400
2019-11-04,136.47061157226562,136.89545666002584,136.10241057541697,136.73496026713525,16912000
2019-11-05,136.38568115234375,136.9143786805374,135.8664195064653,136.86717045710714,18250200
2019-11-06,136.00796508789062,136.44226036860792,135.1960330111829,136.30063576567125,16575800
2019-11-07,136.19680786132812,136.78216372757217,135.73420486433483,135.80028483279548,17786700
2019-11-08,137.8018035888672,137.83012563396463,135.72475757556614,135.93246217689625,16732700
2019-11-11,137.9434051513672,138.2360758696096,136.64053353501333,137.21643909236604,14362600
2019-11-12,138.8497314453125,139.32178463267385,137.89617478705372,138.10387934196632,18641600
2019-11-13,139.07635498046875,139.21797962831948,138.10392623677834,138.53822165522573,16919200
2019-11-14,139.7843780517578,140.11482102285734,138.7836276674025,138.8025138272731,19729800
2019-11-15,141.58766174316406,141.60654790799413,139.98268347475755,140.605782854921,23485700
2019-11-18,141.93701171875,142.13528048377106,140.65302590478782,141.68211325705687,21534000
2019-11-19,141.9842071533203,142.87166976324727,141.80482457396164,142.4468246260913,23935700
2019-11-20,141.73788452148438,142.89361502395266,140.63900530933563,142.39153703820168,25696800
2019-11-21,141.60525512695312,141.90840417755308,140.67688645563982,141.52946786430311,18576100
2019-11-22,141.70947265625,142.38207563417407,140.98004729526477,142.1641962701748,15901800
2019-11-25,143.26307678222656,143.37676491417076,142.0220909584918,142.09787822814005,22420900
2019-11-26,144.02093505859375,144.3903889638785,143.34834652958634,143.3862329369478,24620100
2019-11-27,144.29566955566406,144.46618007574097,143.53781129378612,144.3051375440203,15184400
2019-11-29,143.40518188476562,144.2767137945009,143.3104441849264,144.08725284976603,11977300
2019-12-02,141.6715850830078,143.83147163906838,140.50638654867225,143.81252120824163,27418400
2019-12-03,141.44422912597656,141.55790280575013,138.92435655473975,139.72011567798677,24066000
2019-12-04,141.95574951171875,142.2683520428285,141.33998352527908,142.23046564524972,17574700
2019-12-05,142.0315399169922,142.40100822762935,141.60524923041157,142.14522803370429,17869100
2019-12-06,143.7556915283203,143.86936520905383,142.3536631311451,143.0357341254345,16403500
2019-12-09,143.38621520996094,144.19144220254154,142.9599245188649,143.11149903945875,16687400
2019-12-10,143.16835021972656,143.88830758229085,142.8178322988556,143.31991030056835,16476100
2019-12-11,143.70834350585938,143.86938606188855,142.41052061289452,143.55676893961564,18856600
2019-12-12,145.16717529296875,145.356636210502,143.06412586198456,143.66092702946716,24612100
2019-12-13,146.38922119140625,146.73025664985508,144.77878159231992,144.9398241067343,23845400
2019-12-16,147.33656311035156,147.6870666103958,146.66397453162102,146.93869075639589,24144200
2019-12-17,146.54078674316406,147.50705622541088,146.3134249664761,147.2607440202635,25425600
2019-12-18,146.23764038085938,147.28916512798332,146.05764744455877,146.17133556245182,24129200
2019-12-19,147.50704956054688,147.56388638841537,145.65029793884352,145.8871276915896,24958900
2019-12-20,149.1175079345703,150.14061433101858,148.0565006781002,149.06067109948032,53477500
2019-12-23,149.1175079345703,149.79009642305894,148.9848838343794,149.79009642305894,17718200
2019-12-24,149.0890655517578,149.40168254944408,148.84275336603747,149.18378877670062,8989200
2019-12-26,150.31109619140625,150.36793301566482,149.10799707648653,149.25957157780272,14520600
2019-12-27,150.5858612060547,151.14477604561935,149.88483981841782,151.05003834690453,18412800
2019-12-30,149.28802490234375,150.64269883538293,148.47332983592014,150.61428041660776,16348400
2019-12-31,149.39222717285156,149.45854645177255,148.20807823448885,148.51122730108239,18369400
2020-01-02,152.15841674804688,152.2626224460996,149.98906197669726,150.41535275784207,22622100
2020-01-03,150.2637481689453,151.5236842826628,149.7332517957889,149.9795640082844,21116200
2020-01-06,150.6521759033203,150.7184951877552,148.26492739771743,148.80490629687822,20813700
2020-01-07,149.27853393554688,151.2584272318134,149.03223619242732,150.92687424549183,21634100
2020-01-08,151.65631103515625,152.32891395537885,149.62904874222338,150.55741741152548,27746500
2020-01-09,153.5509796142578,153.67413574703286,152.54682348378634,153.3141497927336,21385000
2020-01-10,152.84042358398438,154.62138769177605,152.6888490950364,154.24246592434494,20725900
2020-01-13,154.67828369140625,154.70670211208954,152.76469478737948,153.23835440536027,21626500
2020-01-14,153.58883666992188,154.98139677965818,153.20043240422595,154.7824534261497,23477400
2020-01-15,154.5835418701172,155.30351372144347,154.00569102831227,154.05304542489407,21417900
2020-01-16,157.4160614013672,157.4823806970836,155.38879848368157,155.69194762704794,23865400
2020-01-17,158.2970428466797,158.64754632231816,156.71500707487465,158.60017747170502,34371700
2020-01-21,157.72862243652344,159.32959395002115,157.66230316439436,157.89913292781256,29517200
2020-01-22,156.9707794189453,158.66648878308445,156.95182898866327,158.58121907428676,24138800
2020-01-23,157.9370574951172,158.0128447653816,156.56344755206595,157.43497947769117,19680800
2020-01-24,156.3455352783203,158.7043650014878,155.7866204878923,158.6854145724222,24918100
2020-01-27,153.73094177246094,154.77299856024104,151.76051631780365,152.66046656819069,32078100
2020-01-28,156.7434539794922,157.02763819872118,154.47936148498258,155.1519500770846,24899900
2020-01-29,159.18753051757812,159.8601335879613,156.96133881169087,158.99806954653704,34754500
2020-01-30,163.6777801513672,164.88087936173753,161.7926100859004,164.88087936173753,51597500
2020-01-31,161.26211547851562,163.31779605239475,160.6463638869867,163.13781757767464,36142700
2020-02-03,165.1935577392578,165.3072314390198,161.4232162077576,161.4516346326981,30107000
2020-02-04,170.63108825683594,171.12369816863662,167.02180529379913,167.8080817735197,36433300
2020-02-05,170.4226837158203,174.49615834021887,169.0111876454054,174.3351158434909,39186300
2020-02-06,173.95620727539062,174.1362002133704,170.57427122162437,171.43633505355797,27751400
2020-02-07,174.20249938964844,175.85083973913436,172.86677606101028,173.21729393859556,33529100
2020-02-10,178.7591094970703,178.89173359155058,173.59622334452445,173.90884037900125,35844300
2020-02-11,174.7235107421875,180.6537222092398,173.83302860981544,180.60635337040168,53159900
2020-02-12,174.97933959960938,176.05928293291046,172.2700060504583,175.8035026959606,47062900
2020-02-13,174.03204345703125,176.4192778019826,173.23628422043473,173.4352276433204,35295800
2020-02-14,175.5855712890625,175.64240811266504,173.02779858742983,173.59619573333484,23149500
2020-02-18,177.36656188964844,177.81180305026547,175.727703793834,175.83190947940273,27792200
2020-02-19,177.89854431152344,178.75345463359423,177.12912212277422,178.6394704558321,29997500
2020-02-20,175.1818084716797,177.87004642669885,172.0281254659961,177.58507149081467,36862400
2020-02-21,169.64381408691406,174.30785891305882,168.3709427375459,173.99438799966083,48572600
2020-02-24,162.3295440673828,165.80620582569023,155.05325577394382,159.36584000819616,68311100
2020-02-25,159.65081787109375,166.0816754656081,159.25184432237913,165.4737357884397,68073300
2020-02-26,161.6455841064453,164.5807916536019,159.78377552086138,161.20863524213226,56206100
2020-02-27,150.25624084472656,158.66292127296975,150.06626239603057,155.13877539221548,93174900
2020-02-28,153.89434814453125,155.50920080368482,144.38578921735436,144.77525436429954,97012700
2020-03-02,164.1343536376953,164.25784613285873,154.17933661297113,157.02905638868572,71030800
2020-03-03,156.26913452148438,166.23366029061174,154.13184460346224,165.09377523321822,71677000
2020-03-04,162.00657653808594,162.14905673296266,157.32352937599967,160.04977122484704,49814400
2020-03-05,157.9409637451172,162.31052511256803,157.39001621509487,157.73198314771483,47817300
2020-03-06,153.47642517089844,154.93927504171984,148.18543814642317,154.46432171432747,72821100
2020-03-09,143.07492065429688,149.84775902864055,142.48598322850134,143.435889783358,70419300
2020-03-10,152.8589630126953,152.9634533148357,144.93674572307532,150.23722610593282,65354400
2020-03-11,145.9342041015625,149.80031771147364,143.57842451456716,149.2588783066117,56371600
2020-03-12,132.0940399169922,145.78220065599004,131.63808870236042,138.0214636849162,93226400
2020-03-13,150.8736572265625,153.79937110403267,133.6803430845326,140.11121440764762,92727400
2020-03-16,128.63638305664062,141.86859292875943,128.2374239215494,132.98695814086605,87905900
2020-03-17,139.2278594970703,140.1112659453661,128.2374298483012,132.98696428712717,81059800
2020-03-18,133.36688232421875,138.68636514109926,128.25639461563904,131.08711225665544,81593200
2020-03-19,135.56121826171875,142.62851332778473,132.0370573323498,135.6182103558471,85922700
2020-03-20,130.46966552734375,139.7312540410922,129.05429960314783,138.6863510776693,84866200
2020-03-23,129.16831970214844,133.52840283190852,125.88165036490473,130.14672252460196,78975200
2020-03-24,140.90914916992188,142.10604082694735,134.19331668258258,136.5490811192796,82516700
2020-03-25,139.5602569580078,146.59906738567054,137.20449296873716,141.45057605299218,75638200
2020-03-26,148.28988647460938,148.81233788571038,140.9376058301492,140.96610186217097,64568100
2020-03-27,142.20101928710938,147.1310370046496,141.7260659731949,144.1483307730437,57042300
2020-03-30,152.20350646972656,152.55498171253677,142.49546138832392,144.8037415996008,63420300
2020-03-31,149.809814453125,156.52564829002736,148.7174128879949,151.41514484103993,77927200
2020-04-01,144.49029541015625,149.84776812499067,143.2649222575526,145.33571171552185,57969900
2020-04-02,147.4824981689453,147.69147878711792,142.82796147930063,144.25282142442757,49630700
2020-04-03,146.12411499023438,149.49628588002253,144.56626894886142,147.33050027358752,41243300
2020-04-06,156.99107360839844,158.1594547108867,149.68628926690775,152.28903866452734,67111700
2020-04-07,155.30026245117188,161.48415028222087,155.08177345892028,161.0946850293483,62769000
2020-04-08,156.85809326171875,158.3209431578964,155.30974074936518,157.3710364866465,48318200
2020-04-09,156.8675994873047,158.98588747288602,155.1482705957952,158.02648687721998,51385100
2020-04-13,157.21902465820312,157.27603122535353,154.16983281192037,156.1171440984928,41905300
2020-04-14,164.99874877929688,165.04624700105933,159.58428487008902,160.53419132764907,52874300
2020-04-15,163.2699432373047,164.8752876336318,160.76219051302303,162.62399924309832,40940800
2020-04-16,168.1714630126953,168.3994458213664,164.23885015327437,165.5687281288851,50479600
2020-04-17,169.65335083007812,170.9832144782494,167.06009497450415,170.5082611046987,52765600
2020-04-20,166.29063415527344,169.795791556013,166.22414823554044,167.781994358711,36669600
2020-04-21,159.41336059570312,164.97030648601222,157.7890136465808,164.808824074953,56203700
2020-04-22,164.82781982421875,165.28377099611347,162.2630745524747,162.80451385139472,34620200
2020-04-23,162.83297729492188,166.29063651962912,162.34853017767068,165.38822820580504,32790800
2020-04-24,165.80621337890625,165.8157072276836,162.15857521767563,163.4409405350451,34277600
2020-04-27,165.3312225341797,168.03844725298504,164.61879268800635,167.74397856900762,33194400
2020-04-28,161.30361938476562,166.87007201792395,160.9046603967209,166.7940777590931,34392700
2020-04-29,168.54190063476562,168.7793772559572,163.26993123985068,164.54280245077612,51286600
2020-04-30,170.23277282714844,171.36314953679909,167.40204064561368,170.98319268415977,53875900
2020-05-01,165.8251953125,169.69130747870238,165.29323546301947,166.99357632410124,39370500
2020-05-04,169.8813018798828,170.03329042260975,165.09377873938547,165.74921664727339,30372900
2020-05-05,171.7051239013672,174.4503535890993,170.88820358800612,171.57213754777004,36839200
2020-05-06,173.3959503173828,174.97279880598006,172.53154629757884,172.95900138331487,32139300
2020-05-07,174.40289306640625,175.30530162125282,173.43398407869637,174.94433240154322,28316000
2020-05-08,175.42877197265625,175.73274909057017,174.17490259732813,175.71374689709387,30877800
2020-05-11,177.38558959960938,178.11700735240797,173.69045296591057,173.97541339197414,30892700
2020-05-12,173.367431640625,177.6705069643846,173.16795939072577,177.4425386787855,32038200
2020-05-13,170.74569702148438,174.83029795760064,167.69649071381875,173.405438177171,44711500
2020-05-14,171.48667907714844,171.6386676488033,166.87962514805278,168.6464524338636,41873900
2020-05-15,173.98487854003906,177.6895081033715,168.13345100384268,170.09025608059895,46610400
2020-05-18,175.64724731445312,176.87262055157336,174.74483886920328,176.44516544534193,35264500
2020-05-19,174.4313507080078,177.25257442284837,174.29836436598677,175.76121412821837,26799100
2020-05-20,176.85084533691406,177.0318325808868,175.21245438645676,176.04117015118126,31261300
2020-05-21,174.7266387939453,177.81291307895333,174.5932820706001,176.6031677448123,29119500
2020-05-22,174.8028564453125,175.7077927017451,173.87887960911883,174.49804728640393,20826900
2020-05-26,172.95489501953125,177.65096998396217,172.50719436134594,177.4985581567519,36073600
2020-05-27,173.18350219726562,173.3549691405075,168.22071368879833,171.64989267092176,39517100
2020-05-28,172.79293823242188,175.4124564029149,171.821345594234,172.1642649179447,33810200
2020-05-29,174.55519104003906,175.52679835595217,171.8499462743446,174.0598598251902,42130400
2020-06-01,174.1551055908203,174.31703770681008,172.8501138394492,173.87885733693813,22622400
2020-06-02,176.1364288330078,176.22215504170484,172.74534536425864,175.50774089964386,30794600
2020-06-03,176.56507873535156,177.11756076291744,174.86953695945328,176.05070693577963,27311000
2020-06-04,174.2408905029297,177.02234188231384,173.650312641528,175.5554175206785,28761800
2020-06-05,178.3177490234375,178.82260047028618,173.37400133185187,173.95505869036717,39893600
2020-06-08,179.42274475097656,179.60373200642374,175.688741626046,177.1175700198365,33211600
2020-06-09,180.7943878173828,181.65167887606577,178.3748973930078,179.07979116522557,29783900
2020-06-10,187.50033569335938,189.1006306413369,181.94695568547104,182.06127181126323,43872300
2020-06-11,177.43190002441406,186.4716109809636,177.2413924938844,183.96640861165238,52854700
2020-06-12,178.8321533203125,182.62330696543887,176.39360750554295,181.49928782354135,43373600
2020-06-15,179.97520446777344,181.7660071501727,175.27911483833037,175.8220765372761,32770200
2020-06-16,184.385498046875,186.30012233881746,182.37561274079428,183.73775512727298,42556700
2020-06-17,185.0237274169922,187.00503755358736,184.49982084857658,185.77623718995878,25687800
2020-06-18,187.00503540039062,187.166967513347,184.79510754989806,184.79510754989806,23061600
2020-06-19,185.89053344726562,189.8340984950889,185.1475439842548,189.16731494300117,44441100
2020-06-22,191.05340576171875,191.2343784743109,185.96676585995345,186.50019277764127,32818900
2020-06-23,192.32977294921875,194.272972584817,191.87253753572176,192.50122532818784,30917400
2020-06-24,188.45294189453125,193.60625328078626,187.2336761239844,192.03454781345783,36740600
2020-06-25,190.83432006835938,191.09151325340733,186.19539512120477,188.41484367523898,27803900
2020-06-26,187.01455688476562,190.40564005963446,185.6333592367713,190.25322823418622,54675800
2020-06-29,189.0244903564453,189.11021657945696,184.3665099538067,186.49069762115764,26701600
2020-06-30,193.85386657714844,194.7016373382491,188.3576515970513,188.4910083054899,34310300
2020-07-01,194.9874267578125,196.5591465629425,192.1964558697461,193.50144769462975,32061200
2020-07-02,196.473388671875,198.1498896510141,195.2731782720934,195.92090671600337,29315800
2020-07-06,200.70272827148438,201.11233324014438,198.2165666631552,198.9214604627047,31897600
2020-07-07,198.3689727783203,204.4843554530496,198.12131446740048,200.46458446974043,33600700
2020-07-08,202.73170471191406,203.1412952180682,198.78813883046487,200.10266563587942,33600000
2020-07-09,204.1510009765625,206.11325624543244,201.43622130626395,206.06562572695827,33121700
2020-07-10,203.53176879882812,203.92231857782488,201.06466279259996,203.48413829544992,26177600
2020-07-13,197.2449951171875,205.56077192573022,196.70203337523782,204.30339601897944,38135600
2020-07-14,198.4642333984375,198.94050944255682,192.44409722406942,196.34956659976442,37591800
2020-07-15,198.16896057128906,201.30286556387918,195.3017835765053,199.6168440382108,32179400
2020-07-16,194.2444610595703,195.9400029714762,192.71085129264486,195.6542343777719,29940700
2020-07-17,193.2537841796875,195.31128577018185,191.8344762485348,194.76833860463782,31635300
2020-07-20,201.56002807617188,202.22681163227398,193.3775945758893,195.2731784676859,36884800
2020-07-21,198.8452606201172,203.78900858696974,198.1594219117219,203.52229514868182,37990400
2020-07-22,201.702880859375,202.22678735298066,198.50230563955367,199.27387041432306,49605700
2020-07-23,192.92990112304688,200.91229258668062,192.55840637545583,197.35927722794668,67457000
2020-07-24,191.74874877929688,193.2347277928302,188.13856802751238,190.91049824456846,39827000
2020-07-27,194.17776489257812,194.2920665013878,191.32962868313254,191.91068608590263,30160900
2020-07-28,192.43455505371094,194.98738738320452,192.1678416621158,193.9491092134384,23251400
2020-07-29,194.37777709960938,194.93977934418533,192.42504240875613,192.8917981652364,19632600
2020-07-30,194.22535705566406,194.75879841254388,190.10081947244336,191.4629619263642,25079600
2020-07-31,195.28271484375,195.36845558536268,189.56740183239614,194.7016574395373,51044000
2020-08-03,206.265625,207.3134381221961,200.455065920416,201.48382393090174,78983000
2020-08-04,203.16983032226562,204.57961789051777,200.33122914366757,204.0080808185462,49280100
2020-08-05,202.83645629882812,204.79871139406026,201.53146450991576,204.70345036554147,28806400
2020-08-06,206.08465576171875,206.1036963389564,201.51240270569892,202.2649124807569,32656800
2020-08-07,202.3982391357422,205.4654576513193,200.92178067076233,204.6557971952133,27820400
2020-08-10,198.3689727783203,201.82674151677793,196.55912962091006,201.6266991825336,36716500
2020-08-11,193.7301025390625,197.7974906283487,193.50148474142105,197.3307492768412,36446500
2020-08-12,199.26437377929688,200.30265206772674,195.03504017950794,195.5494119121457,28013100
2020-08-13,198.7976531982422,201.32192540104853,198.27374654975077,199.50254710119373,22588900
2020-08-14,198.98814392089844,199.64540724846154,197.66409697652952,198.85478719753726,17958900
2020-08-17,200.302734375,201.1695606203391,199.0072624205275,199.65500566516243,20184800
2020-08-18,201.4552764892578,202.28399227877523,199.28345856619634,200.54081995254023,21336200
2020-08-19,200.23301696777344,202.52467686717384,199.80333528973762,201.9422149485262,27627600
2020-08-20,204.89273071289062,205.29376795305888,199.47870611572912,200.08025469101796,26981500
2020-08-21,203.40316772460938,206.487344560312,203.24084416167003,204.20524223675469,36249300
2020-08-24,204.04293823242188,205.79032438204533,202.83981177895026,205.0932698409318,25460100
2020-08-25,206.6974334716797,206.83111256977526,203.47957724399592,203.47957724399592,23043700
2020-08-26,211.1661376953125,212.06370355764227,207.54724433690507,208.04377292307376,39600800
2020-08-27,216.35096740722656,220.71464556244297,209.49510347359436,212.82755143281707,57602200
2020-08-28,218.57577514648438,220.22766956393025,216.3509621275337,217.87872078167098,26292900
2020-08-31,215.34840393066406,218.37529192711878,214.18347989796817,216.7520416656349,28774200
2020-09-01,217.00982666015625,217.18169350856164,214.2980283025981,215.32927310280877,25725500
2020-09-02,221.19207763671875,222.34745819379427,217.08621422726705,217.67821945804036,34080800
2020-09-03,207.48992919921875,218.9577288996764,205.2555726982678,218.91954112244858,58400300
2020-09-04,204.57766723632812,208.5021215523403,195.92668396583133,205.3892997487849,59664100
2020-09-08,193.51089477539062,200.54817062580975,193.07165511687595,197.17753404239843,52924300
2020-09-09,201.75128173828125,205.14101948557266,197.3685013238326,198.2278794601493,45679000
2020-09-10,196.09854125976562,205.04554135717223,194.89542936094682,203.766024749938,35461500
2020-09-11,194.8190155029297,199.21135322657878,192.15497713349296,197.8459033435166,33620100
2020-09-14,196.13673400878906,199.75562740153794,194.81902968180668,195.01955560675427,30375800
2020-09-15,199.35455322265625,200.30940787534448,197.5880662872127,199.01080496489146,21823900
2020-09-16,195.79298400878906,201.14016226576354,195.4014900352988,201.11151778672067,26328100
2020-09-17,193.74960327148438,195.10549542521738,190.9327843465496,191.01871778722526,34011300
2020-09-18,191.34332275390625,194.45614366811049,187.3902250852239,193.64452595746747,55225300
2020-09-21,193.3962860107422,193.55862414931087,187.5143914784935,188.2878215402221,39839700
2020-09-22,198.05596923828125,198.7052780405181,192.95704840245924,195.80251145980125,33517100
2020-09-23,191.5343017578125,198.70526991631596,190.99958545426037,198.51428731939603,30803800
2020-09-24,194.0169219970703,196.28948076547937,190.20704663295967,190.82771090807543,31202500
2020-09-25,198.43792724609375,199.60283667261433,193.39628060658876,194.3606932585249,29437300
2020-09-28,199.9847869873047,202.97348710410114,198.66708273160546,201.35978019848167,32004900
2020-09-29,197.90321350097656,200.58636790258805,197.47353172695807,199.8988712361869,24221900
2020-09-30,200.83460998535156,202.41011456289073,197.21570216747432,198.35198170021263,33829100
2020-10-01,202.86843872070312,204.32936526589785,201.77990493075555,203.85193790943092,27158400
2020-10-02,196.88150024414062,201.46480588853086,196.26083592410876,198.6097849842091,33154800
2020-10-05,200.88235473632812,200.91099921434176,197.63583971881565,197.86501011285242,21331600
2020-10-06,196.61416625976562,200.6913859913485,195.57337796687514,199.39279737852067,28554300
2020-10-07,200.357177734375,200.62453590384288,197.3875788228527,197.71222594721692,25681100
2020-10-08,201.07333374023438,201.6557957748077,198.91536704931994,201.00648690794026,19925800
2020-10-09,206.0672149658203,206.11496062047993,201.69397817169286,201.69397817169286,26458000
2020-10-12,211.40484619140625,213.75379540238984,207.02206617071406,208.9126745888685,40461400
2020-10-13,212.7989044189453,215.04281863790064,210.478600080842,212.6652253529177,28950800
2020-10-14,210.8892059326172,214.09751825124414,209.23731141011743,212.93259437204514,23421700
2020-10-15,209.743408203125,210.41180364703087,206.25817945216272,207.29898225402468,22733100
2020-10-16,209.743408203125,212.25466641165193,209.41876106893184,210.21127772889514,26057900
2020-10-19,204.5490264892578,212.26425615574857,204.0715990190784,210.4691242054964,27625800
2020-10-20,204.9595947265625,207.55680117288514,203.4700234408629,206.05768658353387,22753500
2020-10-21,205.10284423828125,207.12713205079888,203.49868036105715,203.49868036105715,22724900
2020-10-22,205.18873596191406,206.30591426730527,202.14274698836158,204.27206899419642,22351500
2020-10-23,206.46826171875,206.51600737560176,203.53686488314023,205.32243880395163,18879600
2020-10-26,200.59591674804688,206.57330310558484,198.7053081481749,204.19572375769516,37111600
2020-10-27,203.62277221679688,204.97866419195947,200.83459813928872,202.0377098600853,36700300
2020-10-28,193.52992248535156,199.41183029232755,192.97611964131525,198.29465216362,51195600
2020-10-29,195.47792053222656,197.99873719800252,194.18886042941546,194.85727059823978,31432600
2020-10-30,193.32945251464844,195.06728067422344,190.608110506775,194.31295179301887,36953700
2020-11-02,193.19578552246094,196.01260444475008,191.0855498716354,195.06729288841902,30842200
2020-11-03,197.11065673828125,198.72436357805273,193.95008988401975,194.68533211248038,27512000
2020-11-04,206.6210174560547,208.46389468820024,202.83024295706136,204.35801637531904,42311800
2020-11-05,213.20950317382812,214.0020343366813,211.16611466391598,212.01593477855405,36080100
2020-11-06,213.62013244628906,214.23123897961761,208.18700591079525,212.2260379268585,25231900
2020-11-09,208.53074645996094,217.82147990831737,208.04377574015598,214.3076211153665,44395000
2020-11-10,201.48385620117188,206.72601300001716,200.2521002250101,204.8163038729962,44045100
2020-11-11,206.7738494873047,208.19657408725112,202.6202244831886,202.80164926115162,29440800
2020-11-12,205.71389770507812,209.2182126853454,204.7781441840893,207.40399459384702,21593900
2020-11-13,206.73562622070312,207.60454766415813,204.49172597949683,206.59240381570694,18621100
2020-11-16,207.42312622070312,207.9101115453344,204.83547759620686,205.16966806985056,24953300
2020-11-17,204.77818298339844,207.85280227776673,204.41533346837915,206.34414439621403,24154100
2020-11-18,202.0784454345703,205.99402291526192,201.93483345505712,204.53883958302632,28372800
2020-11-19,203.3612823486328,203.94526929630183,200.97746390164156,202.3656398944147,24792700
2020-11-20,201.41783142089844,204.1941538861214,201.04446371546402,203.15064088991645,22843100
2020-11-23,201.14979553222656,203.23682175525894,199.28295679876337,201.9539699700148,25683500
2020-11-24,204.73989868164062,205.11326647035582,199.9531246683301,200.65198958401243,33979700
2020-11-25,204.74942016601562,206.10886192206488,203.39956130497038,205.9365451088525,21012900
2020-11-27,206.0514678955078,207.04712506021036,204.91221335516298,205.68768300785575,14512200
2020-11-30,204.9408721923828,205.6014344858804,201.84860683020858,204.96959165696663,33064800
2020-12-01,206.9896697998047,208.05233412004736,204.25163472473366,205.36215509436963,30904500
2020-12-02,206.18545532226562,206.2811966253991,203.72506159891105,205.71636091789838,23724500
2020-12-03,205.10366821289062,207.15240660691688,204.53881785971507,205.4578847635359,25120900
2020-12-04,205.21856689453125,206.19507283978558,204.08888068177146,205.08453781248255,24666000
2020-12-07,205.1515350341797,206.34822842550528,203.90698559365995,205.22812516419336,24620000
2020-12-08,206.79815673828125,207.69807237716685,203.81121513523243,204.84515983045816,23284100
2020-12-09,202.76773071289062,206.0514503597692,202.2028949393342,205.984443126197,32440600
2020-12-10,201.54229736328125,203.99312283702398,201.3891171191543,202.7389906303878,26733300
2020-12-11,204.1654510498047,204.22290460061276,200.19243502451116,201.09235074888988,30979400
2020-12-14,205.0653839111328,206.98967630200812,203.80168324113518,204.01230245414715,28798400
2020-12-15,204.9983673095703,206.23334844937955,203.18896750450304,205.9940097735343,27000600
2020-12-16,209.9287109375,210.72331699112576,205.56317639407263,205.59189586280007,35023300
2020-12-17,210.062744140625,211.47005656833366,208.62671224362202,210.49355078811152,32515800
2020-12-18,209.2681427001953,210.32123862452005,206.80774892510524,209.2681427001953,63354900
2020-12-21,213.0975799560547,214.44745359399022,208.01402881752463,208.27251867774226,37181900
2020-12-22,214.38999938964844,216.00793106077268,212.3891317075916,213.19330609539352,22612200
2020-12-23,211.59451293945312,214.0261871402473,211.38389376362787,213.59538050172162,18699600
2020-12-24,213.250732421875,214.0740579439434,211.76682990316124,211.97744907913722,10550600
2020-12-28,215.36648559570312,216.3908473661043,213.50921543485993,214.87822542694408,17933500
2020-12-29,214.5910186767578,217.49180182350608,214.04533417401936,216.65890803129258,17403200
2020-12-30,212.22637939453125,216.00794208381058,212.02534309135797,215.62499144526328,20272300
2020-12-31,212.934814453125,213.49008188993298,210.311657515392,212.24551795281667,20942100
2021-01-04,208.40650939941406,213.49005960243176,205.64932368601973,213.04010180592445,37130100
2021-01-05,208.60752868652344,209.2010983786544,206.50135181940192,207.9948224232141,23823000
2021-01-06,203.19850158691406,207.2576901048468,202.90172401611616,203.12191147056765,35930700
2021-01-07,208.98095703125,209.98618241670528,204.5962852345555,204.91219943951467,27694500
2021-01-08,210.2542266845703,211.17329358978736,207.77468161014076,209.35431096289832,22956200
2021-01-11,208.2150421142578,209.5744837947097,207.4874433218534,209.15324546396417,23031300
2021-01-12,205.7642364501953,207.84170898199775,204.22290942349233,207.26729032493492,23249300
2021-01-13,207.1140899658203,207.51617714350778,204.80686188159456,204.8930348974412,20087100
2021-01-14,203.93568420410156,208.1863410325463,203.66762608051243,206.70243845748877,29480800
2021-01-15,203.5814208984375,205.36210078555595,202.98786580542128,204.41432921549068,31746500
2021-01-19,207.2098388671875,207.7268039408653,203.5623200569144,204.63455257006677,30480900
2021-01-20,214.77296447753906,216.161125965196,208.02361046256806,208.41612942216207,37777300
2021-01-21,215.3760528564453,216.64933615248523,212.93479584849118,215.1175630393965,30709400
2021-01-22,216.31430053710938,220.2586119985924,216.17070316936838,217.39611606767164,30172700
2021-01-25,219.74159240722656,219.9809310487722,214.65804199808883,219.3490735291546,33152100
2021-01-26,222.4222412109375,224.1933388163299,220.268192922811,221.97228328877176,49169600
2021-01-27,222.96791076660156,230.18637361109083,220.3256169707931,227.85042573267413,69870600
2021-01-28,228.74075317382812,232.29254556500564,225.06451460420766,225.56234314220006,49111200
2021-01-29,222.06797790527344,227.86954440379412,221.48399101899585,225.92611574790212,42503100
2021-02-01,229.4300079345703,232.15847419618686,222.51790703934128,225.03575413510322,33314200
2021-02-02,229.29600524902344,231.9766011706054,228.51098203808783,231.00967824023755,25916300
2021-02-03,232.6371612548828,234.63802880665224,229.0566498927126,229.35344208114293,27158100
2021-02-04,231.68939208984375,232.86694881954378,230.11933105831628,232.31168137316456,25296100
2021-02-05,231.87130737304688,232.9052522107318,230.16721716132736,231.9000268456431,18054800
2021-02-08,232.1297607421875,233.28815157632502,230.54054867068731,232.78075482945962,22211900
2021-02-09,233.37432861328125,234.3221002924528,231.08625176555742,231.55534615768994,23565000
2021-02-10,232.46484375,235.43263415280472,230.61714183329966,234.55186970118112,22186700
2021-02-11,234.06362915039062,234.69547207814844,231.8234083059105,234.3412555541554,15751100
2021-02-12,234.5423126220703,234.83909021572526,232.37868184084263,233.52750445837592,16561100
2021-02-16,233.30734252929688,235.63372209695896,232.56060701574452,234.5806260608858,26728500
2021-02-17,234.324462890625,234.43001503747345,231.19630371213563,231.56094106337903,21653500
2021-02-18,233.93106079101562,234.06539856792395,231.11955780224875,232.02154629365586,16925600
2021-02-19,231.22509765625,233.9982245505223,230.46703730839147,233.89267239987308,25262600
2021-02-22,225.02630615234375,228.30799807606732,223.0016349040027,227.81862797364326,36446900
2021-02-23,223.83648681640625,225.33339754887209,219.48007774451878,221.01537906288905,30228700
2021-02-24,225.06471252441406,225.68842042273627,219.73915368791364,220.70830363621744,26339700
2021-02-25,219.7295684814453,225.1030937109058,218.66445668933272,222.69460427185766,39542200
2021-02-26,222.9824676513672,225.8515415247869,220.2573072215553,222.166836123275,37819200
2021-03-01,227.35806274414062,227.86662818043706,223.72132352037755,226.36011252225157,25324000
2021-03-02,224.41220092773438,227.70349799818933,224.00918764921863,227.4252175123957,22812500
2021-03-03,218.3573760986328,224.13392888093216,218.06950529574024,222.77135603173917,34029500
2021-03-04,217.56094360351562,223.08801625993092,215.19083022458815,217.57054857019696,44727800
2021-03-05,222.23403930664062,223.83650229860413,217.30190288050994,220.23815331139636,41872800
2021-03-08,218.1942596435547,223.93242202512073,217.9447794153884,222.0133028006234,35267400
2021-03-09,224.3258514404297,225.8611527209292,222.30118001460858,223.46225362122254,33080500
2021-03-10,223.02081298828125,227.41559717164208,222.65617569987222,227.41559717164208,29746800
2021-03-11,227.54039001464844,229.4978853058214,224.8344247079214,225.4581472805967,29907600
2021-03-12,226.21617126464844,226.28334746335574,223.79807702037834,224.54653232236623,22653700
2021-03-15,225.31419372558594,225.67883106928048,222.4355148439166,225.4581364547002,26034900
2021-03-16,228.09690856933594,230.35186474160002,226.39848405501235,226.72473079014074,28092200
2021-03-17,227.4540252685547,228.90296978894895,223.7981051474322,226.6000177196356,29562100
2021-03-18,221.3895721435547,224.71924482700015,221.01534451892877,223.15515813452234,34833000
2021-03-19,221.03457641601562,223.06883823635602,220.07501674352017,221.67747963958135,46430700
2021-03-22,226.44647216796875,227.3196602642825,220.83304272830307,220.95779015994103,30127000
2021-03-23,227.97215270996094,231.30182541849308,227.48278262536803,227.88579586710034,31638400
2021-03-24,225.93788146972656,228.37515610513233,225.80354372827452,228.2312280399036,25620100
2021-03-25,222.94406127929688,227.35804104512198,222.20521097132493,225.78436397622824,34061900
2021-03-26,226.9166259765625,227.1373352031275,222.18600467967124,222.18600467967124,25479900
2021-03-29,225.72679138183594,227.22370192103884,222.50267074289255,227.02218797535386,25227500
2021-03-30,222.473876953125,224.3929959619362,221.75420732482078,224.0859298925027,24792000
2021-03-31,226.23536682128906,229.4307019873928,222.9920507477263,223.49102583020917,43623500
2021-04-01,232.5492706298828,233.01944545451641,228.42316149759984,228.8261747651646,30338000
2021-04-05,238.99752807617188,239.85153557551078,232.88512317429942,232.94269441038907,36910600
2021-04-06,237.83644104003906,239.31415636924692,236.89607673963405,237.59655114205796,22931900
2021-04-07,239.79396057128906,240.78230588022694,237.19356201186886,237.78848433406324,22719800
2021-04-08,243.00843811035156,243.8624454611813,241.808988761337,242.54785366001036,23625200
2021-04-09,245.5033416748047,245.63767943978883,242.23123976274744,242.64384338315648,24326800
2021-04-12,245.5609130859375,247.24974743747651,244.3230729403919,244.4094444364362,27148700
2021-04-13,248.0365753173828,248.7082788148953,246.4437027152732,246.8563356380846,23837500
2021-04-14,245.2538299560547,248.36279362985277,244.84122636397595,247.06741162139323,23070900
2021-04-15,249.00572204589844,249.41832565556072,247.30731205606156,247.49920641050562,25627500
2021-04-16,250.19554138183594,250.4450362292379,247.1825396982639,248.97691132612795,24878600
2021-04-19,248.2764434814453,250.9056567188117,247.39366504124206,249.66781662573698,23209300
2021-04-20,247.81585693359375,249.67740478959612,246.45326949789063,247.39364839202,19722900
2021-04-21,250.0420379638672,250.1379997844997,246.84671724920173,248.46837538255164,24030400
2021-04-22,246.7699737548828,251.19352978714605,245.3018339862112,249.6870140739472,25606200
2021-04-23,250.58895874023438,250.9344153892346,246.86586317747359,247.4512097025957,21462600
2021-04-26,250.97279357910156,251.82681565162977,249.64862597185794,251.07836035908593,19763300
2021-04-27,251.37582397460938,252.54648783182677,249.60063289753063,251.00158168291068,31014200
2021-04-28,244.26547241210938,246.1654108297521,242.72058097809375,245.7239923604383,46903100
2021-04-29,242.29835510253906,245.7431847076935,238.93030665326364,245.1290672361007,40589000
2021-04-30,241.98171997070312,242.84533234959014,239.5060692196905,239.64040697084403,30945100
2021-05-03,241.67469787597656,244.0640067134721,240.96461845267157,243.1524133181081,19626600
2021-05-04,237.769287109375,241.05099410582295,235.82138212667073,240.82069451117363,32756100
2021-05-05,236.50267028808594,239.41013488306382,235.87896236652082,238.9879262904949,21901300
2021-05-06,239.63079833984375,239.7555457646202,234.79462473056245,236.4834442394811,26491100
2021-05-07,242.25042724609375,244.0160134266029,241.01258714133363,241.95295146590863,27032900
2021-05-10,237.18394470214844,241.54994399092692,237.126373466444,240.72472211515404,29299900
2021-05-11,236.27235412597656,236.62740113121535,232.76037714863403,234.6603010402085,33641600
2021-05-12,229.3347625732422,234.4971983156802,228.4423791025512,232.37656498927853,36684400
2021-05-13,233.20179748535156,235.66787299277317,231.65690575111154,232.02154312991334,29624300
2021-05-14,238.11476135253906,239.10310678698622,235.56234338181224,235.648700250829,23901100
2021-05-17,235.26480102539062,236.61778349101087,233.67194331645007,236.57940755176028,24970200
2021-05-18,233.24974060058594,236.44507570607448,233.07701226535352,236.3107379527679,20168000
2021-05-19,233.8267822265625,233.93257808571866,229.47956888338655,230.162421057965,25739800
2021-05-20,237.05838012695312,238.47219104144915,234.5385334489795,234.63471685255448,21800700
2021-05-21,235.79843139648438,238.83764464564823,235.3848750918042,238.10670075398016,21863100
2021-05-24,241.1940155029297,241.55949482361876,238.04900607225056,238.31830198996036,21411500
2021-05-25,242.0980987548828,243.08872621785105,241.2325067869294,242.14619045877527,17704300
2021-05-26,241.8768768310547,243.27144808873797,241.16515782189026,241.81915798529013,17771600
2021-05-27,239.78016662597656,241.86721699548886,239.72246246353768,241.5690690392049,24426200
2021-05-28,240.13604736328125,242.44431686460024,240.0206390246495,241.40559779033563,18270200
2021-06-01,237.94322204589844,241.68452766984606,237.52005320809064,241.62682349539628,23213300
2021-06-02,237.84701538085938,239.7417137426011,236.4428170992417,238.64529057633396,19406700
2021-06-03,236.31781005859375,236.9237185044888,233.7113925974972,235.84653488909666,25307700
2021-06-04,241.20364379882812,242.0307712219281,238.0490216910813,238.28946553877864,25281100
2021-06-07,244.10821533203125,244.3775112737466,240.26111367835148,240.4246137375695,23079200
2021-06-08,242.91561889648438,246.22412860795987,242.85790004526086,245.4066136508643,22455000
2021-06-09,243.89662170410156,245.76246833996902,243.53115702915264,244.10821346748003,17937600
2021-06-10,247.40708923339844,247.61868099093334,243.973558759814,244.56985479894277,24563600
2021-06-11,248.03225708007812,248.6092988045353,246.8011564650918,248.12841113345158,18999700
2021-06-14,249.95578002929688,250.01348419533974,246.98386872283527,248.04182735203915,19150500
2021-06-15,248.4842071533203,250.0519053029024,247.8302071127117,249.8403136014058,18038900
2021-06-16,247.54171752929688,250.6193807060856,244.69485634370264,249.48449295997696,27220000
2021-06-17,250.92718505859375,251.74469998319134,246.2241188200235,246.28182299342527,27565500
2021-06-18,249.51336669921875,252.27365719884,248.85936651938206,249.70573350554895,37202200
2021-06-21,252.5909881591797,253.44695269818988,248.06103585464263,249.88840259449225,26696100
2021-06-22,255.3609161376953,255.63021199159476,252.36978031480274,252.6775553909869,24694100
2021-06-23,255.13015747070312,256.63052479177776,254.32226963251347,255.82263695358807,19518700
2021-06-24,256.49578857421875,257.611451146261,255.32242184767824,255.98604897545374,21446900
2021-06-25,254.8896026611328,257.03437150045914,254.6395611171669,256.0533715563375,25611100
2021-06-28,258.44830322265625,258.62141576149537,255.74571652356687,256.0150124787803,19590000
2021-06-29,261.02587890625,261.26632279421653,257.73662295546177,258.59258793407116,19937800
2021-06-30,260.5448913574219,260.98729972356773,259.29459535920773,260.34292678716713,21656500
2021-07-01,261.2181701660156,261.44898683933064,259.2946196189184,259.3042174129385,16725300
2021-07-02,267.0368957519531,267.3735229640247,262.0837590204918,262.3915341487316,26458000
2021-07-06,267.04656982421875,268.69119759373734,263.81498911192836,267.4024220376937,31565600
2021-07-07,269.229736328125,269.9606949040537,266.55600233060557,268.71999662413555,23260000
2021-07-08,266.815673828125,268.0755969208778,264.3631295960202,266.3155319677022,24618600
2021-07-09,267.3158874511719,267.42166866870554,264.7960403125206,265.18074464609816,23916700
2021-07-12,266.7195129394531,269.07584463447415,266.0077793129093,268.4891758346326,18931700
2021-07-13,270.2396240234375,272.03813906947397,266.7868543506358,266.9118604799698,26120100
2021-07-14,271.7112121582031,272.817248138477,269.82611100200353,271.55732455253013,23113700
2021-07-15,270.2877502441406,271.7111884591669,269.1336079777888,271.22067359330885,22604200
2021-07-16,270.0184020996094,273.2403550652202,268.77770380577266,271.28795247697474,26186800
2021-07-19,266.42138671875,269.65293765611636,263.9592442852176,268.2679788683728,32935600
2021-07-20,268.64306640625,270.2299896780536,265.70003652732663,267.4023681314722,26259700
2021-07-21,270.6435852050781,270.75899355414396,266.69070249429734,268.23914676268924,24364300
2021-07-22,275.2024230957031,275.4717190297968,272.5863928711976,272.9903220968104,23384100
2021-07-23,278.5975036621094,278.9052494950487,275.5486626133189,276.38540254707505,22768100
2021-07-26,278.0011291503906,278.6166794096968,275.68327658614254,277.9530521274675,23176100
2021-07-27,275.58709716796875,278.51087288872895,272.1343274321578,278.3666124668251,33604100
2021-07-28,275.2793884277344,279.05915914851056,272.98073086380026,277.9434960316162,33566900
2021-07-29,275.5486755371094,277.58763486236643,275.1447169202856,275.2986045195014,18168300
2021-07-30,274.0194396972656,275.7025466900229,273.0576642728328,274.26951069995624,20944800
2021-08-02,273.9328308105469,275.8082749172966,272.8940971151015,275.4139435469008,16267400
2021-08-03,276.14495849609375,276.25076905660643,273.14422383185655,274.50995786548094,17879000
2021-08-04,275.5582275390625,276.59693186168965,273.76931036819576,275.2793045071055,16191300
2021-08-05,278.4532165527344,278.5590271143416,275.16396096408687,275.9141446379062,13900200
2021-08-06,278.39544677734375,278.4339260044122,276.62578389584934,277.481777929583,16589300
2021-08-09,277.3086853027344,280.40560323278316,276.808572666281,278.67441927108996,16117600
2021-08-10,275.49090576171875,278.1934918740184,274.29831384057627,277.7606812698353,18616600
2021-08-11,275.98150634765625,277.6261343230459,274.93314516719175,276.2315480324196,13955900
2021-08-12,278.7321472167969,278.8860348144574,275.3947851546205,275.6737082598213,14561300
2021-08-13,281.65594482421875,281.7040218560263,278.24162438521927,278.41476627205253,18249000
2021-08-16,283.3390197753906,283.55061152329273,278.93407230117066,281.98291302988906,22507600
2021-08-17,281.8771057128906,282.2137329544662,279.9535550193779,281.21350772659866,20075300
2021-08-18,280.1523132324219,284.0935022802429,279.70902834642004,281.4146488445033,21813000
2021-08-19,285.97247314453125,286.6470164928712,278.13829528997536,278.1864643546096,29850500
2021-08-20,293.2863464355469,294.7125096493585,287.21557336643235,288.8151805177053,40817600
2021-08-23,293.5657958984375,294.2885083597371,290.8676811391506,292.21673851879405,22830200
2021-08-24,291.6096496582031,294.5294067686128,291.0122120736746,293.92232360780326,18175800
2021-08-25,291.02191162109375,293.50802996134405,289.4897644777505,293.2285728625707,20006100
2021-08-26,288.2081298828125,291.4266062950808,288.07323882974407,290.0389958241658,17666100
2021-08-27,288.8151550292969,289.9233081860537,286.0302890699818,288.1117043575675,22605700
2021-08-30,292.5444030761719,293.1514863285869,290.10645389602473,290.16426854794526,16348100
2021-08-31,290.89654541015625,293.42121586283224,290.53036644546444,293.3441394842218,26285300
2021-09-01,290.8483581542969,294.08612491832895,290.5207320699009,291.8505275583118,18983800
2021-09-02,290.1931457519531,292.3227302959744,289.2584364332611,291.20496087003505,16285600
2021-09-03,290.18353271484375,291.5904047928127,289.3355453558773,290.03896669123856,14747900
2021-09-07,289.2584533691406,290.1353480932548,287.35051112759913,290.0582716965981,17180400
2021-09-08,289.2873229980469,289.67276374560055,286.6470229996981,288.8729749296078,15046800
2021-09-09,286.4350280761719,291.1471272624396,286.1941239314484,289.8751463205612,19927000
2021-09-10,284.9510803222656,289.0079277198995,284.6330997569278,287.56250269932383,19633400
2021-09-13,286.18450927734375,287.67813278036044,283.3803812009098,286.7241322672505,23652900
2021-09-14,288.8825988769531,290.42439115897747,287.2540846387654,288.66095649526324,21853400
2021-09-15,293.7296447753906,294.2114531175559,290.83879472239886,292.2264051004147,28356300
2021-09-16,294.1150817871094,294.20180375871473,289.81735966426726,292.70820968009997,19550800
2021-09-17,288.9596252441406,293.42117357375326,288.63199921959335,293.10319312285753,41372500
2021-09-20,283.59228515625,287.8514824392424,278.98620009647595,285.54842520573646,38278700
2021-09-21,284.0741882324219,286.7145179579363,283.3707668698969,284.93182120134657,22364100
2021-09-22,287.7165832519531,289.29692832647936,283.79468669698116,285.9339163666204,26626300
2021-09-23,288.66094970703125,289.9521922582794,286.70480943359127,287.9767902418922,18604600
2021-09-24,288.4585266113281,288.89213627391433,286.1265623771183,287.37928113035736,14999000
2021-09-27,283.4671325683594,285.6834391762905,282.28187346169767,285.3654586100994,23571700
2021-09-28,273.2045593261719,280.20042503434115,272.4625851539167,279.25607020918045,43186200
2021-09-29,273.6671447753906,276.3363524670483,272.713173645824,274.7271290344914,26353700
2021-09-30,271.66278076171875,277.35772848518707,271.3736781629652,275.31486617919455,32343600
2021-10-01,278.5815734863281,279.42956082549745,271.055729962069,271.855518825413,30086300
2021-10-04,272.8094177246094,277.2806118186714,270.05348900845405,276.94334020608034,31350700
2021-10-05,278.2539367675781,279.83425268811834,273.7152814419423,273.7152814419423,24993000
2021-10-06,282.4456481933594,282.9467476472076,275.12218554145016,275.382351437471,28002600
2021-10-07,284.1223449707031,285.8472268251137,283.2261886390808,284.440325492257,20430500
2021-10-08,284.1223449707031,285.8472268251137,283.0720064625797,285.4424949358928,17685700
2021-10-11,283.5248718261719,287.128787851861,282.09870892799114,282.2625366597223,19298600
2021-10-12,282.22406005859375,284.690916425301,281.71334439065623,284.59454887512936,17974100
2021-10-13,285.5291748046875,286.4638838944547,282.81176948302556,284.1801177182295,23416300
2021-10-14,291.7348937988281,292.2359637895139,286.9938877052562,288.32368317323034,27262900
2021-10-15,293.1418151855469,293.37310318030734,289.5860673662888,291.3398567409262,25384800
2021-10-18,296.1097717285156,296.9962825877865,291.6771292104213,292.52511657650416,22729300
2021-10-19,297.0155334472656,298.046580784232,296.04227134224186,297.1311627256362,17682100
2021-10-20,296.225341796875,298.4320317414315,294.9726227448066,297.95983967544254,16537100
2021-10-21,299.4534912109375,299.70401151928974,295.2135548265935,295.99411129385413,16918100
2021-10-22,297.9117126464844,299.77148563337295,296.6011787740469,299.10658782442397,17449300
2021-10-25,296.9192199707031,298.1430025992538,295.30996713441385,298.1044496970303,17554500
2021-10-26,298.82708740234375,301.03377733794736,297.3720465392761,299.68472017039693,28107300
2021-10-27,311.4120178222656,314.23540765875345,304.5028732340633,304.5028732340633,52588700
2021-10-28,312.54901123046875,313.05008121355974,309.6677779577822,312.5297200802306,26297900
2021-10-29,319.55450439453125,319.9206833758431,312.115383713237,312.33702609856846,34766000
2021-11-01,317.38641357421875,319.429276181663,314.49556360355314,319.30400131110804,27073200
2021-11-02,321.0095520019531,321.31791632302634,317.99342781479373,318.29214656107087,26487100
2021-11-03,321.84796142578125,322.7152105302098,318.6198397635644,321.7515938792344,21500100
2021-11-04,324.1991271972656,324.2954947256181,317.52127212453837,320.7783004950608,23992200
2021-11-05,323.8330078125,326.46369184358485,322.25269180428967,326.1938803589028,22570100
2021-11-08,324.7290954589844,325.3650858397293,322.27188529417714,325.0278142034985,20897000
2021-11-09,323.72698974609375,326.39619698658385,322.3586413143152,324.8447590588509,21307400
2021-11-10,318.7642822265625,322.4549493777463,317.91632452625186,322.3971347483441,25500900
2021-11-11,320.33502197265625,321.62626453740313,318.4848947841872,319.197961574822,16849800
2021-11-12,324.4689636230469,324.96041747042767,321.6455742090313,321.77084906481406,23831000
2021-11-15,323.8426818847656,325.5868258155104,321.876895519254,325.25919965579993,16723000
2021-11-16,327.1574401855469,328.27523883002146,323.3029742696654,323.4667726030353,20886800
2021-11-17,327.37945556640625,330.34317737832805,326.2982353582756,327.2056943460369,19053400
2021-11-18,329.45501708984375,330.5941871717435,325.448698473781,326.47199828045603,22463500
2021-11-19,331.23138427734375,333.15250973725915,330.3529147568212,330.7776841426584,21963400
2021-11-22,328.06488037109375,337.5642399354129,327.7945753077866,332.6890561129603,31031100
2021-11-23,325.9893798828125,327.69812064888646,322.0120206003462,325.38118601428096,30427600
2021-11-24,326.21136474609375,326.4527096021285,322.34984704953825,324.63779157098065,21661300
2021-11-26,318.26629638671875,326.23067700890783,316.7603067714065,322.77463147147154,24217200
2021-11-29,324.9756774902344,327.29258219620067,323.15109625287187,323.34418392046973,28563500
2021-11-30,319.1447448730469,326.08582451918915,317.60013207363266,323.71099964845,42885600
2021-12-01,318.65240478515625,327.5339066425295,317.98632013384116,323.52758820834913,33337600
2021-12-02,318.0829162597656,321.94443467534484,316.4514223722996,318.8648713820366,30766000
2021-12-03,311.8272399902344,321.1817696501505,307.01963950096615,320.49632899700646,41779300
2021-12-06,314.89715576171875,316.11354341449044,308.1781223856923,312.73471501105405,30032600
2021-12-07,323.3249206542969,324.1744298816056,318.67178431375265,320.15847701837134,31021900
2021-12-08,323.3731384277344,323.88478833070934,319.3474933714662,323.7013638880352,24761000
2021-12-09,321.5679016113281,324.84052263649073,320.62181914163386,322.83254633757906,22214200
2021-12-10,330.68115234375,331.1252187320229,323.1994600837699,323.38288457347915,38095700
2021-12-13,327.6497802734375,331.8878102110468,327.3408517779993,328.8854647941473,28899400
2021-12-14,316.9727783203125,323.05468832102974,312.88921143959027,321.6838361359127,44438700
2021-12-15,323.0642395019531,323.5855526741377,313.26564359900055,317.23333915012444,35381100
2021-12-16,313.6517639160156,325.1011790200771,311.83684591434667,324.0875129645706,35034800
2021-12-17,312.58990478515625,313.6711546916639,306.2666801473062,309.77101283249925,47750300
2021-12-20,308.8345642089844,311.6244956878622,306.5755796789902,308.96970202135424,28326500
2021-12-21,315.9590759277344,316.38384527957237,308.7283631846601,312.09755779178596,24740600
2021-12-22,321.6644287109375,322.06020834026276,314.47234037759364,316.93404606965555,24831500
2021-12-23,323.1028747558594,324.7440317285957,321.2107391407732,321.2300361252478,19617800
2021-12-27,330.5942077636719,330.62316796902155,323.817225101408,323.8461853067577,19947000
2021-12-28,329.435791015625,331.90716045361296,328.53799505142064,331.2700063774219,15661500
2021-12-29,330.11151123046875,332.38012934520907,327.9200810470128,329.4839910257525,15042000
2021-12-30,327.5726013183594,331.2506951069542,327.08991153548817,330.0729308583066,15994500
2021-12-31,324.6764221191406,327.6111544209489,324.2226926014007,326.7906054612649,18000800
2022-01-03,323.1607971191406,326.29828058631676,318.3628596847403,323.7400307283668,28865100
2022-01-04,317.6194763183594,323.59517698244974,314.82951579453515,323.2379618678629,32674300
2022-01-05,305.4267272949219,314.78125567055275,305.0405814422899,314.5785047925629,40054300
2022-01-06,303.0133056640625,307.66644167118665,300.7060346434731,302.30856806148427,39646100
2022-01-07,303.1678161621094,305.54264171592666,299.35455497870817,303.2739937762214,32720000
2022-01-10,303.38983154296875,303.824264140596,294.14150808241357,298.77531830555176,44289500
2022-01-11,304.0752258300781,305.64876956592934,299.1614480285225,302.53061283786786,29386800
2022-01-12,307.2513122558594,312.21337685592107,306.1025083336208,308.602867078053,34372200
2022-01-13,294.2476501464844,309.7709684945666,293.4753583562799,309.37515937724777,45366000
2022-01-14,299.46075439453125,300.05928501415605,293.2340443836935,293.71673416868725,39846400
2022-01-18,292.1721496582031,299.0746083692824,291.29365062791317,293.5430017450747,42333200
2022-01-19,292.8284912109375,303.04222074165364,292.2203269969151,295.68603516166604,45933900
2022-01-20,291.15838623046875,300.86043585984567,290.7143200267884,298.369770370206,35380700
2022-01-21,285.78131103515625,293.58156494621363,285.37583865558236,292.21074246408233,57984400
2022-01-24,286.1095275878906,286.8238990150419,266.4930083993814,282.08391143196826,85731500
2022-01-25,278.50238037109375,284.77734842437496,275.2973421558161,281.4274796851813,72848600
2022-01-26,286.43768310546875,297.8195132718196,282.88509436140055,297.32716040257384,90428900
2022-01-27,289.4594421386719,296.6611663626569,287.6155633991125,292.18181992971034,53481300
2022-01-28,297.5879211425781,297.8003058303216,284.2560313928482,289.8359242315118,49743700
2022-01-31,300.2137451171875,301.5652706042171,295.76333004152133,298.254025795733,46444500
2022-02-01,298.0705871582031,299.875842129487,294.5662548205134,299.66345745868625,40950400
2022-02-02,302.60784912109375,304.21038262271304,298.1864239841783,298.91045860750387,36636000
2022-02-03,290.820556640625,300.4550540690847,289.57520891247447,298.7752738080084,43730000
2022-02-04,295.3482360839844,298.10920758842764,289.584918714947,289.8166003905514,35096500
2022-02-07,290.53094482421875,297.18239363022644,289.5172787684884,295.57022651592763,28533300
2022-02-08,294.0160217285156,294.9814013715594,289.5656357153874,290.8206174669248,32421200
2022-02-09,300.4356994628906,301.1307737737914,296.74797273384456,299.14209466836076,31284700
2022-02-10,291.9115295410156,298.4181795398157,290.2896986537681,293.5140634395048,45386200
2022-02-11,284.8255310058594,293.75528997244055,284.0339128700643,292.6933667977203,39175600
2022-02-14,284.78692626953125,286.4860034605709,281.263297311286,283.599498987924,36359500
2022-02-15,290.067626953125,290.38618927733245,286.7370553493468,289.6235605596376,27058300
2022-02-16,289.72906494140625,291.05436512263174,284.09893045059476,288.63592551544133,29982100
2022-02-17,281.24517822265625,287.11712691828404,280.53898325758263,286.69147920261867,32461600
2022-02-18,278.53643798828125,284.2729679755153,276.96929430412916,283.48939613343924,34264000
2022-02-22,278.3333740234375,282.028756766497,275.21842268075903,275.70211059408194,41736100
2022-02-23,271.12640380859375,282.18353159730316,270.9619664555194,280.71310149282795,37811200
2022-02-24,284.9792175292969,285.5306287899003,262.6618519792794,263.61957404294975,56989700
2022-02-25,287.6104736328125,287.92004094921725,282.1351235020053,285.51128484773926,32546700
2022-02-28,289.0421447753906,289.3807321175086,283.44103215371325,284.7082917445892,34627500
2022-03-01,285.3274230957031,290.1836376065008,282.6187539107419,286.73009989470324,31217800
2022-03-02,290.3964538574219,291.634693317186,284.1181963061909,285.72401365770156,31873000
2022-03-03,286.26580810546875,293.2405780996094,284.4567908872236,293.0084173965025,27314500
2022-03-04,280.4034118652344,286.0142067501704,277.80119926818253,284.6889072106973,32356500
2022-03-07,269.81072998046875,280.2390376841762,269.4431225318955,279.1168784545169,43157200
2022-03-08,266.8505554199219,274.69595707889357,261.1914024621827,268.736920057862,48159500
2022-03-09,279.0878601074219,280.1519791699358,271.6197193077244,274.192941941818,35204500
2022-03-10,276.27276611328125,277.24982481746815,271.4262054005378,273.7866039875139,30628000
2022-03-11,270.9328918457031,280.0649198872489,270.31375729009164,278.56546999148014,27209300
2022-03-14,267.42132568359375,276.08900319722903,266.8215575071672,271.19408479495587,30660700
2022-03-15,277.7818603515625,278.4300149062294,269.6365754251253,271.20371896326867,34245100
2022-03-16,284.7857360839844,284.9598566183486,273.960800034903,279.67796423359994,37826300
2022-03-17,285.588623046875,285.9658841758017,279.92946993729333,283.7215952422282,30816600
2022-03-18,290.6286926269531,291.1801038956817,283.1799169846614,285.73377364082944,43390600
2022-03-21,289.400146484375,290.34818539174177,285.27911614908595,289.13896564753406,28351200
2022-03-22,294.14019775390625,295.0495331029309,289.0227729955793,290.0191685986224,27599700
2022-03-23,289.7193298339844,293.3373349131294,288.0070855267432,290.7060719110069,25715400
2022-03-24,294.1789245605469,294.2756680245102,288.58749479820733,289.380749871962,24484500
2022-03-25,293.7726135253906,295.533244193088,289.52585001590114,295.2720634104139,22566500
2022-03-28,300.5635986328125,300.66031257135194,294.4013915103594,294.4013915103594,29578200
2022-03-29,305.1199951171875,305.51662272546986,298.9674698693951,303.66893146238317,30393400
2022-03-30,303.62054443359375,305.6423857684407,301.414928862999,303.52383047434716,28163600
2022-03-31,298.2515869140625,304.858779193998,297.84530566978634,303.6592133025089,33422100
2022-04-01,299.32537841796875,300.01220684451596,295.57195627521304,299.27699192361627,27110500
2022-04-04,304.6943054199219,304.8297226576166,299.60590012472653,299.97350759012323,24289600
2022-04-05,300.7377624511719,304.5975820485766,299.7607035467808,303.04977502360924,23156700
2022-04-06,289.72906494140625,296.98438376297736,287.0300780736308,295.23343584912897,40110400
2022-04-07,291.5379638671875,293.7435789334034,286.6817492492974,286.9816333071018,31411200
2022-04-08,287.2815856933594,291.2961892637509,286.6140940454331,290.6383808206242,24361900
2022-04-11,275.95355224609375,283.06373875112814,275.7020251620772,282.2705132557711,34569300
2022-04-12,272.8578796386719,281.2546903076533,271.3390933052269,279.80362733168846,30966700
2022-04-13,278.2366638183594,279.1653364568741,272.12284077736473,273.5062108116389,21907200
2022-04-14,270.7007141113281,278.9040702197633,270.2073726066549,278.6912463967013,28221600
2022-04-18,271.3681640625,273.2448748903174,269.2592925621962,269.8107036813086,20778000
2022-04-19,275.9922790527344,276.8339207213191,269.3270757429713,270.2654313652648,22297700
2022-04-20,277.0176696777344,280.24873024308215,276.05997725645005,279.95849984253823,22906700
2022-04-21,271.64874267578125,283.73125459736195,270.9232109682988,279.1652405373938,29454600
2022-04-22,265.0899658203125,273.96081411049454,264.46117751038287,272.4903841306375,29405800
2022-04-25,271.5616455078125,271.93890659301337,261.93624768786924,264.3740527877632,35678900
2022-04-26,261.4041748046875,269.2785949994851,261.19135104147927,268.446666348187,46518400
2022-04-27,273.98016357421875,281.47732570453576,270.0526203554486,272.89670744793256,63477700
2022-04-28,280.1809997558594,281.4869627202717,272.2775281140742,275.88584973003594,33646600
2022-04-29,268.466064453125,280.4228421568128,267.47935197429007,279.1942562573067,37073900
2022-05-02,275.1893310546875,275.64399875590436,267.2084825593842,268.64986271938767,35151100
2022-05-03,272.587158203125,274.86049729139387,271.01033088824136,274.69603041183086,25978600
2022-05-04,280.5195617675781,281.3901938245139,267.7018362258143,273.3706425590282,33599300
2022-05-05,268.3016357421875,277.00801637510676,265.38982566126134,276.2244444799009,43260400
2022-05-06,265.76708984375,270.1396166091243,262.4199492559165,265.8444668964473,37780300
2022-05-09,255.94822692871094,263.4744080237602,254.72935373016503,261.2494559206379,47726000
2022-05-10,260.707763671875,264.8191105943443,256.4222962003139,262.82631891838696,39336400
2022-05-11,252.04966735839844,262.5069938463722,250.8404480186979,257.01230825204254,48975900
2022-05-12,247.01937866210938,251.4015891851371,241.86326466522425,249.28303414533278,51033800
2022-05-13,252.6011505126953,254.45852493792023,247.01940307644472,248.95415457182008,34925100
2022-05-16,252.96875,257.1478201827857,247.435359717783,251.47898312964355,32550900
2022-05-17,258.1151428222656,259.57585977965135,253.89737021197146,257.4282849486114,28828800
2022-05-18,246.36329650878906,255.59416717330026,245.0930851004618,255.01238395336077,31356000
2022-05-19,245.4518280029297,249.8442599742027,244.23010107031448,246.1887405470746,32692300
2022-05-20,244.889404296875,250.68779415388676,238.95528181890765,249.42725918111856,39199300
2022-05-23,252.73373413085938,253.5579245072491,245.73301319601697,247.73046089939714,33175400
2022-05-24,251.73504638671875,253.39310349464947,245.8009223450929,250.05760735374935,29043900
2022-05-25,254.54690551757812,256.54433819264386,249.3206224202264,250.29995683719147,28547900
2022-05-26,257.82427978515625,258.9975222921612,253.49003807090028,254.30452267342017,25002100
2022-05-27,264.94140625,265.0383750636655,259.4339208862347,260.32599254493937,26910800
2022-05-31,263.6129455566406,266.4248628217989,260.76223485872504,264.25290403889915,37827700
2022-06-01,264.14630126953125,269.25623459703166,261.8385798988137,266.84186825760014,25292200
2022-06-02,266.24066162109375,266.30854273854516,253.6548987948604,256.4183467798957,44008200
2022-06-03,261.8191223144531,265.14497113506803,260.25803436231683,262.10032291361057,28059000
2022-06-06,260.5877380371094,265.85281527967646,259.10420716791305,263.79720697367605,22400300
2022-06-07,264.22381591796875,264.8346867223125,257.86305412954965,258.54180604342474,22860700
2022-06-08,262.1972961425781,264.70863088470054,261.42157544049917,263.4578015962176,17372300
2022-06-09,256.74798583984375,264.4274283960142,256.59284170053377,259.64716611698157,26439700
2022-06-10,245.30638122558594,252.66584504493977,244.86034549346968,252.66584504493977,31422800
2022-06-13,234.9022674560547,241.45696760455806,234.19444257567676,237.66571545060387,46135800
2022-06-14,237.0645294189453,238.27656531045733,234.1750252009215,236.45365859510807,28651500
2022-06-15,244.11370849609375,247.54620227137175,238.9358949520811,240.76849254553994,33111700
2022-06-16,237.5299835205078,239.90557127346275,235.63921019857887,238.5093033448499,33169200
2022-06-17,240.1285400390625,242.8919877338187,236.6184889029332,237.2681383521673,43084800
2022-06-21,246.03359985351562,247.0129195467826,241.9320596633375,242.65928121254296,29928300
2022-06-22,245.442138671875,249.35944724213846,242.76595376071094,244.23979365415195,25939900
2022-06-23,250.99810791015625,251.4926280887529,245.92696800307291,247.80805032436228,25861400
2022-06-24,259.569580078125,259.84107489415163,253.77119057568703,253.85845359611892,33923200
2022-06-27,256.8450012207031,260.151409571475,255.28388337930917,260.06414652554236,24615100
2022-06-28,248.69039916992188,258.8036202038124,248.5352550148448,255.96261499134835,27295500
2022-06-29,252.35560607910156,254.01366307535287,247.9922615951773,249.76668411063616,20069800
2022-06-30,249.0297393798828,251.64774884681984,245.21910548593416,249.24305888897192,31730900
2022-07-01,251.69619750976562,251.88042932459473,246.8771566244914,248.6031092713666,22837700
2022-07-05,254.86692810058594,254.99298457519546,247.00323818444357,248.3801092623351,22941000
2022-07-06,258.1248474121094,259.8507853109402,254.430564439945,255.73956910040374,23824400
2022-07-07,260.2483215332031,260.88827998765817,256.9709719895022,257.06794077182286,20859900
2022-07-08,259.5308532714844,259.95749231914675,255.29358006652834,256.74802329517996,19658800
2022-07-11,256.4765319824219,258.43517157163143,254.2172802316378,257.58189346441975,19455200
2022-07-12,245.96572875976562,257.8630779320997,244.38522912726302,257.80490257305115,35868500
2022-07-13,245.04458618164062,245.84937984355258,240.57459691919928,242.59142655470853,29497400
2022-07-14,246.36329650878906,247.3911007080352,238.4705183729216,242.95990461962012,25102800
2022-07-15,248.92308044433594,252.4622192726145,247.0323074429904,247.95345174668594,29774100
2022-07-18,246.528076171875,252.91792521478504,245.60693194367718,251.86103357185658,20975000
2022-07-19,251.64772033691406,251.83195214619707,245.97538686166658,249.75693264825895,25012600
2022-07-20,254.30453491210938,256.82557571212527,251.04659634523787,252.00651938891917,22788300
2022-07-21,256.79644775390625,256.84494694076886,249.22365037531554,251.89983491458102,22404700
2022-07-22,252.45249938964844,257.27155493092874,251.20169974499134,257.18429190390975,21881300
2022-07-25,250.968994140625,253.55791590032757,249.01035473546938,253.07310152958124,21056000
2022-07-26,244.24948120117188,251.98712943704783,241.9902591873935,251.9677179235894,39348000
2022-07-27,260.5779724121094,261.8481834714514,250.98836124274186,253.22820087200702,45994000
2022-07-28,268.01507568359375,269.40163763919867,259.734438202384,261.55734491443076,33459300
2022-07-29,272.213623046875,273.4353649978129,268.22846224992406,269.26597233236413,32152800
2022-08-01,269.5664978027344,272.7371731572371,267.4623903988592,269.3822659732868,21539600
2022-08-02,266.473388671875,269.45015613104664,264.10749207919315,267.61754353157727,22754200
2022-08-03,273.8909912109375,274.8897074830674,268.208952240517,268.35442020276383,23518900
2022-08-04,275.0351867675781,275.18062516074315,271.6608976832657,273.2413676766203,18098700
2022-08-05,274.31768798828125,275.03520383289623,270.2161475022105,270.67187422288504,16774600
2022-08-08,271.8063049316406,277.2362311831434,270.8366763006836,275.4230007870511,18739200
2022-08-09,273.7261657714844,274.48247496169216,269.17860487436343,271.1469795107976,23405200
2022-08-10,280.37786865234375,281.00812145710677,278.22529152278446,279.4179456049466,24687800
2022-08-11,278.30291748046875,282.36566554098135,277.8084267898598,282.0166132887868,20065900
2022-08-12,283.0442810058594,283.0442810058594,278.22522580232317,279.71846209389213,22619700
2022-08-15,284.5569152832031,285.2453433252316,281.2989476986178,282.16193138302435,18085700
2022-08-16,283.8199768066406,285.10959940447333,281.59954863684186,283.12184303694977,18102900
2022-08-17,283.0718078613281,285.0443308942976,281.27418133685177,281.53652609959147,18253400
2022-08-18,281.9543762207031,283.64510179006146,280.89521149700556,281.9737992817374,17186200
2022-08-19,278.0481872558594,281.06042243303864,277.4748955705993,280.7203261035374,20570000
2022-08-22,269.88604736328125,274.4626845439324,269.3710544716456,274.0934387624706,25061100
2022-08-23,268.61309814453125,270.96456356636963,267.60253558165664,268.61309814453125,17527400
2022-08-24,267.9815368652344,269.38076836522134,267.32076724046834,267.61229110085856,18137000
2022-08-25,270.95489501953125,271.12006518473976,266.74747418276837,269.4779119694947,16583400
2022-08-26,260.49951171875,272.4026750674216,260.3926404040064,271.1783402052865,27549300
2022-08-29,257.7204895019531,259.8290331608574,256.3795570313367,258.32293054735436,20338500
2022-08-30,255.52450561523438,259.48897512489526,253.2799112455645,259.1197590113756,22767100
2022-08-31,254.06695556640625,259.54725384491036,253.93090517707998,257.8759809716696,24791800
2022-09-01,253.02725219726562,253.50339892265927,248.1785442591348,251.5405724888761,23263400
2022-09-02,248.81015014648438,257.2443854879001,247.26517150345208,254.2904786042123,22855400
2022-09-06,246.07969665527344,250.53000941495102,244.80678924426493,248.94618474623337,21328200
2022-09-07,250.7826690673828,251.501707885987,246.05055859753543,247.4886510615093,24126700
2022-09-08,251.2004852294922,253.05641075595742,247.57609726538706,250.21910163068787,20319900
2022-09-09,256.9723205566406,257.7205384807604,252.92040261166707,253.12444856663964,22084700
2022-09-12,259.1003112792969,259.8776786073918,257.65250725767163,258.254948403488,18747700
2022-09-13,244.8553466796875,253.0272208857183,244.46666308805916,251.51139194527525,33353300
2022-09-14,245.07884216308594,247.031927263813,242.78566075681428,246.35174947948744,23913000
2022-09-15,238.4325408935547,244.28208546979903,237.11104609083932,242.69824587426376,31530900
2022-09-16,237.81065368652344,238.3547959701018,235.2065251235573,237.34423330622892,39791800
2022-09-19,237.5968780517578,238.19931916772862,234.03078901134762,235.60491699915002,26826900
2022-09-20,235.58546447753906,236.6154501254237,232.85502690956756,235.21623357137693,26660300
2022-09-21,232.18455505371094,240.64795350193162,232.13596774895265,237.35393588330672,28625600
2022-09-22,234.15713500976562,236.95559838485832,230.8436935246027,231.1351877705354,31061200
2022-09-23,231.1837615966797,234.3028832870533,228.54077185815763,232.7578897399294,34176000
2022-09-26,230.72705078125,234.61379837015886,230.19262002242195,230.33838195306527,27694200
2022-09-27,229.71646118164062,234.95385201274482,227.8605359868217,233.18537506435922,27018700
2022-09-28,234.24456787109375,235.46888802626256,228.0840616627681,230.10517219200622,29029700
2022-09-29,230.77565002441406,233.15628008036532,227.77314091515188,232.1262942883284,27484200
2022-09-30,226.3058624267578,233.7295494002438,226.14067744074515,231.5432539781558,35694800
2022-10-03,233.92388916015625,234.76925194456734,228.01603154626426,228.74479665745017,28880400
2022-10-04,241.83346557617188,243.27155818629228,238.04387737585557,238.1507635390463,34888400
2022-10-05,242.14439392089844,243.48532670600565,237.18879918886907,239.0252869991492,20347100
2022-10-06,239.80259704589844,243.25208841301955,239.11270766853326,240.91031948888858,20239900
2022-10-07,227.6079559326172,234.4875013005094,226.56824378188696,234.0793797349826,37769600
2022-10-10,222.75921630859375,227.91887124753765,220.31056122973789,226.45162940250796,29743600
2022-10-11,219.02792358398438,222.5745744479787,217.7647277876426,221.17534309367792,30474000
2022-10-12,219.3583221435547,221.4085821373912,217.61900908089987,219.01822579092038,21903900
2022-10-13,227.6079559326172,229.41529424813774,212.92576556200996,213.62538135038992,42551800
2022-10-14,222.08872985839844,230.5229788868416,221.87495757893063,228.87109948608796,30198600
2022-10-17,230.80479431152344,232.19431432541026,228.4824631518074,229.1432179713051,28142300
2022-10-18,231.74732971191406,237.02358255454533,228.70594491704173,236.35313103627706,26329600
2022-10-19,229.7844696044922,232.82585375896926,227.65647333198348,230.32861179117225,19985700
2022-10-20,229.4638214111328,234.4777286286027,228.2200635500685,229.09459052619272,21811000
2022-10-21,235.26480102539062,236.11989014579166,227.86055242464258,228.09376259205115,26299700
2022-10-24,240.2495880126953,240.8228797300147,234.4680538752151,236.85839536600284,24911200
2022-10-25,243.56301879882812,243.9322497035884,238.8697697379953,240.2592747562869,34775500
2022-10-26,224.77061462402344,231.55298484742156,223.5462796746697,224.62485269698536,82543200
2022-10-27,220.3300018310547,227.07351120535486,219.38746436365162,224.49853205636384,40424600
2022-10-28,229.1918182373047,229.90116045442994,219.64985917874137,219.83448208931458,40647700
2022-10-31,225.55767822265625,228.26867807032616,224.605414413329,227.14151774097857,28357300
2022-11-01,221.7097625732422,229.065438341305,220.89354926680116,227.95771604634555,30592300
2022-11-02,213.86827087402344,224.75116008206982,213.80995721146994,222.96325992629187,38407000
2022-11-03,208.1839141845703,214.16950892795055,207.9215545752939,213.85856200928737,36633900
2022-11-04,215.12176513671875,215.31609955402047,207.3871307832787,211.39049094816932,36789100
2022-11-07,221.41827392578125,221.9429931186714,215.01486125373305,215.7047654290473,33498000
2022-11-08,222.3899688720703,225.091257180639,219.44575884635148,222.22478388362,28192500
2022-11-09,218.15342712402344,222.1567873542891,217.97853059362552,220.93245233444006,27852900
2022-11-10,236.1004638671875,236.44056019136823,228.34640704745314,228.7642252711611,46268000
2022-11-11,240.11355590820312,240.96864514419838,235.0802099419117,236.11021053379952,34620200
2022-11-14,234.71096801757812,237.0041496395175,232.43722428466577,235.13851261558185,31123300
2022-11-15,235.1190948486328,240.00667907027895,233.2340197743407,238.7046221025726,31390100
2022-11-16,235.54782104492188,237.5648885308963,234.271326294768,236.58070947272424,24093300
2022-11-17,235.4990997314453,237.02895459171626,231.55268915517976,231.69884700298584,23123500
2022-11-18,235.05087280273438,237.50642872973486,232.91687900998218,237.28230020466626,27613500
2022-11-21,235.85963439941406,238.41262379283273,235.02162809086872,235.2554806346632,26394700
2022-11-22,238.76341247558594,239.03625034999712,234.5539032214211,237.36023776801466,19665700
2022-11-23,241.24818420410156,241.93027884608753,238.0228392859944,238.84135285637757,19508500
2022-11-25,241.16049194335938,242.33953807886874,240.4199192943966,240.98508768019255,9200800
2022-11-28,235.57701110839844,240.34194933932935,234.64157132176942,239.786534753871,24778200
2022-11-29,234.18359375,236.58067124825368,232.1178172281639,235.2262209095606,17956300
2022-11-30,248.61483764648438,248.79998080802568,233.72562221636355,234.41747063024718,47594200
2022-12-01,248.1763916015625,249.56981269736582,244.50280391577542,247.37735568786078,26041500
2022-12-02,248.4979248046875,249.51132049555534,243.304236576186,243.43091661325036,21528500
2022-12-05,243.8011932373047,247.32862273354516,241.7159238084992,245.5649005511503,23435300
2022-12-06,238.85108947753906,245.41872038156708,237.5453633369683,244.40532476150193,22463700
2022-12-07,238.1202850341797,239.8645144954358,236.0155378698541,238.56852717524598,20481500
2022-12-08,241.0727996826172,242.37854081110692,236.84379768747013,238.57827343420877,22611800
2022-12-09,239.1434326171875,241.9595208718469,237.91566220853431,238.44184527837177,20609700
2022-12-12,246.05210876464844,246.0813403319802,240.84868161991452,241.12151949404333,30665100
2022-12-13,250.34934997558594,257.1703267708484,246.59780679077178,254.9973477435735,42196900
2022-12-14,250.64169311523438,255.87435255775398,247.80611173983112,250.55399840099744,35410900
2022-12-15,242.6416015625,247.69887047650548,241.01431334412206,247.23115056709423,35560400
2022-12-16,238.43209838867188,243.45038209121776,237.2822689508212,242.1933801579508,86102000
2022-12-19,234.30055236816406,238.93882615281237,232.60506192023936,238.59777136210013,29696400
2022-12-20,235.6160125732422,236.69762512272143,232.32245069187238,233.27738320943791,25150800
2022-12-21,238.1787567138672,239.33832514030232,233.9692473656318,235.5088410448142,23690600
2022-12-22,232.09837341308594,235.80119266762082,227.8888488200861,235.08985146621117,28651700
2022-12-23,232.62454223632812,232.76096118037862,227.9570517012324,230.07155276829016,21207000
2022-12-27,230.8998260498047,232.81943021522733,229.79872070086748,232.59531655901404,16688600
2022-12-28,228.53196716308594,233.58923690976746,228.1811734561326,230.83161149343562,17457100
2022-12-29,234.84625244140625,235.73298309418124,229.6233318774667,229.6233318774667,19770700
2022-12-30,233.68667602539062,233.82309496882053,230.60748859534408,232.11785074167162,21938500
2023-01-03,233.45281982421875,239.46502226115788,231.32856489611547,236.86330844238375,25740000
2023-01-04,223.24082946777344,226.9144019342719,220.18113479471134,226.3394946084548,50623400
2023-01-05,216.62445068359375,221.7304437743296,216.08851388241624,221.3893890276127,39585600
2023-01-06,219.17742919921875,219.98620381125295,213.74015026044154,217.29679590519297,43613600
2023-01-09,221.3114471435547,225.3260890868295,220.6196135764492,220.65858404237193,27369800
2023-01-10,222.99722290039062,225.39430067277652,221.516092367223,221.93508808498302,27033900
2023-01-11,229.74024963378906,229.91563904515138,225.1994243157805,225.37481372714282,28669300
2023-01-12,232.41014099121094,233.76459137721616,227.58673939319505,229.2432592016942,27269500
2023-01-13,233.1117401123047,233.24815904771603,228.91196981298216,230.93877604519966,21333300
2023-01-17,234.20310974121094,234.74878549049157,231.02647397875015,231.8839729382192,29831300
2023-01-18,229.77923583984375,236.1812174269308,229.4966590348899,235.3919352846435,30028700
2023-01-19,225.99844360351562,229.49664158993286,224.78041202749904,227.80113628343994,28623000
2023-01-20,234.07644653320312,234.583151851916,228.51247153332469,228.85352633542087,35389800
2023-01-23,236.37606811523438,238.89982582882288,233.52099453170575,234.93392297440502,31934000
2023-01-24,235.8498992919922,237.7110552325449,234.29082769199107,236.2981414839797,40234400
2023-01-25,234.45645141601562,237.07765762154605,224.9947760426561,228.48322009420318,66526600
2023-01-26,241.65744018554688,241.95950960681114,235.8108892133159,237.41868478326023,33454500
2023-01-27,241.81336975097656,243.44065810829167,240.51738240492458,242.62214447980068,26498900
2023-01-30,236.50271606445312,239.31880393132977,236.00574976123883,238.25666930141972,25867400
2023-01-31,241.47232055664062,241.60873949787776,236.73661321290928,237.22382584140612,26541100
2023-02-01,246.28598022460938,248.65382642873757,239.19216564342997,241.65746031930018,31259900
2023-02-02,257.8329162597656,257.92061096012765,250.6708850258921,252.20073974099043,39940400
2023-02-03,251.74278259277344,257.4431765540325,250.52475096588475,252.9023510805395,29077300
2023-02-06,250.2032012939453,251.69407097862455,248.26410424799806,250.8560794015973,22518000
2023-02-07,260.71722412109375,261.8962703770989,253.42851236094478,253.8670156294018,50841400
2023-02-08,259.9084167480469,269.68189927846043,259.40169666602293,266.21294831317726,54686000
2023-02-09,256.8779602050781,266.97302049431784,256.07892442365,266.7976013623995,42375100
2023-02-10,256.3713073730469,257.3359789229723,253.99370721574917,254.8414524853322,25818500
2023-02-13,264.3810729980469,267.5771867135627,260.3177065131593,260.7951951195851,44630900
2023-02-14,265.2093505859375,267.9377295681392,262.39324715689656,265.69656324255214,37047900
2023-02-15,263.08953857421875,264.46692310846817,260.02216525434795,262.112672647368,28922400
2023-02-16,256.08538818359375,260.569199060256,255.8411717100615,257.91212263576193,29603600
2023-02-17,252.0900115966797,254.0730481798603,250.07767022898236,253.3892599372768,30000100
2023-02-21,246.82469177246094,249.57946061577636,245.7696748690076,248.59281657060217,28397400
2023-02-22,245.69151306152344,248.45604507625342,244.54858185924243,248.21182862519024,22491100
2023-02-23,248.8761444091797,250.89824919216971,244.68538110016482,249.64786195781076,29219100
2023-02-24,243.45452880859375,245.19334897539824,242.36044373441328,244.17741496448653,24990900
2023-02-27,244.37277221679688,246.9712390360351,243.62058131527203,246.61956672286158,21190000
2023-02-28,243.64990234375,245.6720220057633,242.97586245641222,243.30800820629165,22491000
2023-03-01,240.57275390625,245.12493737930367,240.10384757221487,244.95887197567075,27565300
2023-03-02,245.30081176757812,245.58409633737872,239.9280489885474,240.8463053757084,24808200
2023-03-03,249.38412475585938,249.70649233770646,245.5743531627447,246.35584897578673,30760100
2023-03-06,250.9275360107422,254.10235014838744,250.05812596620328,250.49771263487295,24109800
2023-03-07,248.27044677734375,251.7285601912726,247.5280341065123,250.37070236682902,21473200
2023-03-08,247.83084106445312,248.65140472789284,245.00769960592783,248.16297184644702,17340200
2023-03-09,246.48281860351562,253.55531839675493,245.75993244925678,249.90184935839267,26653400
2023-03-10,242.83909606933594,246.94192996221227,241.87200834587694,245.27149758216976,28333900
2023-03-13,248.0457763671875,251.94347649871762,240.04524262160942,241.67660681243697,33339700
2023-03-14,254.7568359375,255.03035716432163,249.94087987551168,250.81028982629238,33620300
2023-03-15,259.2992858886719,260.3152347680269,253.21340062279128,253.96560644232494,46028000
2023-03-16,269.8104553222656,270.1621128433436,257.18933094992553,259.07467555386006,54768800
2023-03-17,272.9656066894531,276.7753773938965,269.9275683237235,271.8226903839095,69527400
2023-03-20,265.9322204589844,271.0607665452562,263.607274796688,270.57233358465885,43466600
2023-03-21,267.4463195800781,268.6380970576698,263.2848617004978,268.5208779306245,34558700
2023-03-22,265.9908142089844,274.5383905110529,265.8833434620223,267.0751210074597,34873300
2023-03-23,271.2366027832031,274.55794104511676,268.83352089762093,271.51012405626466,36610900
2023-03-24,274.0793151855469,274.13792476370173,268.91168542659534,270.8263345400217,28172000
2023-03-27,269.9861755371094,274.94864070171997,269.14605544409125,274.0108578776161,26840200
2023-03-28,268.8627624511719,269.7517138324497,265.75630680935643,269.40980486863884,21878600
2023-03-29,274.02069091796875,274.63612126718954,271.96926635776106,272.5065307325749,25087000
2023-03-30,277.478759765625,277.8792783804837,274.9682369436602,277.65461829253616,25053400
2023-03-31,281.6304016113281,282.57796264121714,276.45302473352956,277.1661475082968,32766000
2023-04-03,280.585205078125,281.60112415662576,277.3810860970175,279.89160882011697,24883300
2023-04-04,280.5362854003906,283.7306553282403,279.06123846090213,280.58514657248026,25824300
2023-04-05,277.7620544433594,280.5070453166388,276.3749215198196,279.2371315346284,22064800
2023-04-06,284.8540954589844,285.3229720001434,275.50548186907776,276.65817644820123,29770300
2023-04-10,282.6952209472656,282.9003544272942,278.12346613985693,282.51936243851856,23103000
2023-04-11,276.28692626953125,279.3640772236538,275.1244834565677,279.1393873695439,27276600
2023-04-12,276.93170166015625,280.37028867291156,275.43709804068334,278.20164520430563,27403400
2023-04-13,283.13482666015625,283.1934362329106,276.61914739244156,277.02941440172174,24222700
2023-04-14,279.52044677734375,281.80630960092736,277.12711319357106,280.36053721344047,20987900
2023-04-17,282.11883544921875,284.85407761818396,279.5399251996228,283.2226985900286,23836200
2023-04-18,281.6988525390625,285.0104426931192,280.3703290467019,284.8248357623357,20161800
2023-04-19,281.7769775390625,282.363073223057,277.9574283365994,279.3738659883608,17150300
2023-04-20,279.4911193847656,282.3435812467073,278.4849485884654,278.6510289270091,23244400
2023-04-21,279.1492004394531,279.6473817610795,276.511650666874,278.41655103724565,21676400
2023-04-24,275.2514953613281,278.35795159650013,272.27206627525993,275.564099605755,26611000
2023-04-25,269.0484619140625,275.0854869775857,268.99960072437375,273.0438405005658,45772200
2023-04-26,288.5368347167969,292.6396828327942,285.9579246128152,289.83608287187946,64599200
2023-04-27,297.77801513671875,298.13948055653924,288.419653058881,289.1229976897944,46462600
2023-04-28,300.15185546875,301.78320498757233,296.2932228599409,296.9770409817703,36469600
2023-05-01,298.49114990234375,301.460830664017,298.0906312953761,299.8685344351108,21294100
2023-05-02,298.3446350097656,302.0274089293755,296.87933607669675,300.6402759672235,26404400
2023-05-03,297.3580017089844,301.47059918400157,297.05517563669,299.5266454015473,22360800
2023-05-04,298.3446350097656,300.6402759672235,296.38112489974674,299.15542063563385,22519900
2023-05-05,303.4634704589844,304.7529409611862,297.23105950993187,298.6475273843855,28197100
2023-05-08,301.5096435546875,303.02380353381574,299.00886932285215,302.95541576842186,21318600
2023-05-09,299.8978576660156,302.8675386103428,299.22381775082977,300.8747236518984,21340800
2023-05-10,305.0849914550781,305.75903132119197,300.55234911259487,301.4803538446717,30078000
2023-05-11,302.93585205078125,303.922496091225,299.17494240713177,302.92610366423224,31680200
2023-05-12,301.822265625,303.4633932219653,299.50709815578426,303.36570066728314,19774700
2023-05-15,302.3008728027344,302.7306961264119,300.47413858289354,301.94921543513135,16336500
2023-05-16,304.5282287597656,306.45265617103314,302.66241092962605,302.66241092962605,26730300
2023-05-17,307.4064636230469,307.8274270875237,304.2149092490743,305.7323794637119,24315000
2023-05-18,311.8315124511719,312.3406122958503,307.1323177228801,307.9253064598199,27276000
2023-05-19,311.6552429199219,312.0566370029234,309.7266093330222,310.08883500196976,27546700
2023-05-22,314.4356384277344,315.8160338813464,311.33222095812204,311.90982815472574,24115700
2023-05-23,308.6399841308594,315.94332604860966,308.63018455651456,313.3098099504378,30797200
2023-05-24,307.25958251953125,309.8539301457172,306.0456005180939,308.1211084957931,23384900
2023-05-25,319.07611083984375,320.03551297467794,313.28041010709336,316.4523646988683,43301700
2023-05-26,325.8997802734375,326.39905065575283,317.0789683726066,317.2160130284429,36630600
2023-05-30,324.25506591796875,328.6899413465032,323.5795525189351,328.19067091699185,29503100
2023-05-31,321.4942626953125,328.88571082280095,320.4564937937518,325.31236192591416,45950600
2023-06-01,325.59625244140625,326.5263156649062,317.9013162515011,319.08589950715634,26773900
2023-06-02,328.3570556640625,330.41296452982044,325.56689576601605,327.2312100565703,25873800
2023-06-05,328.8857116699219,331.4506903935802,327.6325911531441,328.18082951193753,21307100
2023-06-06,326.67315673828125,328.32767137670015,325.19488504565373,328.2885029579965,20396200
2023-06-07,316.5895080566406,327.4662003191764,315.72798196124086,324.6858396601391,40717100
2023-06-08,318.429931640625,319.78095804197807,316.5600358117554,317.1376429196138,23277700
2023-06-09,319.9278869628906,323.06067362544843,317.59785876983193,318.16566645574613,22529000
2023-06-12,324.881591796875,325.1263421252022,318.3320706206992,321.6802383812358,24260300
2023-06-13,327.2704162597656,329.9039326564141,323.45231642642443,327.44662935743804,22951300
2023-06-14,330.25628662109375,331.9206007397858,325.8214120391003,327.319282795224,26003800
2023-06-15,340.7904052734375,342.4938582086499,330.1192956143464,330.393414820895,38899100
2023-06-16,335.1415100097656,344.08959644957883,334.76951460321436,343.9427522263679,46552000
2023-06-20,330.95135498046875,334.89672875576605,328.8073398893107,332.18490609503823,26375400
2023-06-21,326.5556945800781,330.6381434386612,325.0969920993696,329.30668603957923,25117800
2023-06-22,332.5765075683594,332.9779016676336,326.3402743618307,327.10389414473735,23556800
2023-06-23,327.9850158691406,330.86328217867896,326.44800648245837,327.33887140406574,23146900
2023-06-26,321.6998596191406,329.0521396707675,321.59215393137123,326.7123419071995,21520600
2023-06-27,327.54449462890625,329.0913036434743,322.38513830210024,324.8913794122553,24354100
2023-06-28,328.7976379394531,330.88291577640626,326.80046664644476,327.6326238415943,20259500
2023-06-29,328.0143737792969,329.052112767679,325.6354077895199,327.6815169223393,16997000
2023-06-30,333.3891296386719,335.5331449952425,330.11926869973666,330.65770749403055,26832800
2023-07-03,330.8927001953125,333.7415980832822,329.5025348266666,332.06751392034784,12508700
2023-07-05,331.04925537109375,334.47575962870883,327.7010879417734,328.05351403886135,18172400
2023-07-06,334.103759765625,335.78764318092107,328.4549330731704,330.21712344596347,28161200
2023-07-07,330.13885498046875,334.61289857162126,329.92347347630437,332.19476390626494,21214800
2023-07-10,324.8619384765625,328.1905662881405,320.7109831608928,327.5737907833275,32791400
2023-07-11,325.48858642578125,325.8703814238738,320.1334477409768,324.10819090994494,26698200
2023-07-12,330.1192626953125,334.4758007177013,328.62139184518895,329.53185591792584,29995300
2023-07-13,335.464599609375,336.52190790090776,331.9010204242932,332.42968950843436,20567200
2023-07-14,337.99041748046875,344.0504382444472,337.07995339278386,340.29107663490123,28352700
2023-07-17,338.4701843261719,339.70370584522345,335.01431037964596,338.42121632729265,20363900
2023-07-18,351.9411926269531,359.0781209733801,334.98491162000175,338.56803033946636,64738600
2023-07-19,347.62384033203125,354.84887620014064,345.039291901566,354.15379349891674,39732900
2023-07-20,339.58624267578125,350.4531652099648,338.1177404381011,346.1455646214541,33778400
2023-07-21,336.5513000488281,342.944177986763,332.69403214811535,341.8183323536975,69405400
2023-07-24,337.8631896972656,339.63520987985777,335.1219974773937,338.5876711156817,26678100
2023-07-25,343.6098937988281,344.5007885845888,337.8239924166346,339.82113359671973,41637700
2023-07-26,330.6772766113281,337.43240985586726,326.11512671611416,334.2702247265649,58383700
2023-07-27,323.77532958984375,334.1625196341891,322.1403841798644,333.33039238314757,39635300
2023-07-28,331.2646789550781,332.8702554950669,326.1738899082172,326.66339057868936,28484900
2023-07-31,328.8661193847656,330.6087404482853,326.3598486498491,329.8451206536362,25446000
2023-08-01,329.27734375,331.431158888361,326.69279546072005,328.151498059074,18311900
2023-08-02,320.6229553222656,326.6242386250664,319.5068793964864,326.6242386250664,27761300
2023-08-03,319.8005676269531,322.9529530019484,319.10548507078215,319.1544231849884,18253700
2023-08-04,320.8970947265625,328.10256094885904,320.3684255770162,324.91100665492644,23741500
2023-08-07,323.17816162109375,324.15716309321493,320.64255139351025,321.47470862016405,17741500
2023-08-08,319.20343017578125,321.8467462017524,316.2174875229385,320.0943251345085,22327600
2023-08-09,315.4636535644531,320.2411556284152,314.30840912670357,319.61461022525367,22373300
2023-08-10,316.14892578125,321.3670201533067,314.4356732724542,319.1740366258562,20113700
2023-08-11,314.2692565917969,315.63985260966695,312.5070361030333,313.53500552400016,24355500
2023-08-14,317.23565673828125,317.2552260127922,313.3587892587537,314.6413087197182,18836100
2023-08-15,315.1013488769531,318.26353387975075,314.1615159801267,316.2174247167932,16966300
2023-08-16,314.3360900878906,318.28002655980686,313.74743972521645,314.7285136830064,20698900
2023-08-17,310.88275146484375,315.77830142047725,310.2254186741254,314.47348610040007,21257200
2023-08-18,310.4903259277344,312.3543606335649,305.65360810986385,308.53796821025577,24755000
2023-08-21,315.7882080078125,316.661348586836,311.0398118753366,311.91295245436015,24040000
2023-08-22,316.3572082519531,319.9086924034953,315.3761339585984,319.3396824869546,16084600
2023-08-23,320.811279296875,322.96965461983046,317.3382680735776,317.69147037188395,21166400
2023-08-24,313.9142761230469,326.67805954758404,313.9044558013969,326.5505151261544,23281400
2023-08-25,316.8673400878906,319.20227141780845,312.76642738205277,315.38590853898717,21684100
2023-08-28,317.5736999511719,319.97731354583135,315.63116244372804,319.49659681490056,14808500
2023-08-29,322.1945495605469,322.7537689845137,315.7881368695037,315.7881368695037,19284600
2023-08-30,322.5673828125,323.5680676815254,320.2716728612012,322.4496587032038,15222100
2023-08-31,321.556884765625,324.6472624633452,320.5954212849975,322.9696339885842,26411000
2023-09-01,322.4398193359375,325.7067829359754,320.5953952258838,325.0396597293619,14942000
2023-09-05,327.2373046875,328.512719178751,322.4398671653608,322.7734288181467,18553900
2023-09-06,326.58001708984375,328.13010130698945,323.9311045093916,327.07055423881553,17535800
2023-09-07,323.6661682128906,326.77615642313435,322.8028181923794,325.02005529596454,18381000
2023-09-08,327.9436340332031,329.79787848396427,323.2246699296337,323.8427514132207,19530100
2023-09-11,331.5442199707031,332.01514636855427,329.0817141298704,330.8574560496714,16583300
2023-09-12,325.490966796875,330.41597829482106,325.2064768442106,329.46433515175244,17565500
2023-09-13,329.6997375488281,330.4747944190724,324.9023010902351,325.03963588622577,16544400
2023-09-14,332.289794921875,334.4088885367708,330.2001023910707,332.7312602833099,20267000
2023-09-15,323.9703063964844,331.0144115945299,323.4110869464427,330.54351516502703,37679800
2023-09-18,322.8322448730469,324.14688059021836,320.1833327948617,321.59608191122635,16834200
2023-09-19,322.42999267578125,323.15600785929996,318.36836152476627,319.9969481018416,16505900
2023-09-20,314.6991882324219,323.35227062853517,314.44412927703394,323.2737978591876,21436500
2023-09-21,313.482666015625,319.1925255568155,309.0384006890308,313.2177867362956,35560400
2023-09-22,311.01031494140625,315.36628640951005,310.16657563325697,315.23874198409163,21447900
2023-09-25,311.5303039550781,311.6578483890655,309.0383671510389,310.59827150671464,17836000
2023-09-26,306.2324523925781,309.90165956772006,304.152550365276,309.1658540685337,26297600
2023-09-27,306.87017822265625,308.3515797645924,303.82884250383796,306.3894315511619,19410100
2023-09-28,307.7041015625,309.5092743516403,303.5933986019012,305.10423119085175,19683600
2023-09-29,309.77410888671875,313.42370528640464,309.01869270124683,311.7362568448294,24147300
2023-10-02,315.70965576171875,315.7979787841784,309.21494955018176,310.294137124608,20570000
2023-10-03,307.4588928222656,315.3074873135017,305.32012806899473,314.7580581543042,21033500
2023-10-04,312.92340087890625,313.9829777218184,308.0572815033295,308.0867125300766,20720100
2023-10-05,313.3158874511719,313.9241786927475,308.94030426959654,313.0510081572693,16965600
2023-10-06,321.06640625,322.95987258872464,310.31380965348364,310.5590782447178,25673600
2023-10-09,323.57781982421875,324.04871616218304,317.063474375702,318.60376767446286,19891200
2023-10-10,322.1749572753906,324.8336598616772,321.4685826836827,324.69629510828605,20557100
2023-10-11,326.1286926269531,326.5211163115986,322.9107705088474,324.94157131039,20063200
2023-10-12,324.89251708984375,327.3157714229003,322.4986937835042,324.313686937738,19313100
2023-10-13,321.52740478515625,327.51193245626143,320.18330820544537,326.0893930672297,21072400
2023-10-16,326.344482421875,329.7782415554048,324.3430830008452,324.7845483540111,22158000
2023-10-17,325.7754821777344,327.1489800095309,321.2134933356926,323.3522278123477,18338500
2023-10-18,323.8623962402344,329.23869374170175,322.0866542980727,326.1973576731345,23153600
2023-10-19,325.04949951171875,330.5042694735543,324.6472555112947,325.86377789501114,25052100
2023-10-20,320.48748779296875,325.63812679181063,319.2905761994472,325.441899996805,25027700
2023-10-23,323.0873718261719,326.432838535165,318.2506830695963,319.3102300618242,24374700
2023-10-24,324.2744445800781,325.5596493490343,321.3999044443215,325.02986091343166,31153600
2023-10-25,334.2225646972656,339.64790388750646,331.2302703891526,338.4902135639039,55053800
2023-10-26,321.6844177246094,335.1643669777935,320.75238530520863,334.0949997460641,37828500
2023-10-27,323.56805419921875,330.3472799837888,322.1847360926127,324.1763153652428,29856500
2023-10-30,330.9261169433594,333.02562998161824,325.54981985866505,327.09993377177346,22828100
2023-10-31,331.71099853515625,332.5841689842252,328.3557413843758,332.4370138355085,20265300
2023-11-01,339.5203552246094,340.84481138122624,333.22184569359115,333.3592104526516,28158800
2023-11-02,341.7276916503906,342.2280190147686,338.2448611006927,340.66811499876366,24348100
2023-11-03,346.1229553222656,347.6828896003234,340.75647841286957,343.01296696867126,23637700
2023-11-06,349.7823791503906,350.7732736613575,346.66257041725754,346.7606838240873,23828300
2023-11-07,353.7066650390625,355.6001309786841,350.86155596843827,352.59804644995546,25833900
2023-11-08,356.326171875,356.9834748418886,353.72630121668095,354.83491988562287,26767800
2023-11-09,353.8636169433594,357.88602671202375,353.53984572631765,355.4431318616368,24847300
2023-11-10,362.67364501953125,363.0954996612191,354.23640248576015,354.6484368064775,28042100
2023-11-13,359.74029541015625,361.49642668428953,358.97505869997684,361.2511581241037,19986500
2023-11-14,363.2623291015625,364.9105564931209,360.39760923672634,363.98834436046604,27683900
2023-11-15,363.4097900390625,366.8111878331865,360.89311508068755,364.99251089097083,26860100
2023-11-16,369.7997131347656,369.97665770103697,363.91113117269197,364.6779209606421,27182300
2023-11-17,363.58673095703125,368.03017560302834,360.7849886688486,367.2830363259732,40157000
2023-11-20,371.04815673828125,372.4539328697612,364.7172140193924,364.9334895781409,52465100
2023-11-21,366.752197265625,369.8488471174716,364.8352078331243,369.30817317536815,28423100
2023-11-22,371.4512939453125,373.3584433577172,368.6200605907828,371.598747765699,23345300
2023-11-24,371.0383605957031,371.56922430315524,368.7871624674301,370.9400480571713,10176600
2023-11-27,372.1983642578125,374.1940157538783,369.8292031236525,370.39936783626126,22179200
2023-11-28,376.2191467285156,376.51405435302496,371.75602133936184,371.9428061684763,20453100
2023-11-29,372.434326171875,377.792014506202,371.0482003824139,377.2611808001932,28963400
2023-11-30,372.4933166503906,373.6533266294802,369.1115692531181,372.0804159794598,30554400
2023-12-01,368.1678466796875,371.75602952719976,365.0220252786822,370.37974391455106,33040500
2023-12-04,362.88873291015625,363.26227251698964,356.7543851446723,362.84940189862635,32063300
2023-12-05,366.21148681640625,366.76200100247496,359.4283420231669,360.24430304947185,23065000
2023-12-06,362.5545349121094,367.84343196383037,361.79758529719794,367.214285660699,21182100
2023-12-07,364.6680603027344,365.1595929193976,360.11646347231,361.9941216680558,23118900
2023-12-08,367.892578125,368.11866396815253,361.99418568198814,362.94776032697274,20154400
2023-12-11,365.01214599609375,365.3070835963392,359.90022426700926,362.23992455873395,27708800
2023-12-12,368.0400085449219,368.079339558926,364.1863791933993,364.5697890781994,24838300
2023-12-13,368.03021240234375,371.2448556652715,364.49117073712733,369.65226441534134,30955500
2023-12-14,359.7331237792969,367.430542857679,357.9636180145618,366.98815141610726,43277500
2023-12-15,364.45184326171875,366.09354566450713,360.0771902707865,360.6375447439286,78502300
2023-12-18,366.33929443359375,366.68337330414107,362.4365238179664,363.1935033333252,21802900
2023-12-19,366.93896484375,366.93896484375,363.5768683048988,365.1989200557806,20603700
2023-12-20,364.3437194824219,369.66210727216645,364.2552471902659,368.649551038678,26316700
2023-12-21,367.2142333984375,368.06949543921024,363.77350472816454,366.25081857048275,17708000
2023-12-22,368.23663330078125,368.8264785553031,366.3983057581292,367.35188041938636,17107500
2023-12-26,368.3152770996094,370.5566649551992,367.1749176642006,368.649515727109,12673100
2023-12-27,367.73529052734375,368.7085156973093,366.4966184922779,367.3617208659254,14905400
2023-12-28,368.92474365234375,370.08475350322914,367.82371531924764,369.0132159290277,14327000
2023-12-29,369.67193603515625,370.77296452657316,367.1552909116957,369.6326050173838,18730800
