Date,close,high,low,open,volume,rsi_14,macd,macd_signal,macd_diff,bb_bbm,bb_bbh,bb_bbl,bb_bbhi,bb_bbli,ema_10,ema_50,atr,volume_change_pct,next_close,target
2019-03-14,107.42847442626952,108.00035187686242,107.18472877550404,107.38160356385194,30763400,70.56686641748624,1.8862615542335703,1.7736451245814384,0.11261642965213192,104.16947135925292,108.46016848886725,99.8787742296386,0.0,0.0,105.5997014547361,101.1542595298266,1.593890725776533,-0.1337620868507453,108.66596221923828,1
2019-03-15,108.66596221923828,109.92221264479788,107.4284515515584,108.13157871133323,54681100,73.7938254393815,2.0151511268445006,1.821946325034051,0.19320480181044952,104.61312599182129,108.83633821580483,100.38991376783775,0.0,0.0,106.15720341191832,101.44883610588197,1.658167180595315,0.7774725810541097,110.22222137451172,1
2019-03-18,110.22222137451172,110.25972235076316,108.79722003985614,108.9097158160306,31207600,77.18196214053026,2.2173143300020115,1.9010199260276432,0.31629440397436825,105.07298164367675,109.62350564332442,100.52245764402909,1.0,0.0,106.89629758693529,101.79289043014197,1.6535666770902837,-0.4292799523052755,110.29721069335938,1
2019-03-19,110.29721069335938,111.03783879618774,109.67845538495376,110.7097070797174,37588700,77.3340287285884,2.356417818537736,1.992099504529662,0.3643183140080739,105.53892059326172,110.2233968969251,100.85444428959835,1.0,0.0,107.51464542446695,102.12639318556226,1.6325535866719763,0.20447262846229775,110.17534637451172,0
2019-03-20,110.17534637451172,111.32847817984664,109.41597125427904,110.05347356280156,28113300,76.44246573745826,2.428826898724168,2.079444983368563,0.3493819153556048,106.02501640319824,110.51121835379998,101.5388144525965,0.0,0.0,107.99840923356598,102.44203840865833,1.6525502537359493,-0.2520810775578831,112.7065887451172,1
2019-03-21,112.7065887451172,113.26908899951594,109.77220037782938,109.81907837927044,29854400,81.2720830664945,2.6598011888476236,2.1955162244643756,0.46428496438324807,106.53173561096192,111.59565212171594,101.46781910020789,1.0,0.0,108.85444187202984,102.84456979440182,1.7842887085895647,0.06193154129895806,109.73470306396484,0
2019-03-22,109.73470306396484,112.11595382664105,109.7253260334596,112.0315820098295,33624500,64.54168603516614,2.57337932547523,2.2710888446665463,0.3022904808086837,106.81673469543458,111.92781448319745,101.7056549076717,0.0,0.0,109.01448936147256,103.11477109909056,1.8697868516658533,0.12628289297389994,110.3065948486328,1
2019-03-25,110.3065948486328,110.634719433716,109.05033724099783,109.27533593468635,27067100,65.9924816653176,2.521964625308243,2.3212640007948857,0.20070062451335735,107.10126762390136,112.32299364998046,101.87954159782227,0.0,0.0,109.24941763186531,103.39680340299418,1.8494008045981614,-0.19501851328644293,110.54097747802734,1
2019-03-26,110.54097747802734,111.29097555469096,109.54721947639258,111.20660372150554,26097700,66.59571670940753,2.4716393050116494,2.351339061638239,0.12030024337341061,107.36142539978027,112.72240171688478,102.00044908267577,0.0,0.0,109.48424669480386,103.67696709221117,1.8418547527196052,-0.03581469754794564,109.47220611572266,0
2019-03-27,109.47220611572266,110.82221252665568,108.30032753750416,110.512834865387,22733400,61.25954880968336,2.318785691204994,2.34482838755159,-0.026042696346596284,107.57704963684083,112.91330963325268,102.24078964042897,0.0,0.0,109.48205749860728,103.90423136764299,1.8904283410361702,-0.12891174318043352,109.62222290039062,1
2019-03-28,109.62222290039062,110.23160126325322,108.87221766108588,110.1003514192619,18334800,61.72316536159641,2.1845708291225066,2.3127768758657736,-0.12820604674326708,107.80673866271972,113.07950923457274,102.53396809086671,0.0,0.0,109.50754211711333,104.12846632971153,1.852496573974111,-0.19348623611074456,110.56909942626952,1
2019-03-29,110.56909942626952,110.92534796980976,109.65034339466185,110.69097223397492,25399800,64.60257901535388,2.1300556505909896,2.276232630810817,-0.1461769802198276,108.06033363342286,113.35223324591485,102.76843402093087,0.0,0.0,109.7005525369599,104.38104017663538,1.8132557522201844,0.3853328097388573,111.58159637451172,1
2019-04-01,111.58159637451172,111.66597535815288,110.71909538940078,111.51597145504849,22789100,67.42449606091093,2.143839177235563,2.2497539400957662,-0.1059147628602033,108.37720947265625,113.7153890508921,103.0390298944204,0.0,0.0,110.04256050742387,104.66341492949329,1.7620857650532684,-0.10278427389192046,111.74095916748048,1
2019-04-02,111.74095916748048,112.01283583328056,111.11282686593889,111.6190792278516,18142300,67.85881858344962,2.142919722310893,2.2283870965387917,-0.08546737422789885,108.72830390930176,113.980889763261,103.47571805534251,0.0,0.0,110.3513602637978,104.94096568392415,1.7005088509310118,-0.2039044982030883,112.47222900390624,1
2019-04-03,112.47222900390624,112.90347949856296,111.70347687819996,112.36910310816444,22860700,69.84558807359055,2.176113529793497,2.217932383189733,-0.04181885339623603,109.11361846923828,114.27686501642087,103.95037192205568,0.0,0.0,110.73697276199933,105.23630934353129,1.664758405890439,0.260077277963654,111.90033721923828,0
2019-04-04,111.90033721923828,112.71596724794448,110.981581308078,112.59408730363754,20112800,66.38934021237648,2.1317000624654128,2.200685919044869,-0.06898585657945633,109.53408775329589,114.13650242672925,104.93167307986253,0.0,0.0,110.9484935724064,105.4976437700296,1.6697318011744413,-0.1202019185764216,112.39722442626952,1
2019-04-05,112.39722442626952,112.71597913818316,111.90972605535296,111.92847296660452,15826200,67.8766956154337,2.112248034065942,2.1829983420490837,-0.07075030798314152,109.97377700805664,113.84855525244755,106.09899876366573,0.0,0.0,111.21189918219969,105.7682155604704,1.6087253810151867,-0.21312795831510278,112.43473052978516,1
2019-04-08,112.43473052978516,112.51910236313503,111.225350850377,112.32222759940534,15116200,67.99183589996257,2.075928578089645,2.161584389257196,-0.08565581116755139,110.30659141540528,113.80829623562026,106.8048865951903,0.0,0.0,111.43423215448794,106.02964752005137,1.5862272475682473,-0.04486231691751652,111.82535552978516,0
2019-04-09,111.82535552978516,112.06910830996648,111.1691062976588,111.215977155622,17612000,63.97934340847254,1.9752047470188785,2.124308460809533,-0.14910371379065435,110.57190475463867,113.66587721210396,107.47793229717337,0.0,0.0,111.50534549545107,106.25693018709975,1.5633270321795407,0.16510763287069508,112.67847442626952,1
2019-04-10,112.67847442626952,112.82847116904648,112.0690961183983,112.2753478982236,16477200,66.92241527460496,1.9418356774149714,2.0878139041306207,-0.1459782267156493,110.83862571716308,113.68323990114216,107.99401153318401,0.0,0.0,111.71864166469078,106.50875545138092,1.5233119326853823,-0.06443334090392916,112.80973052978516,1
2019-04-11,112.80973052978516,113.29722891163571,112.42535089100043,113.00660528895057,14209100,67.36422753965581,1.9040332103143953,2.051057765367376,-0.1470245550529805,111.10768852233886,113.60838345661021,108.60699358806751,0.0,0.0,111.9170214583443,106.75585251327914,1.476780938967518,-0.13765081445876726,113.39098358154295,1
2019-04-12,113.39098358154295,113.4191146793612,112.847237284253,113.1003599439759,19745100,69.31860946755296,1.8990852734349346,2.0206632669808875,-0.12157799354595289,111.3439395904541,113.76891354560794,108.91896563530025,0.0,0.0,112.18501457165314,107.01605373164242,1.4148240254395557,0.38960947561773795,113.4847183227539,1
2019-04-15,113.4847183227539,113.98159366900391,113.03471382558511,113.38159244116478,15792600,69.63441318778236,1.8810441025469373,1.9927394340940976,-0.11169533154716027,111.5070644378662,114.04458215893528,108.96954671679713,0.0,0.0,112.42132434458055,107.26972685286248,1.3813994410095016,-0.20017624625856545,113.22222137451172,0
2019-04-16,113.22222137451172,114.04722849897924,112.5940961520772,114.03785146731587,14071800,67.5378975906845,1.8245329545265179,1.9590981381805816,-0.13456518365406378,111.65331497192383,114.2318887553817,109.07474118846596,0.0,0.0,112.56694198638621,107.50315801057421,1.3865232200018256,-0.10896242543976298,114.15972900390624,1
2019-04-17,114.15972900390624,114.23473095516516,113.00660440176463,113.66285359383062,19300900,70.90688672858774,1.8342523736129124,1.9341289852670478,-0.09987661165413542,111.85253410339355,114.55620452197611,109.14886368481099,0.0,0.0,112.85653962593531,107.76420001031273,1.375209172387447,0.3716013587458604,115.65972137451172,1
2019-04-18,115.65972137451172,115.80034107045915,113.71909089207196,114.55346780006045,27991000,75.32018939523779,1.9406216531891545,1.9354275188514691,0.005194134337685341,112.00019073486328,115.15862023800457,108.84176123172199,1.0,0.0,113.36620903476738,108.07382829910485,1.4256406728160003,0.45024325290530487,116.0253448486328,1
2019-04-22,116.0253448486328,116.2503435107704,114.9097142632124,114.9565922627562,15648700,76.26530906098557,2.031010606311952,1.9545441363435656,0.07646646996838635,112.31472282409668,115.74893910094993,108.88050654724343,1.0,0.0,113.849688273652,108.38565247751771,1.4195684281547154,-0.4409381586938659,117.6003646850586,1
2019-04-23,117.6003646850586,117.73161451731232,116.0909844615613,116.34410709445652,24025500,79.84583222116962,2.204325350196399,2.0045003791141323,0.1998249710822666,112.67941131591797,116.6847748493864,108.67404778244955,1.0,0.0,114.53162943936229,108.74701374055853,1.4400470881922018,0.5353032520273249,117.1972427368164,0
2019-04-24,117.1972427368164,117.98474176111466,116.73786115339608,117.92849387440184,31257000,76.6582816328027,2.282834861924755,2.060167275676257,0.22266758624849814,113.01222457885743,117.34436708078525,108.68008207692961,0.0,0.0,115.01628640253577,109.07839526982355,1.4262494824440861,0.3009926952612849,121.0784912109375,1
2019-04-25,121.0784912109375,123.1597487486236,120.7784977280671,121.93162226484172,38033900,83.49157605521307,2.627945213927589,2.1737228633265233,0.45422235060106564,113.59253883361816,118.87713772587006,108.30793994136627,1.0,0.0,116.1185054586088,109.54898726751429,1.7502678059700223,0.21681223405957062,121.77225494384766,1
2019-04-26,121.77225494384766,122.36288636709968,120.9566319728116,121.59412709841232,23654900,84.37225661439841,2.92372569958728,2.3237234305786747,0.6000022690086051,114.20004043579101,120.25641080691933,108.14367006466269,1.0,0.0,117.1464599104704,110.02833109795874,1.7256954194213114,-0.37805746978353516,121.6597671508789,0
2019-04-29,121.6597671508789,122.04413250527764,121.26601761126727,121.78163281220324,16324200,83.59356743092067,3.1131703507409583,2.4816128146111316,0.6315575361298267,114.75457382202148,121.3834765197791,108.12567112426387,1.0,0.0,117.9670612269083,110.48446584513209,1.6580110961776728,-0.3099019653433327,122.4378662109375,1
2019-04-30,122.4378662109375,122.53160790386856,121.3034815767639,121.6972310194508,24166500,84.64896551776987,3.288188502723685,2.6429279522336424,0.6452605504900424,115.29738731384278,122.54699449209451,108.04778013559104,0.0,0.0,118.77993486036814,110.95322664379114,1.6273050412438863,0.48040945344947983,119.88785552978516,0
2019-05-01,119.88785552978516,122.4847351395324,119.7191047396247,122.3722393811446,26821700,68.98656110964956,3.184419097345028,2.7512261812559196,0.4331929160891086,115.70473213195801,123.02442669470075,108.38503756921527,0.0,0.0,118.98137498208033,111.30360424716345,1.7086139954341593,0.10987110255932797,118.32223510742188,0
2019-05-02,118.32223510742188,120.00036608520416,117.67535584516848,119.98161917513818,27350200,61.46676143126119,2.941935807616602,2.7893681065280562,0.15256770108854578,115.99723243713379,123.24403530795023,108.75042956631735,0.0,0.0,118.86153136850606,111.57884467305594,1.752642298619982,0.019704194737842906,120.84410095214844,1
2019-05-03,120.84410095214844,121.34097627427842,119.29722710855997,119.400352985143,24911100,67.59426812948877,2.9196041715669026,2.8154153195358256,0.10418885203107697,116.4444206237793,123.72849637478966,109.16034487276893,0.0,0.0,119.22199856553195,111.94218805654977,1.843077932065451,-0.08918033506153522,120.1409912109375,0
2019-05-06,120.1409912109375,120.52537083412908,118.22849158446364,118.49099125270205,24239800,64.5140030504844,2.8127475067411325,2.814881756976887,-0.0021342502357546422,116.8316089630127,124.03682011295444,109.62639781307095,0.0,0.0,119.38908813742387,112.26370974887871,1.8982587488954044,-0.026947826470930636,117.67535400390624,0
2019-05-07,117.67535400390624,119.23161216046104,116.45660459647064,118.55660896738084,36017700,55.041602855474814,2.5002847869379394,2.751962362969098,-0.2516775760311587,117.09364013671875,124.0158001694513,110.1714801039862,0.0,0.0,119.07750011314792,112.47593109221313,2.025839310721937,0.48589097269779447,117.6659698486328,0
2019-05-08,117.6659698486328,118.47222277003422,116.953465769878,117.6003449435224,28419000,55.008498393724786,2.2262359452248575,2.64681707942025,-0.42058113419539245,117.38567085266114,123.87332986670016,110.89801183862211,0.0,0.0,118.82085824687243,112.67946202383743,1.989619145681529,-0.2109712724577083,117.65663146972656,0
2019-05-09,117.65663146972656,117.92850820952006,115.84725031719648,116.52225365012092,27235800,54.97306551775755,1.985410162144035,2.514535695965007,-0.5291255338209719,117.63457870483398,123.75217981138071,111.51697759828726,0.0,0.0,118.60918065102773,112.8746451393625,1.9961647704416754,-0.04163411801963479,119.18474578857422,1
2019-05-10,119.18474578857422,119.93475099909725,116.08161335638036,117.10349527690346,30915100,59.56317172859576,1.8960040935740494,2.390829375486816,-0.49482528191276653,117.95332946777344,123.68424621105035,112.22241272449654,0.0,0.0,118.71382885785435,113.12210006678256,2.1288056898899046,0.13509057931105373,115.64098358154295,0
2019-05-13,115.64098358154295,117.70349429405978,115.35035996559554,116.3534878024182,33944900,47.47615099098204,1.521656438223829,2.2169947880342185,-0.6953383498103896,118.06582946777344,123.51552399322752,112.61613494231936,0.0,0.0,118.15512971670682,113.22087981245944,2.250632842253388,0.09800388806764326,116.93473052978516,1
2019-05-14,116.93473052978516,118.0128530566601,115.9690966117004,116.1284775279382,25266300,51.35703729482976,1.3142281863052574,2.0364414676884266,-0.7222132813831692,118.238330078125,123.30179783010848,113.17486232614152,0.0,0.0,117.93323895544833,113.36652101706045,2.2592926017436565,-0.2556672725505157,118.58142852783205,1
2019-05-15,118.58142852783205,119.23070227302496,116.3983711930854,116.92532101806226,24722700,55.83052188671768,1.2680967387909874,1.8827725219089388,-0.6146757831179515,118.50629043579102,123.016586287085,113.99599458449703,0.0,0.0,118.05109160497264,113.57102719395346,2.3002239216147933,-0.021514824093753382,121.31964111328124,1
2019-05-16,121.31964111328124,121.7430904466797,118.995443850638,119.2683268801343,30112200,62.07615140912964,1.4359355347197038,1.793405124471092,-0.3574695897513882,118.86428604125976,123.06364246846825,114.66492961405127,0.0,0.0,118.64537333375603,113.87489440647612,2.3617552071314267,0.2179980341952943,120.51042938232422,0
2019-05-17,120.51042938232422,122.759354471716,120.36927480530044,120.73625373258665,25770500,59.40289125007266,1.486516726385588,1.7320274448539914,-0.24551071846840333,119.1068214416504,123.0927230159694,115.1209198673314,0.0,0.0,118.98447443349568,114.13511146435252,2.363778382794579,-0.144184084855972,118.76963806152344,0
2019-05-20,118.76963806152344,120.05876674668244,118.33679125243556,119.05192571316036,23706900,54.014083616607024,1.3703389594914483,1.659689747781483,-0.2893507882900346,119.24403610229493,122.97709635301138,115.51097585157848,0.0,0.0,118.94541327495527,114.31685760541805,2.3501969361584423,-0.08007605595545297,119.40950775146484,1
2019-05-21,119.40950775146484,120.00231831892629,119.10839659638116,119.90822242903567,15293300,55.608190561804236,1.3147438301025574,1.590700564245698,-0.2759567341431406,119.33449325561523,122.99074186271235,115.6782446485181,0.0,0.0,119.0297940888661,114.51656937585125,2.270374316247328,-0.35490089383259726,120.13404083251952,1
2019-05-22,120.13404083251952,120.6704024221227,119.05192026974974,119.1460233283818,15396500,57.40857855274273,1.3140010676158909,1.5353606649197367,-0.2213595973038458,119.4813331604004,123.01632868456672,115.94633763623408,0.0,0.0,119.2305662240758,114.73686237415197,2.223810590256302,0.006748053068990956,118.73198699951172,0
2019-05-23,118.73198699951172,118.83549461566813,117.3769834273228,118.75080330287877,23603800,52.93459856863211,1.1866000098423513,1.4656085339042597,-0.27900852406190846,119.3640079498291,122.8343470833753,115.8936688162829,0.0,0.0,119.13991545597322,114.89353392808765,2.261899648466332,0.5330627090572533,118.78843688964844,1
2019-05-24,118.78843688964844,119.8987853857915,118.53437732264877,119.41889429489711,14123400,53.09310141199788,1.077764984192001,1.3880398239618081,-0.3102748397698072,119.21481704711914,122.51035155494033,115.91928253929795,0.0,0.0,119.07601026209599,115.04627522069788,2.1977931066575036,-0.4016471924012235,118.7131805419922,0
2019-05-28,118.7131805419922,120.4445677575604,118.60967291725107,119.48477826702684,23128400,52.837629396559564,0.9742097997903443,1.3052738191275155,-0.3310640193371712,119.0674877166748,122.17046944405959,115.96450598929002,0.0,0.0,119.0100412220771,115.1900754293761,2.1718718019183485,0.6375943469702763,117.565185546875,0
2019-05-29,117.565185546875,117.98862058514813,116.7183082912735,117.97920884368165,22763100,48.96692825241854,0.7903967662493301,1.2022984085518786,-0.41190164230254855,118.82385368347168,121.57531830343395,116.07238906350942,0.0,0.0,118.74734019022218,115.28321700261135,2.1592289768326594,-0.015794434548001557,118.3085479736328,1
2019-05-30,118.3085479736328,118.33677601725672,117.41461924423136,117.86628947937854,16829600,51.4472359975225,0.6966759020340589,1.1011739072483147,-0.4044980052142557,118.74488830566406,121.46008690622016,116.02968970510797,0.0,0.0,118.66755978720593,115.40185743284749,2.0708666765607098,-0.26066309070381455,116.37957763671876,0
2019-05-31,116.37957763671876,117.26409483301896,116.04082667554236,116.89711582158728,26646800,45.295239910692054,0.4614305724017811,0.973225240279008,-0.5117946678772269,118.6477554321289,121.54909581665903,115.74641504759877,0.0,0.0,118.2515630325719,115.44019940162676,2.0849277209556902,0.5833293720587536,112.76619720458984,0
2019-06-03,112.76619720458984,117.028810786288,111.98519509608523,116.53950082194,37983600,36.49229469408179,-0.01638378668110363,0.7753034348869858,-0.7916872215680895,118.24386024475098,121.94777836553632,114.53994212396563,0.0,1.0,117.25422379112061,115.3353365703704,2.29626257590191,0.4254469579836979,115.8902587890625,1
2019-06-04,115.8902587890625,116.00317097459993,113.52841412781278,114.12122463905077,29382600,46.22334658487563,-0.14134016627038193,0.5919747146555123,-0.7333148809258943,118.03132362365723,121.76313135800387,114.29951588931058,0.0,0.0,117.00623015438276,115.35709822600539,2.3634562326239226,-0.22643983192746342,118.40267944335938,1
2019-06-05,118.40267944335938,118.44031923919268,116.8783000178671,117.57461829314072,24926100,52.523735518432936,-0.037208728668261415,0.4661380259907576,-0.503346754659019,118.06768989562988,121.79908870815434,114.33629108310542,0.0,0.0,117.26013002510577,115.47653278354869,2.3767851053029405,-0.1516713973576198,120.27518463134766,1
2019-06-06,120.27518463134766,120.41633203600377,118.18622314379182,118.97664430243292,21459000,56.60443225371437,0.19417339531729283,0.41174509985606467,-0.21757170453877184,118.19815063476562,122.04491393430693,114.35138733522432,0.0,0.0,117.8083217716952,115.66471520895257,2.3663082329392977,-0.1390951653086524,123.64389038085938,1
2019-06-07,123.64389038085938,124.44372345824095,120.68923468555158,121.56434735264904,33885600,62.799319374484014,0.6419715477420453,0.45779038943326084,0.1841811583087845,118.49751358032226,123.00436202077645,113.99066513986807,1.0,0.0,118.86933424608868,115.97762403922343,2.495038989650298,0.5790856983084021,124.77303314208984,1
2019-06-10,124.77303314208984,126.16566924663287,124.20844356446216,124.58482704414102,26477100,64.62232405027514,1.0755687074009899,0.5813460530268066,0.4942226543741832,118.77692794799805,124.04773100276904,113.50612489322705,1.0,0.0,119.94273404536162,116.32254204325741,2.4969489808019554,-0.21863269353353632,124.3025360107422,0
2019-06-11,124.3025360107422,126.3162176072918,123.53093127767428,125.97746676123168,23913700,63.23184152462904,1.3654918538365308,0.7381752131887516,0.6273166406477793,119.210005569458,124.79308531240075,113.62692582651526,0.0,0.0,120.73542531179444,116.63548298315878,2.517544505717353,-0.09681573888379014,123.7285614013672,0
2019-06-12,123.7285614013672,124.1802244811919,122.9946035123606,123.64386290793531,17092500,61.493509906181714,1.5312913090841818,0.8967984323678376,0.6344928767163441,119.54969711303711,125.35980142336797,113.73959280270626,0.0,0.0,121.27963187353494,116.91364292112773,2.4311436480505138,-0.2852423506191012,124.50955200195312,1
2019-06-13,124.50955200195312,125.14940673849858,123.7944033456867,124.18961027557212,17200800,62.984643469302455,1.7060417984664298,1.0586471055875561,0.6473946928788736,119.84610328674316,126.02173353076542,113.6704730427209,0.0,0.0,121.86689007870189,117.21152170861109,2.358979482984861,0.0063361123299692235,124.6319351196289,1
2019-06-14,124.6319351196289,125.89283614259976,123.86974889467064,124.4531478603195,17821700,63.22496687671299,1.8332752590965526,1.2135727362893556,0.6197025228071971,120.01171798706055,126.5059670211154,113.5174689530057,0.0,0.0,122.36962554068862,117.50251831296472,2.33498718048088,0.03609715827170823,125.00828552246094,1
2019-06-17,125.00828552246094,125.83633210976036,124.70716723027172,124.80127028610846,14517800,63.99904311541592,1.9420898229603694,1.3592761536235582,0.5828136693368111,120.23661079406739,127.0861624752914,113.38705911284337,0.0,0.0,122.84938190101084,117.79686212510184,2.254230738313064,-0.18538635483708066,127.18195343017578,1
2019-06-18,127.18195343017578,127.25723301641317,125.6858093437544,126.2692081894529,25934500,68.16674972875468,2.1786093306148473,1.5231427890218163,0.655466541593031,120.6572265625,128.10208000646554,113.21237311853447,0.0,0.0,123.63712217904083,118.16490492137925,2.2538533637158618,0.7863932551764041,127.68070220947266,1
2019-06-19,127.68070220947266,127.90652667035472,125.91166735594032,127.03142816820316,23744400,69.05204548116562,2.37887540783089,1.694289312783631,0.6845860950472589,121.07078628540039,129.08927727878216,113.05229529201861,0.0,0.0,124.37231854821025,118.53807344248095,2.235353788765757,-0.08444735776668144,128.8662872314453,1
2019-06-20,128.8662872314453,129.53438457474093,127.70889412264223,129.3367738692805,33042600,71.10891521302571,2.6032459212734125,1.8760806344815875,0.727165286791825,121.50739860534668,130.19717104946096,112.81762616123241,0.0,0.0,125.18940376334389,118.94310143420505,2.2080915442302222,0.39159549198969024,128.88511657714844,1
2019-06-21,128.88511657714844,129.60025113025185,128.40522535365827,128.51813755727633,36727900,71.14171964287746,2.7508702209636766,2.051038551778005,0.6998316691856714,122.01505508422852,131.17075534724572,112.85935482121133,0.0,0.0,125.86135154767197,119.33298438098714,2.135729703684748,0.11153178018678922,129.64724731445312,1
2019-06-24,129.64724731445312,130.2306459282136,128.91328958807472,128.91328958807472,20628800,72.50265751521117,2.8959780904095567,2.2200264595043153,0.6759516309052414,122.55799560546875,132.1608893527147,112.95510185822279,0.0,0.0,126.54969623254127,119.73746528033875,2.079286821354777,-0.43833434527974646,125.55403900146484,0
2019-06-25,125.55403900146484,129.46849070429792,124.89536067601472,129.1485632830951,33327400,56.96473401491446,2.6501402527238014,2.3060492181482126,0.34409103457558876,122.90003852844238,132.41772362030903,113.38235343657573,0.0,0.0,126.36866764507282,119.96556621057898,2.270186808289322,0.6155762817032497,126.02450561523438,1
2019-06-26,126.02450561523438,127.72767878735652,125.7139971637771,126.41972690603308,23657700,58.07683134746703,2.4648613319576356,2.3378116409100973,0.12704969104753827,123.32300453186035,132.60368641392336,114.04232264979734,0.0,0.0,126.30609273055673,120.20317167742822,2.2632905924037763,-0.29014264539087953,126.2315444946289,1
2019-06-27,126.2315444946289,126.7585015284814,125.62932224262283,126.22213993188748,16557500,58.584048270956814,2.3081261185232194,2.331874536432722,-0.02374841790950244,123.71915435791016,132.78371631563704,114.65459240018328,0.0,0.0,126.29253850584257,120.43957845457334,2.1822826419362618,-0.3001221589588168,126.05274963378906,0
2019-06-28,126.05274963378906,126.65497178059329,125.29996836075668,126.62674373918908,30043000,57.93219859692233,2.1447616049275666,2.294451950131691,-0.1496903452041245,124.20281295776367,132.66129018559198,115.74433572993537,0.0,0.0,126.24894052910557,120.65970281454258,2.1231912689291437,0.8144647440736825,127.67124938964844,1
2019-07-01,127.67124938964844,128.63104616793285,127.00316639275144,128.56518550369972,22613500,62.04877484791777,2.121438828590115,2.2598493258233763,-0.13841049723326115,124.9480655670166,131.69869557365692,118.19743556037629,0.0,0.0,126.50754214011336,120.93466542533105,2.155698787873047,-0.2472955430549546,128.5181121826172,1
2019-07-02,128.5181121826172,128.52751674502406,127.35130032919044,128.08525822402177,15237800,64.03206801298998,2.14654606333643,2.237188673325987,-0.09064260998955698,125.57945823669434,131.06732234902648,120.0915941243622,0.0,0.0,126.8731003296595,121.23205549424424,2.0857357612988023,-0.3261635748557278,129.3461456298828,1
2019-07-03,129.3461456298828,129.60961690235635,128.24519466363074,128.72510004843485,13629300,65.90806557592833,2.207808860559595,2.2313127107727087,-0.02350385021311352,126.1266315460205,130.75863046739076,121.49463262465024,0.0,0.0,127.3227449297001,121.55025510740654,2.0342133668292885,-0.10555985772224341,128.96978759765625,0
2019-07-05,128.96978759765625,129.22385438804022,127.70888692526631,127.91590218289596,18141100,64.26730621419145,2.2006237007071405,2.225174908759595,-0.024551208052454587,126.56136169433594,130.4943343446224,122.62838904404948,0.0,0.0,127.62220723296484,121.84121716584771,2.005859462385518,0.3310368104011212,128.87567138671875,0
2019-07-08,128.87567138671875,129.0074070354499,127.37951336985428,128.34871443368533,16779700,63.8393075416743,2.1624081233040044,2.212621551668477,-0.05021342836447262,126.82295074462891,130.63915784598333,123.00674364327448,0.0,0.0,127.85010980637463,122.1170781156858,1.978861905471953,-0.07504506341952799,128.4051971435547,0
2019-07-09,128.4051971435547,128.88508826161473,127.78415144386976,127.97234319459272,19953100,61.62978184381295,2.0702936073846985,2.1841559628117215,-0.11386235542702305,127.00455894470215,130.75846075282598,123.25065713657833,0.0,0.0,127.95103477677101,122.36367101873948,1.916152970634311,0.18912137880891788,129.71316528320312,1
2019-07-10,129.71316528320312,130.40007171969037,128.93215578062745,129.03566341007993,24204400,65.2325004573023,2.0788703640878623,2.1630988430669498,-0.08422847897908747,127.2750904083252,130.9907537092796,123.55942710737078,0.0,0.0,128.27142214157686,122.651886480091,1.9217759424558378,0.2130646365727631,130.2306671142578,1
2019-07-11,130.2306671142578,131.0022719233697,129.73195253592337,130.0424753719238,22327900,66.56993550048833,2.103181412254685,2.151115356904497,-0.047933944649812155,127.60019569396972,131.15194077386138,124.04845061407808,0.0,0.0,128.62764850024612,122.94909356378382,1.876585278006605,-0.07752722645469423,130.701171875,1
2019-07-12,130.701171875,130.91760604906926,129.86370630043865,130.6541347014395,18936800,67.78336953269243,2.135793793729434,2.1480510442694847,-0.01225725054005089,127.90977668762207,131.4089660958814,124.41058727936276,0.0,0.0,129.00465275020136,123.25309663481191,1.81782202590832,-0.15187724774833278,130.701171875,0
2019-07-15,130.701171875,131.3033941493125,130.2871557273758,131.20930544407994,16651500,67.78336953269243,2.1370052744434958,2.145841890304287,-0.00883661586079132,128.21323852539064,131.57262813012494,124.85384892065632,0.0,0.0,129.313110772892,123.54517801678008,1.7605660541960628,-0.1206803683832538,128.9886016845703,0
2019-07-16,128.9886016845703,130.84231994676125,128.46165901558197,130.75763580884046,22726100,58.7771737985736,1.9769858179379867,2.1120706758310273,-0.1350848578930406,128.4122543334961,131.44424414291473,125.38026452407748,0.0,0.0,129.25410912046988,123.7586456115954,1.8048585454091497,0.3648079752574842,128.2264404296875,0
2019-07-17,128.2264404296875,129.7884452542176,128.1793888912968,129.5720254073568,20211000,55.25833636424028,1.7682855075462953,2.043313642174081,-0.27502813462778564,128.46447868347167,131.4454567062562,125.48350066068713,0.0,0.0,129.06726026760035,123.93385325152059,1.7908726752314101,-0.11067011057770582,128.3675537109375,1
2019-07-18,128.3675537109375,128.55574546683906,126.7208507201052,127.54891167580485,30381800,55.78611870030731,1.5958793664838993,1.9538267870360446,-0.35794742055214535,128.49882125854492,131.45864052672584,125.539001990364,0.0,0.0,128.94004089366163,124.10772385777223,1.794017108910156,0.5032309138587898,128.5557403564453,1
2019-07-19,128.5557403564453,132.3666842839282,128.39577665238238,131.94324926045456,48992400,56.52268364508948,1.457628710689363,1.8545871717667084,-0.39695846107734534,128.48329391479493,131.4384939782716,125.52809385131825,0.0,0.0,128.8701680687132,124.28215587732804,1.9515252134873382,0.6125575179877427,130.25889587402344,1
2019-07-22,130.25889587402344,130.97404460017884,129.22383410643957,129.29911367540907,25074900,62.59593668867129,1.4685657742390248,1.7773828922611716,-0.30881711802214684,128.55198287963867,131.6036373313639,125.50032842791346,0.0,0.0,129.12266403331506,124.51653783798277,1.9848665727906376,-0.4881879638474539,131.0681610107422,1
2019-07-23,131.0681610107422,131.72685378899644,129.88253985448742,131.51041959814708,18034600,65.09119139363666,1.524955669416613,1.72689744769226,-0.20194177827564697,128.62302856445314,131.8353041716304,125.41075295727588,0.0,0.0,129.47639075648362,124.7734642369145,1.9748270986276648,-0.2807708106512887,132.41372680664062,1
2019-07-24,132.41372680664062,132.4325502876357,130.65411182348933,130.70114898881346,20738300,68.81617430644329,1.6590959565428989,1.713337149462388,-0.054241192919489034,128.9660129547119,132.25817040139327,125.67385550803057,1.0,0.0,130.01045185651216,125.07308237690377,1.9607993390218585,0.14991738103423424,131.91502380371094,0
2019-07-25,131.91502380371094,132.3102307905793,131.09638178506293,132.14084816300124,18356900,66.00499971349495,1.7055019709346766,1.7117701137568457,-0.006268142822169143,129.26053886413575,132.50093367346287,126.02014405480863,0.0,0.0,130.35673766509376,125.34139380540601,1.9148383163472753,-0.1148310131495831,132.9971466064453,1
2019-07-26,132.9971466064453,133.31707404360185,132.01854081099262,132.08440146776655,19037600,68.96734374199181,1.8087472260644972,1.7311655362183762,0.07758168984612102,129.59881896972655,132.91543032875498,126.28220761069812,1.0,0.0,130.83681201806675,125.64161940544676,1.8782105966003921,0.03708142442351381,132.70547485351562,0
2019-07-29,132.70547485351562,133.15713805639498,131.14345559416967,133.1477334915005,16605900,67.2658987994291,1.8457576168747778,1.7540839523496567,0.09167366452512105,129.93145523071288,133.08940772993532,126.77350273149045,0.0,0.0,131.17656889723926,125.91863334458672,1.887887158430744,-0.12773143673572296,132.06561279296875,0
2019-07-30,132.06561279296875,132.88425499661437,131.5480745891241,131.8680020758231,16846500,63.56127854330072,1.8026769596383474,1.763802553807395,0.038874405830952474,130.15117340087892,133.2606394806828,127.04170732107504,0.0,0.0,131.33821324191734,126.15969136217034,1.8484795333635675,0.01448882626054604,128.2264404296875,0
2019-07-31,128.2264404296875,132.19734905355295,127.10667986331173,132.0467898739482,38598800,46.87878321684001,1.4421222167596,1.6994664863978362,-0.2573442696382362,130.13658981323243,133.27911589759458,126.99406372887027,0.0,0.0,130.77243636696645,126.24074034521023,2.080064508854829,1.291205888463479,129.91073608398438,1
2019-08-01,129.91073608398438,132.62074304376904,128.84743195026985,128.9133069552051,40557500,52.739276278069575,1.2775616331744573,1.6150855157531605,-0.33752388257870325,130.1648193359375,133.28852293056562,127.04111574130937,0.0,0.0,130.61576358824243,126.38466174673079,2.245367230656737,0.05074510088396522,128.81922912597656,0
2019-08-02,128.81922912597656,130.15542374441895,127.27603360690787,129.9389895642122,30791600,48.96894304776132,1.0470015139641191,1.5014687153953523,-0.4544672014312332,130.15729141235352,133.29318042507182,127.0214023996352,0.0,0.0,130.28912095873955,126.48013497728944,2.2906545811463332,-0.24079146890217595,124.40605926513672,0
2019-08-05,124.40605926513672,126.02451977982514,123.06046027244632,125.43171649321536,42749600,37.34431866777944,0.5023838645561227,1.3016517452275065,-0.7992678806713838,129.9338108062744,133.92390476997102,125.9437168425778,0.0,1.0,129.21947337808447,126.39879867485209,2.538377029173755,0.388352667610647,126.73969268798828,1
2019-08-06,126.73969268798828,127.67124704090604,125.34705626146928,125.90222704768873,32696700,44.80569800234616,0.2561227443122789,1.092545945044461,-0.8364232007321821,129.85053558349608,134.02980070465736,125.6712704623348,0.0,0.0,128.76860416170334,126.41216706752411,2.59029208250201,-0.23515775586204313,127.2948760986328,1
2019-08-07,127.2948760986328,127.6430316502626,124.0485208500374,125.89282061112472,33414500,46.43983731570557,0.10455247779873389,0.8949472515953156,-0.7903947737965817,129.72962112426757,134.05515932058339,125.40408292795176,0.0,0.0,128.5006536047814,126.44678310795975,2.6620219909108087,0.021953285805601075,130.6917266845703,1
2019-08-08,130.6917266845703,130.78582971866123,127.9064405579001,128.5369050417165,27496500,55.18289391509386,0.25558319917715266,0.7670744411116831,-0.5114912419345304,129.7526741027832,134.09353518481856,125.41181302074784,0.0,0.0,128.8990305283794,126.6132514835131,2.721231392990639,-0.17710874021757017,129.58143615722656,0
2019-08-09,129.58143615722656,131.15285980519363,128.40521956221116,130.42830636239256,23466700,52.18437519879504,0.28242929837014685,0.6701454125633759,-0.38771611419322904,129.69668731689453,134.01600112058748,125.37737351320158,0.0,0.0,129.02310427907886,126.72965088248226,2.723117739418627,-0.14655683450620993,127.77474975585938,0
2019-08-12,127.77474975585938,129.72257125171518,127.25722596110316,128.97920871076764,20484300,47.647343546823684,0.15612086773285228,0.5673405035972712,-0.4112196358644189,129.5503662109375,133.9216135412527,125.17911888062233,0.0,0.0,128.7961307294026,126.77063515202647,2.7047054216467266,-0.12709072856430603,130.4188995361328,1
2019-08-13,130.4188995361328,130.6070913164481,127.03139005800762,128.0194148523035,25154600,53.95670843160115,0.26631144309314436,0.5071346914964459,-0.2408232484033015,129.62188110351562,134.00081931432928,125.24294289270198,0.0,0.0,129.09117960335354,126.91370434356006,2.7669194099891383,0.22799412232783145,126.49136352539062,0
2019-08-14,126.49136352539062,129.2670384726993,126.19869286464656,128.73834122672042,32527300,45.23603103576596,0.036300486258198816,0.41296785044879647,-0.37666736419059765,129.53512725830078,134.08656352194777,124.98369099465378,0.0,0.0,128.61848577099664,126.89714195853381,2.870725642953218,0.2930954974438076,126.20813751220705,0
2019-08-15,126.20813751220705,127.0578419216506,124.8580722656883,126.8784593994596,28074400,44.67528048688119,-0.16691473722838168,0.2969913329133609,-0.46390607014174257,129.42715644836426,134.18216095259658,124.67215194413194,0.0,0.0,128.18024063303488,126.87012217632491,2.8228002153110094,-0.13689731394859084,128.521240234375,1
2019-08-16,128.521240234375,128.83279715118604,127.19004642779792,127.34110694611672,24449100,50.11415468605279,-0.1397057665423347,0.20965191302222178,-0.34935767956455643,129.42543144226073,134.18172407087266,124.66913881364881,0.0,0.0,128.24224056055127,126.93487190409158,2.8086473170015798,-0.12913187815233806,130.6737518310547,1
2019-08-19,130.6737518310547,130.80592613215563,129.23870627201697,130.14505462665088,24355700,54.58813805515436,0.05491421839175814,0.17870437409612905,-0.12379015570437091,129.4461742401123,134.22040995707792,124.67193852314668,0.0,0.0,128.68433351882462,127.08149464632544,2.7712215013429407,-0.0038201815199740974,129.5880889892578,0
2019-08-20,129.5880889892578,130.95705531914442,129.5692172262811,130.48500193805964,21170800,52.052469275609006,0.12016287768807388,0.16699607481451803,-0.046833197126444154,129.37217063903807,134.0890849155167,124.65525636255944,0.0,0.0,128.84865269526702,127.17979246369534,2.6724084007372535,-0.13076610403314215,131.03253173828125,1
2019-08-21,131.03253173828125,131.69341779759466,130.2866939592937,130.80595540335926,14970300,55.04450690072524,0.2851404468287626,0.19062494921736695,0.09451549761139566,129.30311088562013,133.87819015327432,124.72803161796594,0.0,0.0,129.24572161217867,127.33088027838498,2.631902715565796,-0.29287981559506493,130.07899475097656,0
2019-08-22,130.07899475097656,131.41962427631512,128.67227085460985,130.9098130957754,18697000,52.70628819334927,0.3350812846687745,0.21951621630764848,0.11556506836112604,129.2113094329834,133.6445499649939,124.77806890097291,0.0,0.0,129.39722581923283,127.43864947338858,2.6401491945757587,0.24893956700934528,125.9343719482422,0
2019-08-23,125.9343719482422,130.61714676815424,125.37735254195988,129.5219797142983,38508600,43.96441343643565,0.03976495073933961,0.18356596319398671,-0.1438010124546471,128.85817070007323,133.1518806333271,124.56446076681938,0.0,0.0,128.76761602450725,127.37965819789265,2.8258381254056593,1.059613841792801,127.87921142578124,1
2019-08-26,127.87921142578124,127.98306370798905,126.41584359682452,127.44493054085464,20312600,48.29786602408209,-0.036917517244859255,0.13946926710621754,-0.1763867843510768,128.61685752868652,132.5455136865234,124.68820137084963,0.0,0.0,128.60608791564795,127.39924852055496,2.770327670715744,-0.47251782718665436,128.15304565429688,1
2019-08-27,128.15304565429688,129.0782661650523,127.1334087133742,128.76670923261,23102100,48.89711077200558,-0.07473133555896538,0.09662914657318096,-0.17136048213214633,128.42122917175294,132.0192145951178,124.8232437483881,0.0,0.0,128.5237165954023,127.42880919246642,2.7113655122130553,0.13732855469019234,127.98312377929688,0
2019-08-28,127.98312377929688,128.17194227032184,126.0854741747157,127.3411380286265,17393300,48.52129552305426,-0.11706092870466023,0.05389113151761273,-0.17095206022227297,128.4090633392334,132.0112440416684,124.80688263679839,0.0,0.0,128.42542699247403,127.45054701940094,2.6667299824554185,-0.24711173443106904,130.39999389648438,1
2019-08-29,130.39999389648438,130.70211491154487,129.25763302235376,129.57862579641338,20168700,53.943443517177926,0.043907643605876956,0.051894433935265584,-0.007986790329388628,128.4335262298584,132.08250811131762,124.78454434839917,0.0,0.0,128.78443915683954,127.56621160281598,2.6704629217263167,0.15956718966498595,130.15452575683594,0
2019-08-30,130.15452575683594,131.40073887534862,128.65339984361205,131.37241683214987,23940100,53.32906750490699,0.14994074588742023,0.07150369632569652,0.07843704956172372,128.50029106140136,132.22317342992315,124.77740869287956,0.0,0.0,129.03354581138433,127.6677141186599,2.675954072441335,0.18699271643685522,128.43626403808594,0
2019-09-03,128.43626403808594,129.53143122409472,128.1152712302323,128.97441175059737,18869300,49.11243351845128,0.09423707642551449,0.07605037234566012,0.01818670407985437,128.70180130004883,131.91827463529742,125.48532796480023,0.0,0.0,128.92494912533007,127.69785333118642,2.6304755334529273,-0.21181198073525176,129.93740844726562,1
2019-09-04,129.93740844726562,129.99405254375804,128.8516771094364,129.62585151063243,17995900,52.63589170834811,0.16927008511299846,0.09469431489912779,0.07457577021387067,128.8616870880127,131.9887972266135,125.73457694941189,0.0,0.0,129.10903263840925,127.78567902201306,2.553855031468583,-0.04628682569040721,132.22210693359375,1
2019-09-05,132.22210693359375,132.5336637807426,131.00420158510994,131.3346445943068,26101800,57.46328309057214,0.4083827764685566,0.15743200721301354,0.25095076925554305,129.10804862976073,132.47012339905967,125.74597386046179,0.0,0.0,129.6750461466246,127.95965658717309,2.5568836244691817,0.45043037580782297,131.32522583007812,0
2019-09-06,131.32522583007812,132.3448482188125,130.475521298236,132.20323799980014,20824500,55.089596375459706,0.5195217739570523,0.2298499605618213,0.28967181339523107,129.13972358703614,132.57208447335728,125.70736270071501,0.0,0.0,129.9750788163434,128.09163969473798,2.50777243133399,-0.2021814587499713,129.83355712890625,0
2019-09-09,129.83355712890625,131.93891103156488,128.83280633407995,131.78785050247885,25773900,51.29447443211519,0.48168249640917793,0.28021646773129266,0.20146602867788527,129.1523296356201,132.592929089485,125.71173018175519,0.0,0.0,129.94934760044572,128.15995018235242,2.5505104503447718,0.23767197291651665,128.4739990234375,0
2019-09-10,128.4739990234375,129.23872289286365,126.9917450792548,129.15375677535414,28903400,48.04569165692634,0.3380923019236377,0.29179163456976165,0.04630066735387606,129.18729209899902,132.58513204893984,125.78945214905819,0.0,0.0,129.68110240462605,128.1722658231793,2.571317707438106,0.12142128277055475,128.51177978515625,1
2019-09-11,128.51177978515625,128.65340441210148,127.5393511850081,128.31352547572484,24726100,48.14398110156176,0.224753808011684,0.2783840692581461,-0.05363026124646214,129.0919361114502,132.45301291351205,125.73085930938834,0.0,0.0,129.46849829199516,128.185580096198,2.467227387413483,-0.14452624950697845,129.83355712890625,1
2019-09-12,129.83355712890625,130.68324739464651,129.21987913171608,130.14511406792434,27010000,51.59426187222193,0.23883547344522071,0.2704743500955611,-0.031638876650340375,129.25904579162597,132.4122250570909,126.10586652616104,0.0,0.0,129.53487262597898,128.2502066465003,2.446101688990396,0.0923679836286353,129.644775390625,0
2019-09-13,129.644775390625,130.34340532515665,128.93669516664573,130.07905652734536,23363100,51.07159967779399,0.23208683364055105,0.2627968468045591,-0.030710013164008065,129.43087768554688,132.25799350912172,126.60376186197203,0.0,0.0,129.5548549468237,128.30489561685812,2.3718594368132906,-0.13502036282858199,128.71005249023438,0
2019-09-16,128.71005249023438,129.05936731686623,128.07750280685522,128.23799919762993,16731400,48.454264883847785,0.1495897838063911,0.24015543420492552,-0.09056565039853443,129.44031829833983,132.2564605378498,126.62417605882986,0.0,0.0,129.4012545001711,128.32078412169642,2.3143889473101824,-0.283853598195445,129.71078491210938,1
2019-09-17,129.71078491210938,129.83352336080964,128.8044363792482,129.30482605244111,17814200,51.33007536367674,0.16308112276050224,0.22474057191604088,-0.06165944915553864,129.39216995239258,132.1547308733842,126.62960903140095,0.0,0.0,129.45753275688713,128.37529395661457,2.2293233704005453,0.06471664056803372,130.77764892578125,1
2019-09-18,130.77764892578125,130.919259151961,128.89887162489774,129.6824818235801,23982100,54.25989230791056,0.2568987469888384,0.2311722069306004,0.025726540058238018,129.45164794921874,132.27898341872063,126.62431247971685,0.0,0.0,129.69755387850424,128.46950395540543,2.2143993815907392,0.34623502599050204,133.1851043701172,1
2019-09-19,133.1851043701172,134.41243123548338,132.24099791619165,132.45813836693657,35772100,60.097252451923396,0.5195226903399828,0.28884230361247687,0.2306803867275059,129.55927658081055,132.75855631634408,126.35999684527702,1.0,0.0,130.3316539678884,128.6544294618647,2.315855305027267,0.49161666409530436,131.64622497558594,0
2019-09-20,131.64622497558594,133.73269246838157,130.52273583057757,133.12846482811528,39167300,55.24397381119892,0.5966020937967471,0.35039426164933096,0.24620783214741615,129.63763809204102,132.95846299643406,126.31681318764798,0.0,0.0,130.57066687837886,128.7717547761283,2.3797196859398904,0.0949119565247778,131.36300659179688,0
2019-09-23,131.36300659179688,131.82562406420516,130.702134778303,131.4479727379764,17139300,54.37367017832108,0.6276001360455439,0.40583543652857357,0.2217646995169703,129.90906982421876,132.83920984993995,126.97892979849759,0.0,0.0,130.71472864445485,128.8733724943898,2.2899889430800533,-0.5624079270207545,129.70140075683594,0
2019-09-24,129.70140075683594,132.8263920553697,129.22934734241267,132.5148350731391,29773200,49.45150018380578,0.5121844599638621,0.4271052412156313,0.08507921874823077,130.00017929077148,132.781739481657,127.21861909988596,0.0,0.0,130.5304872103423,128.90584419095632,2.3833500694998375,0.7371304545693231,131.57064819335938,1
2019-09-25,131.57064819335938,132.1371177083836,128.42677263740308,129.81460998388607,21382000,54.44730543714737,0.565035968397865,0.4546913866520781,0.11034458174578687,130.17105941772462,132.89707684337856,127.4450419920707,0.0,0.0,130.71960738907268,129.01034630869762,2.4781354267484588,-0.2818373570862386,131.74063110351562,1
2019-09-26,131.74063110351562,132.34485876264458,130.70212246753474,131.64622908529395,17456600,54.88397329353307,0.6135645793099229,0.48646602518364707,0.12709855412627585,130.35893478393555,132.97145865480067,127.74641091307043,0.0,0.0,130.90524806442593,129.11741630065126,2.4184640602028433,-0.18358432326255725,130.0317840576172,0
2019-09-27,130.0317840576172,132.5147887595768,129.01214731011197,132.31652005620552,22477700,49.723586944725085,0.5082750989635372,0.4908278399396251,0.017447259023912087,130.34052429199218,132.95681814788588,127.72423043609848,0.0,0.0,130.74643642682435,129.15327385974797,2.4959053022929845,0.28763333066003693,131.25914001464844,1
2019-09-30,131.25914001464844,131.43852257437396,130.07900675953152,130.33391957629536,17280900,53.13209438405767,0.5178997693503504,0.4962422258217702,0.021657543528580236,130.3957550048828,133.04049387516238,127.75101613460323,0.0,0.0,130.83965526097418,129.23585684621466,2.4181076747546837,-0.23119803182709975,129.40872192382812,0
2019-10-01,129.40872192382812,132.41097453862955,129.3426275350606,131.85395500155775,21466600,47.86356924954823,0.3719267742962131,0.47137913551665883,-0.0994523612204457,130.44437789916992,132.97659290572045,127.91216289261938,0.0,0.0,130.57948556331127,129.24263586886616,2.464553341098561,0.24221539387416158,127.12397003173828,0
2019-10-02,127.12397003173828,128.7478348185671,126.11378328516886,128.63454661676425,30521700,42.287842155991314,0.07106257567633634,0.39131582354859434,-0.320253247872258,130.30370597839357,133.2168789149711,127.39053304181603,0.0,1.0,129.95121001211618,129.15955093407683,2.523866576638611,0.4218227385799336,128.66282653808594,1
2019-10-03,128.66282653808594,129.10655772442053,125.7738630906624,127.40716322419456,24132900,46.784390155531106,-0.04270928399731133,0.3045108020394132,-0.34722008603672455,130.12574195861816,132.98272225459706,127.26876166263925,0.0,0.0,129.7169584713834,129.14007154599875,2.581640009290005,-0.20931992647853825,130.39999389648438,1
2019-10-04,130.39999389648438,130.52273235959305,128.79501562026346,129.1065725148235,22897700,51.38882428781269,0.0072173876861540975,0.2450521191687614,-0.2378347314826073,130.07948036193847,132.8868040667877,127.27215665708921,0.0,0.0,129.84114673049265,129.18948026562563,2.5300875673055123,-0.05118323947805692,129.45590209960938,0
2019-10-07,129.45590209960938,130.4566528657822,129.36150007607725,129.47478826668564,15303700,48.91192024743729,-0.029060689665101336,0.19022955740198888,-0.21929024706709022,130.06059761047362,132.87934103142166,127.24185418952558,0.0,0.0,129.77110225215023,129.19992818068383,2.4275922260483287,-0.3316490302519467,128.0869598388672,0
2019-10-08,128.0869598388672,130.06013947038318,128.0397516206261,129.41815380126675,25550500,45.48822514260922,-0.16635588001756219,0.11891246991807868,-0.2852683499356409,130.0412456512451,132.9081964138602,127.17429488863,0.0,0.0,129.46489454064422,129.1562823633577,2.3985061991703813,0.6695635695942812,130.51329040527344,1
2019-10-09,130.51329040527344,130.9475713368054,129.3142710921859,129.77688847274337,19749900,51.912995574027306,-0.07847410784515318,0.0794351543654323,-0.1579092622105855,130.14132118225098,132.92629125578674,127.35635110871522,0.0,0.0,129.6555119705768,129.20949836500145,2.43151372051094,-0.2270249114498738,131.32522583007812,1
2019-10-10,131.32522583007812,131.8633590682478,130.52272950654768,130.74932026289008,17654600,53.87222806167226,0.05604320176544775,0.07475676384543539,-0.018713562079987645,130.21590461730958,133.04348129281675,127.38832794180239,0.0,0.0,129.95909630866794,129.29246806951426,2.354267644972613,-0.10609167641355144,131.87283325195312,1
2019-10-11,131.87283325195312,133.14738321696686,131.7029009397789,132.28824255628135,25446000,55.19805736785478,0.2044793702792731,0.10070128513220294,0.10377808514707015,130.327307510376,133.230649071213,127.42396594953895,0.0,0.0,130.30704848017433,129.39365886098244,2.316259769395193,0.44132407417896746,131.75006103515625,0
2019-10-14,131.75006103515625,132.4486906045742,131.7217389934729,131.88223536498572,13304300,54.817639486677066,0.3086514693957554,0.14229132198491345,0.16636014741084193,130.47930793762208,133.3461386716857,127.61247720355844,0.0,0.0,130.56941439926194,129.48606678938143,2.202737758088486,-0.4771555450758469,133.65713500976562,1
2019-10-15,133.65713500976562,133.86482514108323,131.9954987118744,132.23152528546862,19695700,59.488217267404146,0.5388816479385241,0.2216093871756356,0.3172722607628885,130.67662544250487,133.8332966510377,127.51995423397204,0.0,0.0,131.13081814662624,129.64963809214157,2.1964539257912357,0.48040107333719173,132.56199645996094,0
2019-10-16,132.56199645996094,133.1095799559351,131.73117813421783,132.92074713214123,20751600,55.91378714059028,0.6257588362945512,0.30243927699941875,0.32331955929513245,130.76584281921387,134.02799207751136,127.5036935609164,0.0,0.0,131.39103238541435,129.76384822421292,2.177132707916704,0.05361068659656687,131.88223266601562,0
2019-10-17,131.88223266601562,133.51553279532317,131.24968307149675,133.0718016101363,21460600,53.7547201931026,0.6324676830816429,0.3684449582158636,0.2640227248657793,130.7006992340088,133.81571817525295,127.58568029276464,0.0,0.0,131.48034152734184,129.84692212389146,2.1834696376245413,0.034166040208947646,129.7296905517578,0
2019-10-18,129.7296905517578,132.1749231730374,128.9271941844093,131.94833240432263,32273500,47.49985701937737,0.458803531899008,0.3865166729524925,0.07228685894651554,130.6048725128174,133.71556049925016,127.49418452638464,0.0,0.0,131.16204134996292,129.8423248073372,2.2594881626962238,0.5038489138234719,130.69264221191406,1
2019-10-21,130.69264221191406,130.75873657484425,129.3520128508319,130.71152837359705,20078200,50.28669279154947,0.39433000136213536,0.38807933863442107,0.006250662727714296,130.57135429382325,133.6630323353717,127.4796762522748,0.0,0.0,131.07669605213584,129.87567058790884,2.198576417075947,-0.37787348753621397,128.74778747558594,0
2019-10-22,128.74778747558594,132.1843342572075,128.64393519347976,131.20246992213876,27431000,45.081717098437586,0.18417765515053475,0.34729900193764385,-0.1631213467871091,130.52367362976074,133.6959117492125,127.35143551030896,0.0,0.0,130.65325812912675,129.83143987762168,2.2944208918367894,0.3662081262264545,129.56915283203125,1
2019-10-23,129.56915283203125,129.76740708623845,128.0302549646116,129.22927399032872,29844600,47.55081478795556,0.08295151313251381,0.29442950417661784,-0.21147799104410403,130.42359886169433,133.58366621746129,127.26353150592739,0.0,0.0,130.45614807510938,129.82115411112792,2.2546159796789365,0.08798804272538363,132.1182861328125,1
2019-10-24,132.1182861328125,132.57145328850186,130.9192666606702,131.5990245971663,37029300,54.402579576114704,0.20604763083733246,0.2767531295087608,-0.07070549867142834,130.44248161315917,133.63811576993479,127.24684745638356,0.0,0.0,130.75835499469176,129.91123771982146,2.3080220137354845,0.24073701775195522,132.86412048339844,1
2019-10-25,132.86412048339844,133.25120765468353,131.4196385085285,131.5518128589766,25959700,56.20526569404953,0.359639094261496,0.29333032245930785,0.06630877180218814,130.58409843444824,133.9413277734729,127.22686909542357,0.0,0.0,131.14122144718388,130.0270370438833,2.2739896660511665,-0.2989416489104574,136.1307373046875,1
2019-10-28,136.1307373046875,137.52801108363448,135.48873730511255,136.3289916296993,35280100,63.08835943561916,0.7364606528389572,0.3819563885352377,0.3545042643037195,130.8276782989502,134.96235707215794,126.69299952574244,1.0,0.0,132.04840614854817,130.26639783842464,2.4446968756358003,0.3590334248854956,134.8467254638672,0
2019-10-29,134.8467254638672,136.4233815005961,134.67677881244143,136.0268585218308,20589500,59.15291778281631,0.9208702096893262,0.48973915276605545,0.43113105692327075,131.09957847595214,135.52989565607203,126.66926129583226,0.0,0.0,132.55719147860617,130.44601852961847,2.3948330051014333,-0.41639904648796344,136.52725219726562,1
2019-10-30,136.52725219726562,136.89545318476704,134.8089713183103,135.49817948936715,18496600,62.45408844462188,1.1889154969549907,0.6295744216038426,0.5593410753511481,131.56974258422852,136.20378283721365,126.93570233124338,1.0,0.0,133.2790207001806,130.68449828129093,2.372807923769668,-0.10164889871050775,135.35653686523438,0
2019-10-31,135.35653686523438,136.82934061944303,134.9977862109535,136.80101857847143,24605100,58.883877308476166,1.2919831969930442,0.7620561766816829,0.5299270203113613,131.90442810058593,136.61656153378965,127.1922946673822,0.0,0.0,133.65675091200856,130.86771548066125,2.334146958392515,0.33024988376242126,135.68702697753906,1
2019-11-01,135.68702697753906,136.34789883944836,134.9789468956521,136.1968382978902,33128400,59.58622839263097,1.3843746723976835,0.8865198758248831,0.4978547965728004,132.16877975463868,137.1016917447522,127.23586776452514,0.0,0.0,134.0258920148323,131.05670808838195,2.2652044573499266,0.34640379433532065,136.47061157226562,1
2019-11-04,136.47061157226562,136.89545666002584,136.10241057541697,136.73496026713525,16912000,61.275278407667656,1.503492979232533,1.009914496506413,0.4935784827261198,132.51951522827147,137.62546955391386,127.4135609026291,0.0,0.0,134.47038647982018,131.2690180289264,2.189720544859702,-0.48950145494500186,136.38568115234375,0
2019-11-05,136.38568115234375,136.9143786805374,135.8664195064653,136.86717045710714,18250200,60.97780579666084,1.5729103886480402,1.1225136749347386,0.4503967137133016,132.9344512939453,137.87833844431822,127.99056414357237,0.0,0.0,134.81862187482446,131.4696714847467,2.1081661612320164,0.07912724692526019,136.00796508789062,0
2019-11-06,136.00796508789062,136.44226036860792,135.1960330111829,136.30063576567125,16575800,59.59220533953917,1.5792411471380206,1.213859169375395,0.3653819777626255,133.20918502807618,138.19486442566003,128.22350563049233,0.0,0.0,135.03486609538194,131.6476437829092,2.0465991038172313,-0.09174693975956427,136.19680786132812,1
2019-11-07,136.19680786132812,136.78216372757217,135.73420486433483,135.80028483279548,17786700,60.08059880065552,1.581268473783183,1.2873410302569528,0.29392744352623024,133.45276412963867,138.52178706580983,128.3837411934675,0.0,0.0,135.24612823464489,131.82604237421975,1.9752676580615247,0.07305228103620931,137.8018035888672,1
2019-11-08,137.8018035888672,137.83012563396463,135.72475757556614,135.93246217689625,16732700,64.05689293612924,1.692870528778542,1.3684469299612707,0.32442359881727123,133.74921264648438,139.09963871949967,128.3987865734691,0.0,0.0,135.71079648086712,132.06038595126475,1.9845605437998788,-0.05925776001169414,137.9434051513672,1
2019-11-11,137.9434051513672,138.2360758696096,136.64053353501333,137.21643909236604,14362600,64.39386828136578,1.772311915555207,1.449219927080058,0.32309198847514886,134.05887985229492,139.6232677584326,128.49449194615724,0.0,0.0,136.11672533004895,132.29109258656288,1.9567735288567643,-0.14164480328936757,138.8497314453125,1
2019-11-12,138.8497314453125,139.32178463267385,137.89617478705372,138.10387934196632,18641600,66.55515748118758,1.8866545649336501,1.5367068546507765,0.34994771028287364,134.31850967407226,140.25576107569833,128.3812582724462,0.0,0.0,136.61363553282413,132.54829411043542,1.918833265768433,0.2979265592580731,139.07635498046875,1
2019-11-13,139.07635498046875,139.21797962831948,138.10392623677834,138.53822165522573,16919200,67.09303212311016,1.9728171555424865,1.6239289148291187,0.34888824071336777,134.64422760009765,140.86812800052374,128.42032719967156,0.0,0.0,137.06140270512316,132.80429649749556,1.8613489890379127,-0.09239550253197149,139.7843780517578,1
2019-11-14,139.7843780517578,140.11482102285734,138.7836276674025,138.8025138272731,19729800,68.78223128179255,2.0743216848626105,1.7140074688358173,0.36031421602679314,135.03933486938476,141.51011560337747,128.56855413539205,0.0,0.0,137.556489131784,133.078025185898,1.8234807294962647,0.16611896543571802,141.58766174316406,1
2019-11-15,141.58766174316406,141.60654790799413,139.98268347475755,140.605782854921,23485700,72.63513089033663,2.2740607224208986,1.8260181195528338,0.44804260286806485,135.6322334289551,142.22029391083285,129.04417294707733,0.0,0.0,138.28942960658037,133.41173642343784,1.8233870956919827,0.19036685622763527,141.93701171875,1
2019-11-18,141.93701171875,142.13528048377106,140.65302590478782,141.68211325705687,21534000,73.32207164349046,2.432504573575443,1.9473154103573558,0.48518916321808714,136.19445190429687,142.91816486926027,129.47073893933347,0.0,0.0,138.95262635424757,133.74606094482263,1.7990204873556432,-0.08310163205695376,141.9842071533203,1
2019-11-19,141.9842071533203,142.87166976324727,141.80482457396164,142.4468246260913,23935700,73.41914917852435,2.5326855221257745,2.0643894327110397,0.4682960894147348,136.85627288818358,143.10687117333347,130.6056746030337,0.0,0.0,139.5038228631699,134.0691255020186,1.7467222517792138,0.11153060276771609,141.73788452148438,0
2019-11-20,141.73788452148438,142.89361502395266,140.63900530933563,142.39153703820168,25696800,71.94760936561946,2.562662687571475,2.1640440836831267,0.39861860388834813,137.46470947265624,143.09807447930547,131.831344466007,0.0,0.0,139.91001589195434,134.3698611498408,1.782999927696201,0.07357628980978204,141.60525512695312,0
2019-11-21,141.60525512695312,141.90840417755308,140.67688645563982,141.52946786430311,18576100,71.12103695829038,2.546364814923038,2.240508229931109,0.305856584991929,137.93905792236328,143.28197385362031,132.59614199110624,0.0,0.0,140.21824120740865,134.65360209011973,1.7436083415688484,-0.27710454219980696,141.70947265625,1
2019-11-22,141.70947265625,142.38207563417407,140.98004729526477,142.1641962701748,15901800,71.39909152558138,2.5128910729922893,2.294984798543345,0.21790627444894417,138.38132553100587,143.4267745248104,133.33587653720133,0.0,0.0,140.48937419810707,134.93030289663466,1.7192097699503095,-0.14396455660768404,143.26307678222656,1
2019-11-25,143.26307678222656,143.37676491417076,142.0220909584918,142.09787822814005,22420900,75.22814356577474,2.5819625037740934,2.352380339589495,0.22958216418459854,138.73794250488282,144.095285360042,133.38059964972365,0.0,0.0,140.99368375885606,135.25707834312846,1.7155013762339133,0.40995987875586404,144.02093505859375,1
2019-11-26,144.02093505859375,144.3903889638785,143.34834652958634,143.3862329369478,24620100,76.85588120354547,2.6671101538828736,2.415326302448171,0.25178385143470283,139.19665298461913,144.71146479494416,133.6818411742941,0.0,0.0,141.5440930860811,135.60075899863688,1.6734878623352014,0.09808705270528839,144.29566955566406,1
2019-11-27,144.29566955566406,144.46618007574097,143.53781129378612,144.3051375440203,15184400,77.4347444659324,2.7253430002713515,2.477329642012807,0.24801335825854443,139.58507385253907,145.38028912950773,133.7898585755704,0.0,0.0,142.04437971691434,135.9417358832262,1.6202650708794617,-0.3832518958087091,143.40518188476562,0
2019-11-29,143.40518188476562,144.2767137945009,143.3104441849264,144.08725284976603,11977300,71.2171903598408,2.668872931811478,2.5156382999725415,0.1532346318389366,139.9875061035156,145.66898947538976,134.30602273164146,0.0,0.0,142.29179829288728,136.2344200401493,1.5749050922979038,-0.21121018940491554,141.6715850830078,0
2019-12-02,141.6715850830078,143.83147163906838,140.50638654867225,143.81252120824163,27418400,60.9558525892284,2.455922871974053,2.5036952143728444,-0.047772342398791245,140.28673400878907,145.6523191778966,134.92114883968154,0.0,0.0,142.17903225472736,136.4476421986928,1.69991794930492,1.289197064446912,141.44422912597656,0
2019-12-03,141.44422912597656,141.55790280575013,138.92435655473977,139.72011567798677,24066000,59.740147150823546,2.2429572744240716,2.45154762638309,-0.20859035195901843,140.5354148864746,145.62437709800614,135.44645267494306,0.0,0.0,142.04543168586358,136.64358678407646,1.7747258478022856,-0.12226825781227202,141.95574951171875,1
2019-12-04,141.95574951171875,142.2683520428285,141.33998352527908,142.23046564524972,17574700,61.595947679401206,2.0913481643865452,2.379507733983781,-0.2881595695972359,140.81391830444335,145.5622539972742,136.06558261161248,0.0,0.0,142.02912583601906,136.85190689104283,1.7142717527842233,-0.2697290783678218,142.0315399169922,1
2019-12-05,142.0315399169922,142.40100822762935,141.60524923041157,142.14522803370429,17869100,61.87635509386539,1.9547790288588942,2.294561992958804,-0.3397829640999097,141.11509704589844,145.34131764223793,136.88887644955895,0.0,0.0,142.02956475983234,137.05502975480556,1.6486636988151913,0.016751352796918306,143.7556915283203,1
2019-12-06,143.7556915283203,143.86936520905385,142.3536631311451,143.0357341254345,16403500,67.66109296875115,1.9630428941912328,2.22825817320529,-0.26521527901405717,141.49304122924804,145.21409046965323,137.77199198884284,0.0,0.0,142.3434059904665,137.3178008047473,1.6621752411899393,-0.0820186802916767,143.38621520996094,0
2019-12-09,143.38621520996094,144.19144220254154,142.9599245188649,143.11149903945875,16687400,65.37193151591518,1.9176726790218765,2.1661410743686074,-0.24846839534673082,141.77226181030272,145.1672765965266,138.37724702407886,0.0,0.0,142.5330076667382,137.55577784024587,1.6314139870818456,0.017307281982503753,143.16835021972656,0
2019-12-10,143.16835021972656,143.88830758229085,142.8178322988556,143.31991030056835,16476100,63.99699539045789,1.8428928510611513,2.1014914297071163,-0.258598578645965,142.03350906372071,144.98493393917587,139.08208418826555,0.0,0.0,142.64852449455424,137.77587871787256,1.591346936821375,-0.012662248163284873,143.70834350585938,1
2019-12-11,143.70834350585938,143.86938606188855,142.41052061289452,143.55676893961564,18856600,65.91078337485231,1.8063794263268846,2.04246902903107,-0.23608960270418544,142.27643966674805,144.923810774267,139.6290685592291,0.0,0.0,142.84121886024607,138.0085243958328,1.5818839734051362,0.14448200727113814,145.16717529296875,1
2019-12-12,145.16717529296875,145.356636210502,143.06412586198456,143.66092702946716,24612100,70.47664119130451,1.8735605674432065,2.008687336713497,-0.13512676927029066,142.58098068237305,145.08313074829695,140.07883061644915,1.0,0.0,143.26412002983201,138.28925580356363,1.6326430001988712,0.3052246958624567,146.38922119140625,1
2019-12-13,146.38922119140625,146.73025664985508,144.77878159231992,144.9398241067343,23845400,73.65936259897933,2.002329389931731,2.007415747357144,-0.0050863574254131905,142.91122283935547,145.58720066505302,140.23524501365793,1.0,0.0,143.8323202410273,138.60690150504766,1.655416718580035,-0.031151344257499325,147.33656311035156,1
2019-12-16,147.33656311035156,147.6870666103958,146.66397453162102,146.93869075639589,24144200,75.83425129523269,2.155969510601466,2.0371265000060084,0.11884301059545743,143.19866790771485,146.42306291485622,139.97427290057348,1.0,0.0,144.46945530817715,138.9492411758439,1.629875911466428,0.012530718713043232,146.54078674316406,0
2019-12-17,146.54078674316406,147.50705622541088,146.3134249664761,147.2607440202635,25425600,70.56364328319486,2.188292635560231,2.067359727116853,0.12093290844337767,143.42885665893556,146.90741557198365,139.95029774588747,0.0,0.0,144.8460610236293,139.24694884515057,1.5987155791427383,0.05307278766743151,146.23764038085938,0
2019-12-18,146.23764038085938,147.28916512798332,146.05764744455877,146.17133556245182,24129200,68.60744633866935,2.1644965976026356,2.08678710121401,0.07770949638862579,143.6415283203125,147.25814357906327,140.0249130615617,0.0,0.0,145.09907545221657,139.5210936112568,1.5724871580200108,-0.05098798061795984,147.50704956054688,1
2019-12-19,147.50704956054688,147.56388638841537,145.65029793884352,145.8871276915896,24958900,72.09590427244189,2.222449760572715,2.113919633085751,0.10853012748696411,143.92998657226562,147.804357776284,140.05561536824723,0.0,0.0,145.53688892645843,139.8342683543662,1.5968515359879991,0.03438572352170821,149.1175079345703,1
2019-12-20,149.1175079345703,150.14061433101858,148.0565006781002,149.06067109948032,53477500,75.77398590114804,2.3709972114192794,2.165335148752457,0.20566206266682263,144.30559921264648,148.63545060990944,139.97574781538353,1.0,0.0,146.18791056429694,140.1983169653546,1.670902481308264,1.1426224713428876,149.1175079345703,0
2019-12-23,149.1175079345703,149.79009642305894,148.9848838343794,149.79009642305894,17718200,75.77398590114804,2.4603606306133656,2.2243402451246386,0.23602038548872706,144.6760009765625,149.31084096795288,140.04116098517213,0.0,0.0,146.72056463161937,140.5480891602258,1.6090674889776417,-0.6686793511289795,149.0890655517578,0
2019-12-24,149.0890655517578,149.40168254944408,148.84275336603747,149.18378877670062,8989200,75.56995852974431,2.5000674996651355,2.279485696032738,0.22058180363239765,144.96730041503906,149.9309761828089,140.00362464726922,0.0,0.0,147.15120116255363,140.88302941087412,1.5340576100082821,-0.49265726766827334,150.31109619140625,1
2019-12-26,150.31109619140625,150.36793301566482,149.10799707648653,149.25957157780272,14520600,78.2764125265277,2.6001699979578348,2.3436225564177575,0.25654744154007725,145.28180847167968,150.7384122724981,139.82520467086127,0.0,0.0,147.72572753143592,141.25275751991458,1.5158297424296197,0.6153384060873048,150.5858612060547,1
2019-12-27,150.5858612060547,151.14477604561935,149.88483981841782,151.05003834690453,18412800,78.8439251962364,2.670884890974378,2.409075023329082,0.261809867645296,145.59631805419923,151.4963994958905,139.69623661250796,0.0,0.0,148.24575183591205,141.61876158603772,1.497551634199042,0.26804677492665596,149.28802490234375,0
2019-12-30,149.28802490234375,150.64269883538293,148.47332983592014,150.61428041660776,16348400,69.59548959814299,2.5923197613782065,2.445723970938907,0.14659579043929938,145.8904602050781,151.90963016004886,139.87129025010736,0.0,0.0,148.4352560298087,141.91951701020656,1.5455385888607382,-0.11211765728189083,149.39222717285156,1
2019-12-31,149.39222717285156,149.45854645177255,148.20807823448885,148.5112273010824,18369400,69.90076891965934,2.50953621120658,2.458486418992442,0.05104979221413819,146.2764923095703,152.15246173803237,140.40052288110823,0.0,0.0,148.6092507830892,142.2125644675652,1.5244621337480926,0.12362066012576145,152.15841674804688,1
2020-01-02,152.15841674804688,152.2626224460996,149.98906197669726,150.41535275784207,22622100,76.61367769803607,2.6367432965725186,2.494137794508457,0.14260550206406153,146.81220169067382,152.78114900867706,140.84325437267057,0.0,0.0,149.2545536858088,142.60259789032918,1.6206002151409467,0.23151001121430204,150.2637481689453,0
2020-01-03,150.2637481689453,151.5236842826628,149.7332517957889,149.9795640082844,21116200,65.79050559560807,2.5552169577534585,2.5063536271574574,0.04886333059600112,147.22760162353515,152.9375677121605,141.5176355349098,0.0,0.0,149.4380435918336,142.90303515615727,1.67806912493502,-0.0665676484499671,150.6521759033203,1
2020-01-06,150.6521759033203,150.7184951877552,148.26492739771743,148.80490629687822,20813700,66.82521416069474,2.493209452215666,2.5037247921690993,-0.010515339953433234,147.65863342285155,153.02578252019146,142.29148432551165,0.0,0.0,149.6587949211948,143.20692302859504,1.733461886728073,-0.01432549417035267,149.27853393554688,0
2020-01-07,149.27853393554688,151.2584272318134,149.03223619242732,150.92687424549183,21634100,59.92265070973668,2.3066371532715095,2.464307264389581,-0.1576701111180716,147.93477554321288,153.03178407747242,142.83776700895334,0.0,0.0,149.5896565601679,143.44502541710295,1.768656826203646,0.039416345964436994,151.65631103515625,1
2020-01-08,151.65631103515625,152.32891395537885,149.62904874222338,150.55741741152548,27746500,66.3936789194349,2.323856036366493,2.436217018784964,-0.11236098241847081,148.34828033447266,153.23986864618163,143.4566920227637,0.0,0.0,149.96541191925667,143.76703661781093,1.8602084828913839,0.2825354417331898,153.5509796142578,1
2020-01-09,153.5509796142578,153.67413574703286,152.54682348378634,153.3141497927336,21385000,70.48334822001371,2.4620055774504976,2.4413747305180706,0.020630846932427005,148.8674118041992,153.6524851620748,144.0823384463236,0.0,0.0,150.61733331834776,144.15072065688727,1.8714667849617574,-0.22927216045266974,152.84042358398438,0
2020-01-10,152.84042358398438,154.62138769177605,152.6888490950364,154.24246592434494,20725900,67.18143065093169,2.485502821440946,2.450200348702646,0.035302472738299784,149.32401580810546,153.78459262661147,144.86343898959944,0.0,0.0,151.02153154846349,144.491493320695,1.8758290572316068,-0.030820668693009146,154.67828369140625,1
2020-01-13,154.67828369140625,154.70670211208954,152.76469478737948,153.23835440536027,21626500,70.96961650873067,2.6221974477070944,2.4845997685035357,0.1375976792035587,149.79957122802733,154.41150206268844,145.18764039336622,1.0,0.0,151.6863955744531,144.89097529601702,1.8805560763372107,0.04345287780024032,153.58883666992188,0
2020-01-14,153.58883666992188,154.98139677965818,153.20043240422595,154.7824534261497,23477400,66.09899024132369,2.612504330415902,2.510180680886009,0.10232364952989315,150.15955200195313,154.7744377466584,145.54466625724785,0.0,0.0,152.0322939554474,145.23206789891526,1.8734423834154266,0.08558481492613224,154.5835418701172,1
2020-01-15,154.5835418701172,155.3035137214435,154.00569102831227,154.0530454248941,21417900,68.24206610168636,2.6544875812100486,2.539042060950817,0.1154455202592315,150.52190093994142,155.3273631902917,145.71643868959114,0.0,0.0,152.49615721266008,145.59879236837415,1.862102002565869,-0.08772266094201231,157.4160614013672,1
2020-01-16,157.4160614013672,157.4823806970836,155.38879848368157,155.69194762704794,23865400,73.39894546608225,2.8830858447956302,2.60785081771978,0.27523502707585035,151.06566467285157,156.38034124764414,145.750988098059,1.0,0.0,153.39068524697046,146.06221468339348,1.9361546328801944,0.11427357490697032,158.2970428466797,1
2020-01-17,158.2970428466797,158.64754632231816,156.71500707487465,158.60017747170502,34371700,74.77112563205671,3.0996090914497643,2.706202472465777,0.3934066189839873,151.66863479614258,157.37723335989645,145.96003623238872,1.0,0.0,154.28275026509942,146.54201186626744,1.9358963910632887,0.44023146479841113,157.72862243652344,0
2020-01-21,157.72862243652344,159.32959395002115,157.66230316439436,157.89913292781256,29517200,72.18386602804969,3.188582552930427,2.802678488558707,0.38590406437172,152.1797134399414,158.1315386849559,146.2278881949269,0.0,0.0,154.9092724780856,146.98070247686573,1.916710276389253,-0.14123537677798892,156.9707794189453,0
2020-01-22,156.9707794189453,158.66648878308445,156.95182898866327,158.58121907428676,24138800,68.76735608085006,3.161499268609276,2.8744426445688207,0.2870566240404555,152.57237701416017,158.69797307893032,146.44678094939002,0.0,0.0,155.28409192187826,147.37247020008454,1.9022780991058192,-0.18221240497066116,157.9370574951172,1
2020-01-23,157.9370574951172,158.0128447653816,156.56344755206595,157.43497947769117,19680800,70.6733131279765,3.1813337012875422,2.9358208559125654,0.24551284537497686,153.0133544921875,159.34690151303997,146.679807471335,0.0,0.0,155.7664492988308,147.78676774106623,1.8699294644065214,-0.18468192287934782,156.3455352783203,0
2020-01-24,156.3455352783203,158.7043650014878,155.7866204878923,158.6854145724222,24918100,63.77059568984012,3.0336599466181724,2.9553886740536868,0.07827127256448563,153.3761779785156,159.59935492900664,147.1530010280246,0.0,0.0,155.87173765873797,148.12240568370365,1.944773396491448,0.2661121499126051,153.73094177246094,0
2020-01-27,153.73094177246094,154.77299856024104,151.76051631780365,152.66046656819069,32078100,54.374709449017544,2.674817950935534,2.8992745294300564,-0.2244565784945225,153.54717025756835,159.60994224047397,147.48439827466274,0.0,0.0,155.48250204305123,148.34234827541962,2.133362365350392,0.2873413301977277,156.7434539794922,1
2020-01-28,156.7434539794922,157.02763819872118,154.47936148498258,155.1519500770846,24899900,61.42672292650215,2.603506045466588,2.840120832637363,-0.23661478717077467,153.85504989624025,159.91041283297344,147.79968695950706,0.0,0.0,155.71176603149502,148.67180340106952,2.216457655415381,-0.2237726049859562,159.18753051757812,1
2020-01-29,159.18753051757812,159.8601335879613,156.9613388116909,158.99806954653704,34754500,66.01607798955631,2.7129343784596642,2.814683541801823,-0.10174916334215878,154.35002517700195,160.4494468412022,148.25060351280172,0.0,0.0,156.34372321078285,149.0841848566189,2.2807592234906466,0.39576865770545266,163.6777801513672,1
2020-01-30,163.6777801513672,164.88087936173753,161.7926100859004,164.88087936173753,51597500,72.4915521626116,3.125948748275505,2.876936583096559,0.24901216517894564,155.06430282592774,161.9670287194471,148.1615769324084,1.0,0.0,157.67718810907093,149.6564827113149,2.5245156249669867,0.48462788991353634,161.26211547851562,0
2020-01-31,161.26211547851562,163.31779605239475,160.6463638869867,163.13781757767464,36142700,65.28447998145718,3.221209562709703,2.945791179019188,0.27541838369051463,155.51948776245118,162.78671508868106,148.2522604362213,0.0,0.0,158.32899308533356,150.11160556493064,2.560722813496522,-0.2995261398323562,165.1935577392578,1
2020-02-03,165.1935577392578,165.3072314390198,161.4232162077576,161.4516346326981,30107000,70.43599203654385,3.572754488690748,3.0711838409535,0.5015706477372479,156.2659782409668,164.2520014766784,148.2799550052552,1.0,0.0,159.57709574968342,150.70305466980625,2.6667508954256403,-0.1669963782451228,170.63108825683594,1
2020-02-04,170.63108825683594,171.12369816863662,167.02180529379913,167.8080817735197,36433300,75.78759074638282,4.241229392343797,3.3051929512315597,0.9360364411122375,157.2649238586426,166.99905553791436,147.53079217937082,1.0,0.0,161.5869125691657,151.4845461830231,2.8998501478508665,0.21012721294051206,170.4226837158203,0
2020-02-05,170.4226837158203,174.49615834021887,169.0111876454054,174.3351158434909,39186300,75.225539783427,4.700005329058229,3.584155426796894,1.1158499022613348,158.32213134765624,168.91228776487606,147.73197493043642,1.0,0.0,163.19341641401198,152.2272182431328,3.084501615491052,0.07556274067954316,173.95620727539062,1
2020-02-06,173.95620727539062,174.1362002133704,170.57427122162437,171.43633505355797,27751400,78.1802378264159,5.287760374494752,3.9248764163364656,1.3628839581582866,159.43712615966797,171.56877044859496,147.30548187074098,1.0,0.0,165.15028747971718,153.07933546008408,3.1294312499238393,-0.2918086167869893,174.20249938964844,1
2020-02-07,174.20249938964844,175.85083973913436,172.86677606101028,173.21729393859556,33529100,78.37384233531041,5.7076400759086425,4.2814291482509015,1.426210927657741,160.4697021484375,173.87066650015626,147.06873779671875,1.0,0.0,166.79614419061377,153.9076948298709,3.1190478519381415,0.20819490187882406,178.7591094970703,1
2020-02-10,178.7591094970703,178.89173359155058,173.59622334452445,173.90884037900125,35844300,81.62265245382551,6.335051587569609,4.692153636114643,1.642897951454966,161.7656364440918,176.86952232526374,146.66175056291985,1.0,0.0,168.97122879178767,154.88226011093758,3.2745094515872837,0.0690504666096019,174.7235107421875,0
2020-02-11,174.7235107421875,180.6537222092398,173.83302860981544,180.60635337040168,53159900,71.39319550597784,6.432490887341004,5.0402210863599155,1.3922698009810883,162.76789779663085,178.50462060962914,147.03117498363255,0.0,0.0,170.0170982373149,155.6603483709866,3.527808319289931,0.48307820211302777,174.97933959960938,1
2020-02-12,174.97933959960938,176.05928293291046,172.2700060504583,175.8035026959606,47062900,71.63587744902675,6.455935479636139,5.323363965015161,1.1325715146209783,163.83742294311523,179.83872721136865,147.8361186748618,0.0,0.0,170.91932393955025,156.4179558701483,3.54648464523009,-0.11469171311458448,174.03204345703125,0
2020-02-13,174.03204345703125,176.4192778019826,173.23628422043473,173.4352276433204,35295800,69.29180562286953,6.325164052201444,5.523723982452418,0.8014400697490265,164.80984802246093,180.80730065240724,148.81239539251462,0.0,0.0,171.48527294272859,157.10870440296725,3.520520997824217,-0.250029216219145,175.5855712890625,1
2020-02-14,175.5855712890625,175.64240811266504,173.02779858742983,173.59619573333484,23149500,70.96949981682417,6.274554310160255,5.673890047993985,0.6006642621662701,165.71832351684571,181.9942814307692,149.44236560292222,0.0,0.0,172.2307817329711,157.83328741810826,3.4558130354964307,-0.344128763195621,177.36656188964844,1
2020-02-18,177.36656188964844,177.81180305026547,175.727703793834,175.83190947940273,27792200,72.80389342161115,6.305471234702765,5.800206285335741,0.5052649493670236,166.67179946899415,183.3268752878356,150.0167236501527,0.0,0.0,173.1645599432761,158.5992981816981,3.367985801618326,0.2005529277090219,177.89854431152344,1
2020-02-19,177.89854431152344,178.75345463359423,177.12912212277422,178.6394704558321,29997500,73.3456772032137,6.300274018528654,5.900219831974324,0.4000541865543301,167.68029556274413,184.48907808593572,150.87151303955255,0.0,0.0,174.0252843738665,159.3561313632599,3.2434391379898746,0.07934960168680427,175.1818084716797,0
2020-02-20,175.1818084716797,177.87004642669885,172.0281254659961,177.58507149081467,36862400,66.1033589240592,6.007684462865882,5.921712758152635,0.08597170471324667,168.59084701538086,184.94733032011612,152.2343637106456,0.0,0.0,174.23556148255977,159.97674615182538,3.4310805456711213,0.22884907075589633,169.64381408691406,0
2020-02-21,169.64381408691406,174.30785891305882,168.3709427375459,173.99438799966083,48572600,54.32705446287527,5.268206661064852,5.791011538735079,-0.522804877670227,169.1761848449707,184.78660336278813,153.56576632715326,0.0,0.0,173.40069831971508,160.35584685516218,3.6724937734184544,0.31767329311168013,162.3295440673828,0
2020-02-24,162.3295440673828,165.80620582569023,155.05325577394382,159.36584000819616,68311100,43.344110786261886,4.045332636317227,5.441875758251509,-1.3965431219342825,169.47538528442382,184.30027202991266,154.65049853893498,0.0,0.0,171.3877611829274,160.4332467458375,4.452355526243582,0.40637108163861924,159.65081787109375,0
2020-02-25,159.65081787109375,166.0816754656081,159.25184432237913,165.4737357884397,68073300,40.14331579590136,2.827452235043836,4.918991053609975,-2.091538818566139,169.77137908935546,183.52469659306612,156.0180615856448,0.0,0.0,169.25377148986672,160.40256326055345,4.6221752131711105,-0.003481132641693696,161.6455841064453,1
2020-02-26,161.6455841064453,164.5807916536019,159.78377552086138,161.20863524213226,56206100,43.48990325112276,2.0001774068372526,4.335228324255431,-2.3350509174181786,170.01648559570313,182.98466880875478,157.04830238265149,0.0,0.0,167.870464692881,160.45130917607864,4.644160825266612,-0.1743297298647194,150.25624084472656,0
2020-02-27,150.25624084472656,158.66292127296975,150.06626239603057,155.13877539221548,93174900,32.36385140717796,0.420681968910543,3.5523190531864537,-3.1316370842759107,169.56992111206054,184.47013243277544,154.66970979134564,0.0,1.0,164.6678785386711,160.05150257484917,5.139529459920049,0.6577364378599475,153.89434814453125,1
2020-02-28,153.89434814453125,155.50920080368482,144.38578921735436,144.77525436429954,97012700,37.83478661272229,-0.5313891675879177,2.73557740903158,-3.2669665766194975,169.08074951171875,185.3060505731958,152.8554484502417,0.0,0.0,162.70905483064567,159.8100455383661,5.566949611806507,0.041189204388735634,164.1343536376953,1
2020-03-02,164.1343536376953,164.25784613285873,154.17933661297113,157.02905638868572,71030800,50.075478855458044,-0.45439159510394234,2.0975836082044754,-2.5519752033084178,169.22436141967773,185.2195186810058,153.22920415834966,0.0,0.0,162.96820006829105,159.97962624814372,5.909560210129434,-0.26781957413823143,156.26913452148438,0
2020-03-03,156.26913452148438,166.23366029061174,154.13184460346224,165.09377523321822,71677000,43.06179759410642,-1.0163124966435646,1.4748043872348675,-2.491116883878432,168.77814025878905,185.67094072678825,151.88533979078986,0.0,0.0,161.75018815068984,159.8341167686669,6.351864172773724,0.009097461946085295,162.00657653808594,1
2020-03-04,162.00657653808594,162.14905673296266,157.32352937599967,160.04977122484704,49814400,48.70573153179236,-0.9872943241990697,0.9823846449480802,-1.96967896914715,168.34691467285157,185.46728316817843,151.2265461775247,0.0,0.0,161.79680422112548,159.91931126942842,6.318154032681193,-0.3050155558965917,157.9409637451172,0
2020-03-05,157.9409637451172,162.31052511256803,157.39001621509487,157.73198314771483,47817300,45.28055984297122,-1.2776304594813723,0.5303816240621897,-1.808012083543562,167.72282867431642,185.39608767201244,150.0495696766204,0.0,0.0,161.0957423163967,159.8417290135731,6.21832223730919,-0.0400908171131239,153.47642517089844,0
2020-03-06,153.47642517089844,154.93927504171984,148.18543814642317,154.46432171432747,72821100,41.80395821780077,-1.8466874265549507,0.054967813938761656,-1.9016552404937124,166.6988395690918,185.1642361163838,148.23344302179981,0.0,0.0,159.7104119263061,159.59210925503683,6.470979620265249,0.5229027987778483,143.07492065429688,0
2020-03-09,143.07492065429688,149.84775902864055,142.48598322850134,143.435889783358,70419300,35.05160286984166,-3.101234556765405,-0.5762726602020718,-2.524961896563333,165.14246063232423,185.91837300476945,144.366548259879,0.0,1.0,156.68577714957715,158.94437636873332,6.793798357560381,-0.03298219884072062,152.8589630126953,1
2020-03-10,152.8589630126953,152.9634533148357,144.93674572307532,150.23722610593282,65354400,44.18433705401096,-3.2683067406561293,-1.1146794762928833,-2.153627264363246,163.84745330810546,184.2931031271141,143.4018034890968,0.0,0.0,155.98999276105317,158.70573270771223,7.0148508077731275,-0.07192488422918153,145.9342041015625,0
2020-03-11,145.9342041015625,149.80031771147364,143.57842451456716,149.2588783066117,56371600,39.907186768050295,-3.914360510226061,-1.674615683079519,-2.239744827146542,162.40798797607422,183.62721343597974,141.1887625161687,0.0,0.0,154.1616675502367,158.20488844864752,7.176685642798486,-0.13744751692311463,132.0940399169922,0
2020-03-12,132.0940399169922,145.78220065599004,131.63808870236042,138.0214636849162,93226400,33.02599913693922,-5.479978577914949,-2.4356882620466047,-3.044290315868344,160.26372299194335,184.43071190009772,136.096734083789,0.0,1.0,150.1493716169195,157.1809336042689,7.685216339684458,0.653783110644367,150.8736572265625,1
2020-03-13,150.8736572265625,153.79937110403267,133.6803430845326,140.11121440764762,92727400,46.504949339299095,-5.146063391689353,-2.9777632879751543,-2.1683001037141985,159.1058036804199,182.73632592789943,135.4752814329404,0.0,0.0,150.28105990958184,156.93358943259415,8.686653114495602,-0.0053525610771197885,128.63638305664062,0
2020-03-16,128.63638305664062,141.86859292875943,128.2374239215494,132.98695814086605,87905900,37.00728971218285,-6.599717941487114,-3.7021542186775465,-2.8975637228095676,156.75834426879882,182.59862076644055,130.9180677711571,0.0,1.0,146.345664118138,155.82389506490972,9.683051699532566,-0.05199649725970967,139.2278594970703,1
2020-03-17,139.2278594970703,140.1112659453661,128.2374298483012,132.98696428712717,81059800,42.980408662271444,-6.818506514411354,-4.325424677824309,-2.493081836587045,154.8514091491699,179.9451959466499,129.75762235168992,0.0,0.0,145.0515178233984,155.17307014068072,9.839536299356306,-0.07787986926929824,133.36688232421875,0
2020-03-18,133.36688232421875,138.68636514109926,128.25639461563904,131.08711225665544,81593200,40.681578565989966,-7.379760623631768,-4.936291866985801,-2.4434687566459665,152.62482604980468,177.03692013007392,128.21273196953544,0.0,0.0,142.92703864172935,154.3179255204273,9.920388340933089,0.006580327116523899,135.56121826171875,1
2020-03-19,135.56121826171875,142.62851332778473,132.0370573323498,135.6182103558471,85922700,41.93378976973553,-7.560343048962494,-5.46110210338114,-2.0992409455813537,150.64379653930663,173.81106389329184,127.47652918532143,0.0,0.0,141.5877985726365,153.58236837302698,9.968321744826076,0.05306201987420511,130.46966552734375,0
2020-03-20,130.46966552734375,139.7312540410922,129.05429960314785,138.6863510776693,84866200,39.83263129096434,-8.021831001477011,-5.973247883000314,-2.0485831184766967,148.68508911132812,171.71930532445435,125.6508728982019,0.0,0.0,139.56631983712873,152.6759878692747,10.018938365763095,-0.012295935765519461,129.16831970214844,0
2020-03-23,129.16831970214844,133.52840283190852,125.88165036490471,130.14672252460196,78975200,39.29074013056893,-8.39578982210682,-6.457756270821616,-1.938033551285205,147.02702789306642,170.66016302075715,123.39389276537568,0.0,0.0,137.6757743580414,151.75411852938743,9.849496515851717,-0.06941514996547504,140.90914916992188,1
2020-03-24,140.90914916992188,142.10604082694735,134.19331668258258,136.5490811192796,82516700,46.37841025342728,-7.65650860070258,-6.697506736797809,-0.9590018639047706,146.0899444580078,169.1252705429365,123.0546183730791,0.0,0.0,138.26366068747421,151.32882561332994,10.070083987919373,0.044843191280300676,139.5602569580078,0
2020-03-25,139.5602569580078,146.59906738567054,137.20449296873716,141.45057605299218,75638200,45.718022298211665,-7.09764994441943,-6.777535378322133,-0.32011456609729727,144.98567810058594,167.0283732597897,122.94298294138218,0.0,0.0,138.49940546393486,150.8673131170428,10.021833304277518,-0.08335888371687183,148.28988647460938,1
2020-03-26,148.28988647460938,148.81233788571038,140.9376058301492,140.96610186217097,64568100,50.61862723715312,-5.882532119005191,-6.5985347264587455,0.7160026074535546,144.8873603820801,166.852549583503,122.9221711806572,0.0,0.0,140.27949292042112,150.76623756243757,9.966850991665021,-0.1463559418389121,142.20101928710938,0
2020-03-27,142.20101928710938,147.1310370046496,141.7260659731949,144.1483307730437,57042300,47.40397385128923,-5.349200924660664,-6.348667966099129,0.9994670414384652,144.30269393920898,165.8971450144677,122.70824286395025,0.0,0.0,140.62886135072807,150.4303466496796,9.723777385218554,-0.1165560083075079,152.20350646972656,1
2020-03-30,152.20350646972656,152.55498171253677,142.49546138832392,144.8037415996008,63420300,52.71637365707604,-4.072470089171588,-5.893428390713622,1.8209583015420332,143.70615158081054,163.67418825318902,123.73811490843207,0.0,0.0,142.73334228145507,150.49988232889712,9.768790602376328,0.11181176074597277,149.809814453125,0
2020-03-31,149.809814453125,156.52564829002736,148.7174128879949,151.41514484103993,77927200,51.3789530183459,-3.2167222725011015,-5.358087167071118,2.1413648945700166,143.38318557739257,162.72718962025397,124.03918153453117,0.0,0.0,144.01997358539504,150.47282084357272,9.628750945208909,0.2287422166088775,144.49029541015625,0
2020-04-01,144.49029541015625,149.8477681249907,143.2649222575526,145.33571171552185,57969900,48.437940056438215,-2.9339558751470918,-4.873260908686313,1.9393050335392212,142.5073715209961,159.8855558803043,125.12918716168787,0.0,0.0,144.10548664444252,150.23821200304658,9.411186296796709,-0.256101848905132,147.4824981689453,1
2020-04-02,147.4824981689453,147.69147878711792,142.82796147930063,144.25282142442757,49630700,50.16593065425922,-2.4402856186825943,-4.38666585068557,1.9463802320029755,141.9844482421875,158.0536336555357,125.91526282883933,0.0,0.0,144.71948873980665,150.13014479386615,9.086352797583894,-0.14385396559248853,146.12411499023438,0
2020-04-03,146.12411499023438,149.49628588002253,144.56626894886142,147.33050027358752,41243300,49.357248212609655,-2.134058456293502,-3.9361443718071563,1.8020859155136542,141.6168327331543,156.93650690102115,126.29715856528745,0.0,0.0,144.9748753307935,149.9730455858806,8.78947166426798,-0.16899620597734866,156.99107360839844,1
2020-04-06,156.99107360839844,158.1594547108867,149.68628926690775,152.28903866452734,67111700,55.532844420028106,-1.002937246063425,-3.34950294665841,2.346565700594985,142.31264038085936,159.03400623117304,125.59127453054569,0.0,0.0,147.1596386539944,150.2482623710774,9.021319382581149,0.6272146021293155,155.30026245117188,0
2020-04-07,155.30026245117188,161.48415028222087,155.08177345892028,161.0946850293483,62769000,54.420859826766645,-0.24018120790049124,-2.7276385989068266,2.4874573910063353,142.4347053527832,159.49445792038665,125.37495278517976,0.0,0.0,148.63975207166303,150.44638002127718,8.83425205691825,-0.06470853815355593,156.85809326171875,1
2020-04-08,156.85809326171875,158.3209431578964,155.30974074936518,157.3710364866465,48318200,55.30879404473414,0.4844281881727852,-2.0852252414909045,2.5696534296636897,142.98089981079102,161.11923957990447,124.84256004167756,0.0,0.0,150.13399592440044,150.69781975619645,8.418996960475843,-0.23022192483550796,156.8675994873047,1
2020-04-09,156.8675994873047,158.98588747288602,155.1482705957952,158.02648687721998,51385100,55.314514803735996,1.0473798847080218,-1.4587042162511192,2.506084100959141,144.21957778930664,162.5968849629287,125.84227061568458,0.0,0.0,151.3582874812921,150.93977190251442,8.091755525948342,0.06347297705626453,157.21902465820312,1
2020-04-13,157.21902465820312,157.2760312253535,154.16983281192037,156.1171440984928,41905300,55.54108348938589,1.5045368698747268,-0.8660559990259501,2.370592868900677,144.53684616088867,163.57009473340582,125.50359758837153,0.0,0.0,152.42387605891227,151.18601710861986,7.7356443036258264,-0.18448538584142093,164.99874877929688,1
2020-04-14,164.99874877929688,165.04624700105933,159.58428487008902,160.53419132764907,52874300,60.33565410514749,2.4661673508774697,-0.19961132904526618,2.665778679922736,146.35496444702147,165.90529132871012,126.80463756533283,0.0,0.0,154.71021655352766,151.7276928604111,7.742185592142282,0.2617568660766061,163.2699432373047,0
2020-04-15,163.2699432373047,164.8752876336318,160.76219051302303,162.62399924309832,40940800,58.81767657588971,3.0535666605540257,0.4510242688745922,2.6025423916794335,147.55706863403321,168.13616579053587,126.97797147753056,0.0,0.0,156.26653049603257,152.1803301300932,7.491783640294536,-0.2256956593278776,168.1714630126953,1
2020-04-16,168.1714630126953,168.3994458213664,164.23885015327437,165.5687281288851,50479600,61.75552457532118,3.8699857409807237,1.1348165632958185,2.735169177684905,149.29729766845702,170.65388974271184,127.9407055942022,0.0,0.0,158.43106368088033,152.80743338039133,7.323049279135049,0.2329900734719399,169.65335083007812,1
2020-04-17,169.65335083007812,170.9832144782494,167.06009497450415,170.5082611046987,52765600,62.623654183584335,4.583741191237522,1.8246014888841593,2.7591397023533624,151.001904296875,173.12924246859473,128.8745661251553,0.0,0.0,160.471479526189,153.46805759410452,7.080197152321493,0.04528562032979666,166.29063415527344,0
2020-04-20,166.29063415527344,169.795791556013,166.22414823554044,167.781994358711,36669600,59.332357027068895,4.822464032152482,2.424173997537824,2.3982900346146576,152.79295272827147,173.7505805279539,131.83532492858905,0.0,0.0,161.52950764056797,153.9709037337582,6.829586164332284,-0.3050472277392847,159.41336059570312,0
2020-04-21,159.41336059570312,164.97030648601222,157.7890136465808,164.808824074953,56203700,53.176873236009854,4.405926326896122,2.8205244634094835,1.5854018634866383,154.30520477294922,172.3943131242729,136.21609642162554,0.0,0.0,161.14475363241073,154.1843334146188,6.949017188929452,0.532705565372952,164.82781982421875,1
2020-04-22,164.82781982421875,165.28377099611347,162.2630745524747,162.80451385139472,34620200,56.9625264746984,4.461291808791742,3.1486779324859353,1.3126138763058068,155.50113830566406,173.04391565837543,137.9583609529527,0.0,0.0,161.81440203092126,154.6017250385247,6.871973846892374,-0.38402276006739766,162.83297729492188,0
2020-04-23,162.83297729492188,166.29063651962912,162.34853017767068,165.38822820580504,32790800,55.19203025775186,4.294695653423673,3.3778814766734833,0.9168141767501901,156.66477432250977,172.8592695320824,140.47027911293713,0.0,0.0,161.9995975334668,154.92451924465792,6.6626975965399495,-0.05284198242644467,165.80621337890625,1
2020-04-24,165.80621337890625,165.8157072276836,162.15857521767563,163.4409405350451,34277600,57.321261329021205,4.352410425536647,3.5727872664461158,0.7796231590905309,157.54059066772462,173.7232632010879,141.35791813436134,0.0,0.0,162.69170950536488,155.35125234796178,6.448014340359093,0.04534198616685159,165.3312225341797,0
2020-04-27,165.3312225341797,168.03844725298504,164.61879268800635,167.74397856900762,33194400,56.85643822572877,4.31013742546989,3.7202572982508704,0.5898801272190193,158.6971008300781,173.5835754378249,143.81062622233134,0.0,0.0,163.17162096514937,155.74262372781345,6.23170292783192,-0.031600812192218775,161.30361938476562,0
2020-04-28,161.30361938476562,166.87007201792397,160.9046603967209,166.7940777590931,34392700,52.93654971163419,3.906608898678371,3.757527618336371,0.14908128034200008,159.15210647583007,173.77073978911395,144.5334731625462,0.0,0.0,162.8319843141705,155.9607019888704,6.2126821202155735,0.03609946255994978,168.54190063476562,1
2020-04-29,168.54190063476562,168.7793772559572,163.26993123985068,164.54280245077612,51286600,58.47712597319395,4.123347059754195,3.830691506619936,0.29265555313425917,160.0887107849121,174.5929685130079,145.58445305681633,0.0,0.0,163.87015091791505,156.4540823279251,6.302901816713859,0.491205982664926,170.23277282714844,1
2020-04-30,170.23277282714844,171.36314953679909,167.40204064561368,170.98319268415975,53875900,59.67150775641589,4.381050841644651,3.9407633736248795,0.4402874680197715,161.3758346557617,174.6297030461618,148.1219662653616,0.0,0.0,165.0269912650484,156.99442313181623,6.135630893461825,0.05048687181446998,165.8251953125,0
2020-05-01,165.8251953125,169.69130747870238,165.29323546301947,166.99357632410124,39370500,55.21317626036624,4.181427383647929,3.9888961756294896,0.19253120801843915,162.29296951293946,174.02561133942555,150.56032768645338,0.0,0.0,165.17211927367595,157.3407279232156,6.050195641366621,-0.26923726564196604,169.8813018798828,1
2020-05-04,169.8813018798828,170.03329042260975,165.09377873938547,165.7492166472734,30372900,58.30081839201763,4.300939701035475,4.051304880710687,0.249634820324788,163.48082885742187,173.0328459871424,153.92881172770134,0.0,0.0,166.02833429298627,157.83251513720256,5.970861072927883,-0.22853659465843712,171.7051239013672,1
2020-05-05,171.7051239013672,174.4503535890993,170.88820358800612,171.57213754777004,36839200,59.647920143827186,4.491051225477037,4.139254149663957,0.35179707581307973,164.2165313720703,173.92119105913616,154.51187168500445,0.0,0.0,167.06047785814644,158.37653901030706,5.870731832662783,0.21289702333330052,173.3959503173828,1
2020-05-06,173.3959503173828,174.97279880598006,172.53154629757884,172.95900138331487,32139300,60.908742112027845,4.723699669830211,4.256143253697208,0.4675564161330028,165.12131576538087,174.70558707774492,155.53704445301682,0.0,0.0,168.21238194164397,158.96553553215318,5.684799194944932,-0.12757877478338286,174.40289306640625,1
2020-05-07,174.40289306640625,175.30530162125282,173.43398407869637,174.94433240154322,28316000,61.67670654287414,4.932468674076517,4.39140833777307,0.5410603363034472,165.99855575561523,175.60862457936022,156.38848693187023,0.0,0.0,169.33792941887347,159.57092210212392,5.415124345582437,-0.11896027604832715,175.42877197265625,1
2020-05-08,175.42877197265625,175.73274909057017,174.17490259732813,175.71374689709387,30877800,62.48531589241309,5.121660157969501,4.537458701812357,0.5842014561571442,166.9266143798828,176.41445789999182,157.4387708597738,0.0,0.0,170.44535533774305,160.19279856763498,5.139604498986694,0.09047181805339743,177.38558959960938,1
2020-05-11,177.38558959960938,178.11700735240797,173.69045296591057,173.97541339197414,30892700,64.04375280562644,5.36762001834947,4.70349096511978,0.66412905322969,167.93494262695313,177.36801445617152,158.50187079773474,1.0,0.0,171.70721611262783,160.8670256669281,5.088672348094602,0.0004825473317400242,173.367431640625,0
2020-05-12,173.367431640625,177.6705069643846,173.16795939072577,177.4425386787855,32038200,58.65538583388301,5.178617336524809,4.7985162394007865,0.3801010971240224,168.35337677001954,177.9690221524881,158.73773138755098,0.0,0.0,172.0090734813546,161.3572376658966,5.046806292777761,0.03707995740093928,170.74569702148438,0
2020-05-13,170.74569702148438,174.83029795760064,167.69649071381875,173.405438177171,44711500,55.381300819428326,4.762381506941296,4.791289292908889,-0.02890778596759347,168.7271644592285,178.10149894844852,159.3528299700085,0.0,0.0,171.7793686704691,161.72541254258633,5.1958777892780565,0.3955684152043497,171.48667907714844,1
2020-05-14,171.48667907714844,171.6386676488033,166.87962514805278,168.6464524338636,41873900,56.12669509276446,4.441108339976495,4.72125310232241,-0.28014476234591523,168.89292526245117,178.33906012841658,159.44679039648577,0.0,0.0,171.7261523807744,162.1082073086476,5.1646752686689466,-0.06346465674379076,173.98487854003906,1
2020-05-15,173.98487854003906,177.6895081033715,168.13345100384268,170.09025608059895,46610400,58.63568594143671,4.338074239365966,4.644617329731122,-0.3065430903651558,169.10950164794923,178.81062482057376,159.4083784753247,0.0,0.0,172.13682986427705,162.57395912164336,5.478345399444652,0.11311341909877037,175.64724731445312,1
2020-05-18,175.64724731445312,176.87262055157336,174.74483886920328,176.44516544534193,35264500,60.26410678301455,4.340523387680037,4.583798541320905,-0.2432751536408686,169.57733230590821,179.5871050108228,159.56755960099363,0.0,0.0,172.77508758249087,163.08663708998884,5.293302300308198,-0.2434199234505604,174.4313507080078,0
2020-05-19,174.4313507080078,177.25257442284837,174.29836436598677,175.76121412821837,26799100,58.451553263972116,4.195982980999645,4.5062354292566535,-0.3102524482570086,170.32823181152344,179.383130158735,161.27333346431186,0.0,0.0,173.07622633258484,163.53152782010724,5.126224282919154,-0.24005444568900736,176.85084533691406,1
2020-05-20,176.85084533691406,177.0318325808868,175.21245438645676,176.04117015118126,31261300,60.96733531846864,4.227929721308101,4.450574287666943,-0.22264456635884233,170.92938308715821,180.04001663745814,161.8187495368583,0.0,0.0,173.7625206970083,164.05385399723693,4.945814110773428,0.16650559160568834,174.7266387939453,0
2020-05-21,174.7266387939453,177.81291307895333,174.5932820706001,176.6031677448123,29119500,57.665962790963896,4.03532530961715,4.367524492056985,-0.33219918243983493,171.52406616210936,179.97170042735493,163.0764318968638,0.0,0.0,173.9378148964514,164.4723945775,4.822515317743414,-0.06851282576220441,174.8028564453125,1
2020-05-22,174.8028564453125,175.7077927017451,173.87887960911883,174.49804728640393,20826900,57.75435678325026,3.8445178446165755,4.262923162568903,-0.4184053179523275,171.9738983154297,180.10805185890774,163.83974477195164,0.0,0.0,174.0950951780625,164.87751072917894,4.608686587377903,-0.28477824138463914,172.95489501953125,0
2020-05-26,172.95489501953125,177.65096998396217,172.50719436134594,177.4985581567519,36073600,54.76838943224765,3.5037969210396227,4.1110979142630475,-0.6073009932234248,172.35508193969727,179.90165020924658,164.80851367014796,0.0,0.0,173.88778605832954,165.19427089742805,4.64690723275207,0.7320676624941782,173.18350219726562,1
2020-05-27,173.18350219726562,173.3549691405075,168.22071368879833,171.64989267092176,39517100,55.077805534402536,3.215157488870801,3.9319098291845984,-0.7167523403137972,172.94907608032227,178.53921629274987,167.35893586789467,0.0,0.0,173.759734447227,165.50757408565698,4.681717819820435,0.09545761997693614,172.79293823242188,0
2020-05-28,172.79293823242188,175.4124564029149,171.821345594234,172.1642649179447,33810200,54.39321236876441,2.921219412467565,3.729771745841192,-0.8085523333736271,173.16162796020507,178.37595352656157,167.94730239384856,0.0,0.0,173.58395331726243,165.7932746404321,4.6038173190247536,-0.1444159616975942,174.55519104003906,1
2020-05-29,174.55519104003906,175.52679835595217,171.8499462743446,174.0598598251902,42130400,56.99084406019352,2.798214369597275,3.543460270592409,-0.7452459009951338,173.37774887084962,178.4448114571314,168.31068628456782,0.0,0.0,173.7605419941309,166.13687920512257,4.537605516352097,0.24608550082519476,174.1551055908203,0
2020-06-01,174.1551055908203,174.31703770681008,172.8501138394492,173.87885733693813,22622400,56.20810632070463,2.638038766047856,3.3623759696834985,-0.7243372036356424,173.79424438476562,177.49477040744364,170.0937183620876,0.0,0.0,173.83228082989262,166.4513194555421,4.335282065226224,-0.46303856597611226,176.1364288330078,1
2020-06-02,176.1364288330078,176.22215504170484,172.74534536425864,175.50774089964386,30794600,59.19687222832355,2.6405362154523004,3.218008018837259,-0.5774718033849586,174.10700073242188,177.4741313359379,170.73987012890586,0.0,0.0,174.25121683045901,166.8311276664231,4.273962608956222,0.3612437230355754,176.56507873535156,1
2020-06-03,176.56507873535156,177.11756076291744,174.86953695945328,176.05070693577963,27311000,59.83553592409752,2.6465956199823495,3.1037255390662777,-0.4571299190839282,174.3499984741211,177.69005894103432,171.00993800720786,0.0,0.0,174.67191899498494,167.21285123775365,4.129252694278217,-0.11312372948503957,174.2408905029297,0
2020-06-04,174.2408905029297,177.02234188231384,173.650312641528,175.5554175206785,28761800,54.82471999829197,2.435777053765918,2.9701358420062056,-0.5343587882402878,174.39224548339843,177.70422435052083,171.08026661627602,0.0,0.0,174.59355017824763,167.48846062070174,4.075165304743048,0.05312145289443815,178.3177490234375,1
2020-06-05,178.3177490234375,178.82260047028618,173.37400133185187,173.95505869036717,39893600,60.995045381970776,2.568067152482797,2.889722104101524,-0.32165495161872704,174.58798828125,178.3159684285938,170.8600081339062,1.0,0.0,175.27067724100942,167.9131385972796,4.1732677214352805,0.3870341911841402,179.42274475097656,1
2020-06-08,179.42274475097656,179.60373200642374,175.688741626046,177.1175700198365,33211600,62.49048308619347,2.7305953260107287,2.8578967484833653,-0.12730142247263654,174.787686920166,179.062252205036,170.51312163529602,1.0,0.0,176.02559860645798,168.3644957013462,4.15481933993117,-0.1674955381314296,180.7943878173828,1
2020-06-09,180.7943878173828,181.65167887606577,178.3748973930078,179.07979116522557,29783900,64.31920740128434,2.93623313876148,2.873564026538989,0.06266911222249139,174.9581268310547,179.85934920808208,170.05690445402732,1.0,0.0,176.89265119026248,168.85194245099467,4.092102350154512,-0.10320791530670004,187.50033569335935,1
2020-06-10,187.50033569335935,189.1006306413369,181.94695568547104,182.06127181126325,43872300,71.60734439507311,3.5988314478177585,3.018617510794743,0.5802139370230157,175.6647720336914,182.94350333871975,168.38604072866306,1.0,0.0,178.82132109991645,169.58325198991093,4.393112383997338,0.47302065881231137,177.43190002441406,0
2020-06-11,177.43190002441406,186.4716109809636,177.2413924938844,183.9664086116524,52854700,53.8291987676344,3.2737687995805516,3.069647768551905,0.20412103102864654,175.99908218383788,182.9501946686716,169.04796969900417,0.0,0.0,178.56869908618873,169.89104210891105,4.812100299388596,0.20473966489105888,178.8321533203125,1
2020-06-12,178.8321533203125,182.62330696543887,176.39360750554297,181.49928782354132,43373600,55.48447205758637,3.093483297647765,3.0744148743710773,0.019068423276687785,176.3663558959961,183.09772328395334,169.63498850803884,0.0,0.0,178.61659985602938,170.2416739211229,4.9133573822819745,-0.17938045244793743,179.97520446777344,1
2020-06-15,179.97520446777344,181.7660071501727,175.27911483833037,175.8220765372761,32770200,56.84460432118099,3.008164169177121,3.0611647333322862,-0.053000564155165186,176.6658721923828,183.47931020764838,169.85243417711723,0.0,0.0,178.8636188763465,170.6233810013837,5.025752734393428,-0.24446668019255957,184.385498046875,1
2020-06-16,184.385498046875,186.30012233881743,182.37561274079428,183.73775512727295,42556700,61.70625722615429,3.2588559162104502,3.1007029699079194,0.15815294630253085,177.1027847290039,184.67710797715756,169.52846148085024,0.0,0.0,179.86759690735167,171.1630718659128,5.118550244154183,0.29864022801203527,185.0237274169922,1
2020-06-17,185.0237274169922,187.00503755358736,184.49982084857655,185.7762371899588,25687800,62.366968951920505,3.4690417541951035,3.1743707267653565,0.29467102742974705,177.6324035644531,185.84028653703763,169.4245205918686,0.0,0.0,180.80507518183177,171.706626985563,4.940049477194052,-0.39638646793571874,187.00503540039065,1
2020-06-18,187.00503540039065,187.166967513347,184.7951075498981,184.7951075498981,23061600,64.41934985589856,3.7522370874263515,3.2899439988975554,0.46229308852879614,178.14011306762694,187.29354663033934,168.98667950491455,0.0,0.0,181.9323406761152,172.3065645704582,4.7566073690694,-0.1022353023614323,185.8905334472656,0
2020-06-19,185.8905334472656,189.8340984950889,185.1475439842548,189.1673149430012,44441100,62.35918155387846,3.842447097686687,3.400444618655382,0.4420024790313053,178.69830780029298,188.30156050120073,169.09505509938523,0.0,0.0,182.65201208905162,172.8392692322938,4.751603593481164,0.9270605682172963,191.05340576171875,1
2020-06-22,191.05340576171875,191.2343784743109,185.96676585995343,186.50019277764127,32818900,67.53826928689577,4.28118894736059,3.5765934843964238,0.7045954629641664,179.51083526611328,190.33102194574704,168.6906485864795,1.0,0.0,184.17953821135472,173.55354909619282,4.793906553021459,-0.26151917931824364,192.32977294921875,1
2020-06-23,192.32977294921875,194.272972584817,191.87253753572176,192.50122532818784,30917400,68.68539261277364,4.677962548844562,3.7968672972860515,0.8810952515585102,180.47957916259764,192.20952131912762,168.74963700606767,1.0,0.0,185.66139907278455,174.28987160023306,4.681453715169802,-0.05793917529228587,188.45294189453125,0
2020-06-24,188.45294189453125,193.60625328078623,187.2336761239844,192.03454781345783,36740600,61.568609751260816,4.6262520664555495,3.9627442511199513,0.6635078153355982,181.24305114746093,192.96176865165236,169.5243336432695,0.0,0.0,186.16895231310212,174.84528612157808,4.802248246714947,0.18834701494951056,190.83432006835935,1
2020-06-25,190.83432006835935,191.09151325340733,186.1953951212048,188.41484367523896,27803900,64.03379798492604,4.722984824131885,4.114792365722338,0.6081924584095466,182.1451202392578,193.90058839687526,170.38965208164035,0.0,0.0,187.01720099587615,175.47230706066756,4.808953238535488,-0.24323772611225725,187.0145568847656,0
2020-06-26,187.0145568847656,190.4056400596345,185.6333592367713,190.25322823418625,54675800,57.64633435488779,4.440238954969033,4.179881683571677,0.2603572713973552,182.76808853149413,194.16368203211195,171.3724950308763,0.0,0.0,187.0167202484015,175.92494430867143,4.836953780896386,0.9664795226568934,189.0244903564453,1
2020-06-29,189.0244903564453,189.11021657945696,184.3665099538067,186.49069762115764,26701600,59.91233419775171,4.328449973109713,4.209595341479285,0.11885463163042775,183.51155776977538,194.49519937581954,172.52791616373122,0.0,0.0,187.3817693589549,176.43865199681943,4.830293269807377,-0.5116376898006065,193.85386657714844,1
2020-06-30,193.85386657714844,194.7016373382491,188.3576515970513,188.4910083054899,34310300,64.7872079571545,4.576788332870194,4.283033939757467,0.2937543931127271,184.3974296569824,195.71182190113205,173.08303741283277,0.0,0.0,188.55851430771736,177.12160158820487,4.938414160620978,0.2849529616202775,194.9874267578125,1
2020-07-01,194.9874267578125,196.5591465629425,192.1964558697461,193.50144769462972,32061200,65.8373367122817,4.809624745010467,4.388352100808067,0.42127264420239996,185.31854705810548,196.92811665887322,173.70897745733774,0.0,0.0,189.72740748046192,177.82222218309147,4.897291055804935,-0.06555174393695185,196.473388671875,1
2020-07-02,196.473388671875,198.1498896510141,195.2731782720934,195.92090671600337,29315800,67.21750447577826,5.0557741693759795,4.52183651452165,0.5339376548543298,186.43017196655273,197.8399252461605,175.02041868694496,0.0,0.0,190.9539495152643,178.55364047676926,4.773374758476125,-0.08562998265816624,200.7027282714844,1
2020-07-06,200.7027282714844,201.1123332401444,198.2165666631552,198.9214604627047,31897600,70.82969532290242,5.528393838356266,4.723147979288573,0.8052458590676927,187.54942092895507,199.90864778325542,175.19019407465473,1.0,0.0,192.72645474366794,179.42223215499337,4.7637726020327875,0.08806855006515257,198.3689727783203,0
2020-07-07,198.3689727783203,204.4843554530496,198.12131446740048,200.46458446974043,33600700,66.47691253199085,5.649509735243839,4.908420330479626,0.7410894047642129,188.49673233032226,201.12071189998625,175.87275276065827,0.0,0.0,193.75236711360472,180.16524159120226,4.878006058005383,0.053392731741572996,202.7317047119141,1
2020-07-08,202.7317047119141,203.1412952180682,198.78813883046487,200.10266563587945,33600000,70.16775431247952,6.028043429955346,5.132344950374771,0.8956984795805756,189.59359817504884,203.12925726471707,176.0579390853806,0.0,0.0,195.38497394966097,181.0502009292694,4.870457228129847,-2.0832899314648934e-05,204.1510009765625,1
2020-07-09,204.1510009765625,206.11325624543244,201.43622130626397,206.06562572695827,33121700,71.27572853104289,6.369139976211784,5.3797039555421735,0.9894360206696104,190.42613143920897,205.3240798264749,175.52818305194305,0.0,0.0,196.97879704546125,181.95611465661426,4.856641350346891,-0.014235119047619094,203.53176879882807,0
2020-07-10,203.53176879882807,203.92231857782488,201.0646627926,203.48413829544992,26177600,70.05326135694841,6.51440062959955,5.606643290353649,0.9077573392459009,191.7311248779297,206.41847898809343,177.04377076776595,0.0,0.0,198.1702464551643,182.80221874062266,4.730191124176578,-0.20965409384180156,197.2449951171875,0
2020-07-13,197.2449951171875,205.56077192573025,196.70203337523785,204.30339601897944,38135600,58.99107768133426,6.052461638366765,5.695806959956272,0.3566546784104929,192.65176696777343,206.25808545887188,179.04544847667498,0.0,0.0,198.0020189391685,183.36860212793894,5.025087368913423,0.45680276266731856,198.4642333984375,1
2020-07-14,198.4642333984375,198.9405094425568,192.44409722406945,196.3495665997644,37591800,60.30039274276022,5.7188308769209755,5.700411743349213,0.01841913357176228,193.57621841430665,206.0794726631595,181.0729641654538,0.0,0.0,198.08605793176284,183.96058766795852,5.130182001025845,-0.014259641909396992,198.16896057128903,0
2020-07-15,198.16896057128903,201.3028655638792,195.3017835765053,199.6168440382108,32179400,59.80242162624811,5.368712865338551,5.634071967747081,-0.2653591024085298,194.26539154052733,206.1715376991077,182.35924538194698,0.0,0.0,198.10113113894943,184.51777876220677,5.1923891429078495,-0.14397820801344974,194.2444610595703,0
2020-07-16,194.2444610595703,195.9400029714762,192.7108512926449,195.6542343777719,29940700,53.480814447706315,4.720156480795396,5.451288870356745,-0.7311323895613491,194.72642822265624,205.854074583094,183.5987818622185,0.0,0.0,197.3999183972441,184.89921728367202,5.211369152603298,-0.0695693518213516,193.2537841796875,0
2020-07-17,193.2537841796875,195.31128577018185,191.8344762485348,194.76833860463785,31635300,51.986868700983614,4.0792089471507325,5.176872885715543,-1.0976639385648106,195.0388656616211,205.61921535254373,184.45851597069844,0.0,0.0,196.64607581223382,185.22684735802557,5.0874720361064245,0.05659854312023427,201.56002807617188,1
2020-07-20,201.56002807617188,202.226811632274,193.3775945758893,195.2731784676859,36884800,61.65785119162875,4.1931617151298894,4.9801306515984125,-0.7869689364685231,195.8223403930664,205.88490390091576,185.75977688521706,0.0,0.0,197.53952167840436,185.86736424893328,5.365011708712145,0.16593805021605612,198.8452606201172,0
2020-07-21,198.8452606201172,203.78900858696971,198.1594219117219,203.52229514868185,37990400,57.5759339405299,4.0180929845435855,4.787723118187447,-0.7696301336438616,196.21193313598633,206.1077461983055,186.31612007366715,0.0,0.0,197.77692875871577,186.37630136152873,5.38390992060755,0.029974406801717812,201.702880859375,1
2020-07-22,201.702880859375,202.22678735298064,198.50230563955367,199.27387041432303,49605700,60.53747173442762,4.0630989499276495,4.642798284535488,-0.5796993346078381,196.68058853149415,206.68380963684146,186.67736742614684,0.0,0.0,198.4907382315629,186.9773436947776,5.265379334380365,0.30574302981805923,192.92990112304688,0
2020-07-23,192.92990112304688,200.91229258668065,192.55840637545583,197.35927722794668,67457000,49.18554088335476,3.352218072616324,4.384682242151655,-1.0324641695353307,196.90443649291993,206.34576575387462,187.46310723196524,0.0,0.0,197.47967693910542,187.21077731941563,5.542457559347423,0.35986388660980495,191.74874877929688,0
2020-07-24,191.74874877929688,193.2347277928302,188.1385680275124,190.9104982445685,39827000,47.883645351537474,2.662835225960805,4.0403128389134855,-1.3774776129526805,196.9501579284668,206.2816796100374,187.61863624689622,0.0,0.0,196.43769000095838,187.38873698450902,5.5105791454881645,-0.40959426004714117,194.17776489257807,1
2020-07-27,194.17776489257807,194.2920665013878,191.3296286831325,191.91068608590265,30160900,50.76954796493637,2.2861424266382357,3.6894787564584357,-1.4033363298202,197.3083183288574,205.57621893379698,189.04041772391784,0.0,0.0,196.02679452670742,187.65497337306076,5.328569050685816,-0.2427021869585959,192.4345550537109,0
2020-07-28,192.4345550537109,194.9873873832045,192.1678416621158,193.9491092134384,23251400,48.68594392288065,1.8259003610868376,3.3167630773841164,-1.4908627162972787,197.4788215637207,205.17740893530353,189.78023419213784,0.0,0.0,195.3736600770717,187.84240794877252,5.149353098571737,-0.22908799140609204,194.37777709960935,1
2020-07-29,194.37777709960935,194.93977934418533,192.42504240875613,192.8917981652364,19632600,51.095400189130956,1.599518730927798,2.973314208092853,-1.373795477165055,197.50501708984373,205.1575159182189,189.85251826146856,0.0,0.0,195.1925904448058,188.09869693507983,4.961166229775841,-0.15563794008102738,194.2253570556641,0
2020-07-30,194.2253570556641,194.75879841254388,190.10081947244336,191.4629619263642,25079600,50.89354045153039,1.3917672082841364,2.6570048081311097,-1.2652375998469734,197.4669136047363,205.17655124783897,189.75727596163364,0.0,0.0,195.01672982859822,188.3389581162792,4.939509994799033,0.27744669580188064,195.28271484375,1
2020-07-31,195.28271484375,195.36845558536268,189.56740183239611,194.7016574395373,51044000,52.30133315400043,1.2974859561652181,2.3851010377379316,-1.0876150815727135,197.40737991333006,205.16502530567374,189.64973452098639,0.0,0.0,195.065090740444,188.61126230167022,5.001048834668142,1.0352796695322093,206.265625,1
2020-08-03,206.265625,207.3134381221961,200.455065920416,201.4838239309017,78983000,63.88342067553796,2.08496229866563,2.3250732899234716,-0.24011099125784163,197.68552474975584,206.25252194107173,189.11852755843995,1.0,0.0,197.1015515149087,189.30359025062435,5.503168437795138,0.5473513047566805,203.1698303222656,0
2020-08-04,203.1698303222656,204.57961789051777,200.3312291436676,204.0080808185462,49280100,59.49789550638566,2.4312127089687294,2.346301173732523,0.08491153523620643,197.9255676269531,206.81854574597625,189.03258950792994,0.0,0.0,198.20487493442812,189.8473643710809,5.533970396262085,-0.3760670017598724,202.83645629882807,0
2020-08-05,202.83645629882807,204.79871139406023,201.53146450991576,204.70345036554147,28806400,59.027962951801214,2.648191453530643,2.406679229692147,0.2415122238384959,197.9308052062988,206.83521562305842,189.02639478953918,0.0,0.0,199.04698063704626,190.3567405251102,5.37206157396797,-0.41545573162392124,206.08465576171875,1
2020-08-06,206.08465576171875,206.1036963389564,201.5124027056989,202.2649124807569,32656800,62.16369044794465,3.0471258521099287,2.5347685541757032,0.5123572979342255,198.02748794555663,207.2367237093841,188.81825218172915,0.0,0.0,200.32655793244126,190.97352151478114,5.316292435345795,0.13366474116862914,202.3982391357422,0
2020-08-07,202.3982391357422,205.4654576513193,200.92178067076236,204.6557971952133,27820400,56.84629083764877,3.0308830904960473,2.633991461439772,0.3968916290562752,197.9708114624023,207.05697930752555,188.88464361727907,0.0,0.0,200.70322724213233,191.4215496567796,5.305334053603694,-0.14809779280272406,198.3689727783203,0
2020-08-10,198.3689727783203,201.82674151677796,196.55912962091008,201.6266991825336,36716500,51.64624136218155,2.6621943445883005,2.639632038069478,0.022562306518822517,198.02701034545896,207.10842859731957,188.94559209359835,0.0,0.0,200.27881733962104,191.69399762233022,5.343460872262867,0.3197689465284468,193.7301025390625,0
2020-08-11,193.7301025390625,197.7974906283487,193.50148474142105,197.3307492768412,36446500,46.385374181591224,1.9729449166618167,2.506294613787946,-0.5333496971261291,197.7903038024902,207.0586633151015,188.5219442898789,0.0,0.0,199.08814192133767,191.7738448739668,5.309462812594037,-0.007353642095515589,199.26437377929688,1
2020-08-12,199.26437377929688,200.30265206772677,195.03504017950797,195.5494119121457,28013100,52.59007423472791,1.851931305209149,2.3754219520721866,-0.5234906468630376,197.8450744628906,207.13465943874627,188.55548948703495,0.0,0.0,199.12018407733024,192.06759110554836,5.399683292313339,-0.2313912172636604,198.7976531982422,0
2020-08-13,198.7976531982422,201.32192540104853,198.2737465497508,199.50254710119373,22588900,52.04308130909829,1.6987841694831332,2.240094395554376,-0.5413102260712428,198.0727340698242,207.2202840866594,188.925184052989,0.0,0.0,199.0615420993142,192.3315151091834,5.231718689383653,-0.19363083700126016,198.98814392089844,1
2020-08-14,198.98814392089844,199.64540724846157,197.66409697652952,198.8547871975373,17958900,52.2613290765238,1.5746335747018918,2.107002231383879,-0.5323686566819874,198.35945205688475,207.2404419749313,189.4784621388382,0.0,0.0,199.04819697596588,192.5925593763095,4.999546659565681,-0.2049679267250729,200.302734375,1
2020-08-17,200.302734375,201.1695606203391,199.0072624205275,199.65500566516243,20184800,53.82312542039762,1.5642876625970246,1.9984593176265084,-0.43417165502948385,198.29658737182615,207.10355653905202,189.48961820460028,0.0,0.0,199.27629468488115,192.89491918017973,4.798251662413894,0.12394411684457296,201.4552764892578,1
2020-08-18,201.4552764892578,202.28399227877523,199.28345856619637,200.54081995254023,21336200,55.20674813417746,1.630295932454601,1.924826640592127,-0.29453070813752613,198.42708816528318,207.33943011370133,189.51474621686503,0.0,0.0,199.6724731947678,193.23061946681025,4.669843237425677,0.05704292338789574,200.23301696777344,0
2020-08-19,200.23301696777344,202.52467686717384,199.8033352897376,201.9422149485262,27627600,53.380063632864584,1.5659307583219402,1.8530474641380899,-0.2871167058161497,198.3535949707031,207.18050531464198,189.52668462676425,0.0,0.0,199.77439024440517,193.50522329037744,4.530664547426432,0.2948697518770915,204.89273071289065,1
2020-08-20,204.89273071289065,205.29376795305888,199.47870611572912,200.080254691018,26981500,58.95581620547622,1.8693718949131437,1.8563123502931007,0.013059544620042995,198.95173645019528,207.84847863833969,190.05499426205088,0.0,0.0,200.7049976023116,193.95179220890736,4.622407210990955,-0.023386034255599486,203.40316772460935,0
2020-08-21,203.40316772460935,206.487344560312,203.24084416167003,204.20524223675469,36249300,56.624400322654814,1.9669817561982086,1.8784462314741224,0.08853552472408621,199.53445739746093,207.98313827399562,191.08577652092623,0.0,0.0,201.19557398818392,194.32243438599372,4.524128152966029,0.3434872041954673,204.04293823242188,1
2020-08-24,204.04293823242188,205.79032438204533,202.83981177895024,205.0932698409318,25460100,57.40354230521429,2.072076796219136,1.917172344423125,0.15490445179601098,200.02771606445313,208.3182794393234,191.73715268958287,0.0,0.0,201.71327657804537,194.7036306152654,4.411727042260963,-0.29763885095712195,206.6974334716797,1
2020-08-25,206.6974334716797,206.83111256977529,203.47957724399592,203.47957724399592,23043700,60.56842526116688,2.342557410236509,2.002249357585802,0.3403080526507072,200.74085998535156,208.74491841195763,192.7368015587455,0.0,0.0,202.6194869223425,195.17397582532087,4.335999062512277,-0.09490928943719779,211.1661376953125,1
2020-08-26,211.1661376953125,212.06370355764227,207.54724433690507,208.04377292307376,39600800,65.2493479624177,2.8842544400814063,2.178650374084923,0.7056040659964835,201.5802780151367,210.23394654850492,192.9266094817685,1.0,0.0,204.17342342651887,195.80111942806565,4.409589849901585,0.7185087464252702,216.35096740722656,1
2020-08-27,216.35096740722656,220.71464556244297,209.4951034735944,212.82755143281707,57602200,69.73805945029167,3.6893965978609344,2.480799618840125,1.2085969790208093,202.68655853271486,212.8258994043207,192.54721766110902,1.0,0.0,206.38752233210207,196.60699581940528,4.896015009826369,0.4545716248156604,218.5757751464844,1
2020-08-28,218.5757751464844,220.22766956393025,216.3509621275337,217.87872078167095,26292900,71.4426471661616,4.45563911551659,2.875767518175418,1.5798715973411719,203.85121154785156,215.55209302634205,192.15033006936108,1.0,0.0,208.6035682983534,197.46851657732995,4.823207326009954,-0.5435434757700226,215.3484039306641,0
2020-08-31,215.3484039306641,218.3752919271188,214.18347989796817,216.7520416656349,28774200,65.66442978898345,4.747740944149825,3.2501622033702993,1.497578740779526,204.30535049438475,217.00798276949004,191.60271821927947,0.0,0.0,209.8299020496826,198.16968863040188,4.79242789190326,0.09437148431705888,217.00982666015625,1
2020-09-01,217.00982666015625,217.18169350856164,214.2980283025981,215.3292731028088,25725500,67.13792013373254,5.055025489800357,3.611134860656311,1.4438906291440463,204.9973503112793,218.8344119013457,191.16028872121288,0.0,0.0,211.13534288795051,198.90851757274518,4.6560877000504215,-0.1059525547191581,221.19207763671875,1
2020-09-02,221.19207763671875,222.34745819379427,217.08621422726705,217.6782194580404,34080800,70.56257969775379,5.571795220394193,4.003266932603887,1.568528287790306,205.91513137817384,221.39463173001818,190.4356310263295,0.0,0.0,212.96384011499927,199.78238267329317,4.704769402449536,0.32478669024897466,207.48992919921875,0
2020-09-03,207.48992919921875,218.9577288996764,205.2555726982678,218.91954112244855,58400300,51.592403017769215,4.820126669914828,4.166638880066076,0.6534877898487519,205.98539505004882,221.480085532292,190.49070456780564,0.0,0.0,211.96858358485733,200.08463939980007,5.507036226449636,0.7135836013239125,204.57766723632807,0
2020-09-04,204.57766723632807,208.5021215523403,195.92668396583133,205.3892997487849,59664100,48.60168994048629,3.9439651513323497,4.122104134319331,-0.17813898298698128,206.09436645507813,221.51710084560878,190.67163206454748,0.0,0.0,210.62478061239744,200.26083656986,6.011922037882445,0.021640299792980544,193.51089477539065,0
2020-09-08,193.51089477539065,200.54817062580972,193.07165511687597,197.17753404239843,52924300,39.28275711529439,2.32974889172624,3.7636330858007128,-1.4338841940744729,205.85146255493163,221.89381703526126,189.809108074602,0.0,0.0,207.51316500566892,199.9961329700769,6.404357043708848,-0.1129624011759165,201.75128173828125,1
2020-09-09,201.75128173828125,205.14101948557263,197.3685013238326,198.2278794601493,45679000,47.374181553621334,1.6958525042685437,3.350076969494279,-1.6542244652257354,206.25252151489258,221.44102265667996,191.0640203731052,0.0,0.0,206.46554986614387,200.0649623335359,6.777626162742643,-0.1368993071235708,196.0985412597656,0
2020-09-10,196.0985412597656,205.04554135717223,194.8954293609468,203.766024749938,35461500,43.128268583894155,0.7289532166150536,2.8258522189184343,-2.0968990023033807,206.094229888916,221.63270353429246,190.55575624353955,0.0,0.0,204.5806392104387,199.90941640907434,7.018518007991413,-0.22368046585958534,194.8190155029297,0
2020-09-11,194.8190155029297,199.2113532265788,192.15497713349296,197.8459033435166,33620100,42.206164544404345,-0.13896655022989535,2.2328884650887684,-2.3718550153186637,205.8952980041504,221.89729641867245,189.89329958962833,0.0,0.0,202.80579853634615,199.7097928441275,7.02122215692673,-0.051926737447654525,196.13673400878903,1
2020-09-14,196.13673400878903,199.75562740153796,194.81902968180668,195.01955560675427,30375800,43.544853666586064,-0.7122598593962266,1.6438588001917693,-2.356118659587996,205.75272750854492,222.046493390558,189.45896162653185,0.0,0.0,201.59324134951757,199.5696728898005,6.872321424189698,-0.09649882064598259,199.35455322265625,1
2020-09-15,199.35455322265625,200.30940787534448,197.5880662872127,199.01080496489143,21823900,46.78634585078156,-0.8966122314613756,1.1357645938611405,-2.0323768253225163,205.70531845092773,222.06761223726042,189.34302466459505,0.0,0.0,201.18620714463367,199.5612368244223,6.679489455787251,-0.28153661796561735,195.79298400878903,0
2020-09-16,195.79298400878903,201.14016226576356,195.4014900352988,201.11151778672067,26328100,43.789426020605724,-1.3149438308356025,0.6456229089217919,-1.9605667397573945,205.4222038269043,222.25794990102554,188.58645775278308,0.0,0.0,200.20562111993465,199.4134622042014,6.612288225407073,0.2063884090377981,193.7496032714844,0
2020-09-17,193.7496032714844,195.10549542521736,190.9327843465496,191.01871778722528,34011300,42.122328671897925,-1.7907161247077,0.1583551021958935,-1.9490712269035935,205.09803314208983,222.55902933458123,187.63703694959844,0.0,0.0,199.03179969294368,199.19135008919292,6.48713904232367,0.29182508422559916,191.34332275390625,0
2020-09-18,191.34332275390625,194.45614366811049,187.3902250852239,193.6445259574675,55225300,40.18230002275974,-2.3350191754432785,-0.3403197533319409,-1.9946994221113377,204.42056274414062,222.883512270933,185.95761321734824,0.0,0.0,197.63389479493688,198.88358431133855,6.528480438078163,0.6237338766821616,193.3962860107422,1
2020-09-21,193.3962860107422,193.55862414931087,187.5143914784935,188.2878215402221,39839700,42.61083993077696,-2.571088380739866,-0.7864734788135259,-1.78461490192634,203.92021865844725,222.99845351878707,184.84198379810744,0.0,0.0,196.86342047053785,198.66839614268773,6.493891311845249,-0.27859694741359486,198.05596923828125,1
2020-09-22,198.05596923828125,198.7052780405181,192.95704840245924,195.80251145980125,33517100,47.79184243329054,-2.3550301116871992,-1.1001848053882606,-1.2548453062989386,203.62087020874023,222.86912934151727,184.3726110759632,0.0,0.0,197.08024751921846,198.64437940133845,6.4406297637176495,-0.15870099423439432,191.5343017578125,0
2020-09-23,191.5343017578125,198.705269916316,190.9995854542604,198.51428731939603,30803800,42.06759313269805,-2.679162718572911,-1.4159803880251909,-1.2631823305477203,202.8627136230469,222.75040461748944,182.97502262860434,0.0,0.0,196.07189374441737,198.36555282708252,6.530990813598933,-0.08095270772232677,194.0169219970703,1
2020-09-24,194.0169219970703,196.28948076547937,190.20704663295967,190.82771090807543,31202500,44.77906346829287,-2.704537218060267,-1.6736917540322063,-1.0308454640280607,202.00525283813477,221.86575466293885,182.14475101333068,0.0,0.0,195.69826251762697,198.19501828472912,6.498951050664702,0.0129432083054688,198.43792724609372,1
2020-09-25,198.43792724609372,199.60283667261436,193.3962806065888,194.3606932585249,29437300,49.32739332455194,-2.340923803570604,-1.8071381639398858,-0.5337856396307181,201.10960083007814,219.88767367398998,182.3315279861663,0.0,0.0,196.19638337734818,198.20454412635127,6.478065694619049,-0.05657239003284997,199.9847869873047,1
2020-09-28,199.9847869873047,202.97348710410117,198.66708273160543,201.35978019848167,32004900,50.852717944904185,-1.9059680857562284,-1.8269041483031545,-0.07906393745307394,200.18005142211913,217.16237645463082,183.19772638960745,0.0,0.0,196.8851840337039,198.27435757187885,6.339315277718221,0.0872226732750625,197.90321350097656,0
2020-09-29,197.90321350097656,200.58636790258805,197.47353172695807,199.8988712361869,24221900,48.72710053382682,-1.7095218261414402,-1.8034276838708116,0.09390585772937143,199.30779190063475,214.81188914741847,183.80369465385104,0.0,0.0,197.07028030048076,198.25980290243172,6.108852484711917,-0.24318151283084777,200.8346099853516,1
2020-09-30,200.8346099853516,202.41011456289075,197.21570216747432,198.35198170021263,33829100,51.78365880140224,-1.3022856145712467,-1.7031992700108989,0.4009136554396522,198.49903106689453,211.74872852986553,185.24933360392353,0.0,0.0,197.75470387954817,198.3607757292129,6.043535335476526,0.3966327992436596,202.86843872070312,1
2020-10-01,202.86843872070312,204.32936526589785,201.77990493075555,203.8519379094309,27158400,53.839727699892805,-0.8061422948278789,-1.5237878749742948,0.7176455801464159,197.58284912109374,206.12804645959943,189.03765178258806,0.0,0.0,198.68447385066725,198.5375468269184,5.861479617267221,-0.1971882196097443,196.88150024414065,0
2020-10-02,196.88150024414065,201.4648058885309,196.2608359241088,198.6097849842091,33154800,47.428282825839844,-0.8858297456398532,-1.3961962491074067,0.5103665034675535,197.05242767333985,204.2886795221646,189.81617582451508,0.0,0.0,198.35666046766238,198.47260382367222,5.914774130076301,0.22079356663131855,200.88235473632807,1
2020-10-05,200.88235473632807,200.91099921434176,197.63583971881565,197.8650101128524,21331600,51.578087374429934,-0.6190115240144678,-1.240759304088819,0.6217477800743512,196.86766204833984,203.48843312430847,190.2468909723712,0.0,0.0,198.81587760741976,198.56710385946266,5.780111618656645,-0.3566059816376512,196.6141662597656,0
2020-10-06,196.6141662597656,200.6913859913485,195.57337796687517,199.39279737852067,28554300,47.289486830058465,-0.7433939180335472,-1.1412862268777646,0.39789230884421745,197.0228256225586,203.46468726492114,190.58096398019606,0.0,0.0,198.4155664533008,198.49051807123925,5.746459129427806,0.3385915730653115,200.357177734375,1
2020-10-07,200.357177734375,200.62453590384288,197.3875788228527,197.7122259472169,25681100,51.127260011422294,-0.5337849761362747,-1.0197859767294666,0.48600100059319185,196.95312042236327,203.2165114777786,190.68972936694794,0.0,0.0,198.7685866862234,198.5637204109701,5.6224527376170546,-0.10062232308268804,201.0733337402344,1
2020-10-08,201.0733337402344,201.6557957748077,198.91536704931997,201.00648690794023,19925800,51.849618785678864,-0.30634917246004534,-0.8770986158755824,0.570749443415537,197.2018600463867,203.7004562300823,190.70326386269113,0.0,0.0,199.18763160513447,198.66213661996085,5.4165938796078175,-0.22410644403861202,206.0672149658203,1
2020-10-09,206.0672149658203,206.11496062047996,201.6939781716929,201.6939781716929,26458000,56.660108975982595,0.2737047221758928,-0.6469379482652874,0.9206426704411802,197.76427001953124,205.21744695242512,190.31109308663736,1.0,0.0,200.43846494344098,198.95253184921023,5.389810522510514,0.32782623533308586,211.40484619140625,1
2020-10-12,211.40484619140625,213.75379540238984,207.02206617071408,208.9126745888685,40461400,61.13002075784882,1.1508377035223134,-0.2873828179077673,1.4382205214300807,198.5276756286621,208.00934124519299,189.04601001213123,1.0,0.0,202.432352443071,199.4408579018454,5.5538655163718715,0.5292690301610099,212.7989044189453,1
2020-10-13,212.7989044189453,215.04281863790064,210.478600080842,212.6652253529177,28950800,62.22580092019595,1.9361421178450087,0.1573221692427879,1.7788199486022207,199.19989318847655,210.5441131263411,187.855673250612,1.0,0.0,204.31718007504813,199.9647028633003,5.483176447849497,-0.28448348302332593,210.8892059326172,0
2020-10-14,210.8892059326172,214.0975182512441,209.23731141011743,212.93259437204517,23421700,59.741227470388814,2.3770041914922047,0.6012585736926712,1.7757456177995334,199.95470428466797,212.2599457406186,187.64946282871733,0.0,0.0,205.51209386733342,200.39311474837154,5.4386786187978675,-0.1909826326042804,209.743408203125,0
2020-10-15,209.743408203125,210.4118036470309,206.25817945216272,207.29898225402468,22733100,58.238705285268985,2.6039179153133603,1.0017904420168091,1.6021274732965511,200.75439453125,213.4163074393067,188.0924816231933,0.0,0.0,206.28142374656824,200.75979292306775,5.380989180344768,-0.029400086244807166,209.743408203125,0
2020-10-16,209.743408203125,212.25466641165195,209.41876106893184,210.21127772889517,26057900,58.238705285268985,2.7520250446283683,1.3518373625391211,1.4001876820892472,201.67439880371094,214.13975984961712,189.20903775780477,0.0,0.0,206.91087546594218,201.11209156150136,5.199197477657292,0.1462537005511786,204.5490264892578,0
2020-10-19,204.5490264892578,212.26425615574857,204.0715990190784,210.4691242054964,27625800,51.43700217487849,2.42233465259082,1.5659368205494608,0.856397832041359,202.2320358276367,214.15213047434415,190.31194118092927,0.0,0.0,206.48144837927228,201.2468733233742,5.41301602472964,0.06016985252073259,204.9595947265625,1
2020-10-20,204.9595947265625,207.55680117288517,203.4700234408629,206.0576865835339,22753500,51.915028150403224,2.1691771432570874,1.6865848850909861,0.4825922581661013,202.57721710205078,214.3929720510718,190.76146215302975,0.0,0.0,206.2047477151432,201.39247024114627,5.318284718107686,-0.1763677431965771,205.10284423828125,1
2020-10-21,205.10284423828125,207.12713205079888,203.49868036105715,203.49868036105715,22724900,52.092220324740985,1.9575417093206227,1.7407762499369135,0.21676545938370917,203.25564422607422,213.96347193252905,192.5478165196194,0.0,0.0,206.00440162844103,201.53797510377902,5.197582358938689,-0.0012569494802997516,205.1887359619141,1
2020-10-22,205.1887359619141,206.30591426730527,202.1427469883616,204.2720689941964,22351500,52.205944267498815,1.7762740657078666,1.7478758130911043,0.02839825261676232,203.8142349243164,213.66746033356017,193.96100951507262,0.0,0.0,205.85609877998155,201.6811421962549,5.123695567510473,-0.01643131542933085,206.46826171875,1
2020-10-23,206.46826171875,206.51600737560176,203.53686488314025,205.32243880395163,18879600,53.959300555628225,1.7160832478590464,1.7415173000446926,-0.025434052185646205,204.21575164794922,213.81101209479854,194.6204912010999,0.0,0.0,205.9674011324849,201.86887237360767,4.970513205006975,-0.15533185692235418,200.59591674804688,0
2020-10-26,200.59591674804688,206.57330310558484,198.7053081481749,204.1957237576952,37111600,45.67716003981957,1.1809195239856933,1.6293977448328927,-0.44847822084719935,204.24630813598634,213.79123960748532,194.70137666448736,0.0,0.0,204.9907676080416,201.8189525451543,5.1774761873214725,0.9656984258141061,203.62277221679688,1
2020-10-27,203.62277221679688,204.97866419195947,200.83459813928872,202.0377098600853,36700300,49.94210719228664,0.9896324896947704,1.5014446938052683,-0.511812204110498,204.53228607177735,213.63225160881873,195.43232053473596,0.0,0.0,204.74204117326985,201.88969057149322,5.120709848506552,-0.011082788130934773,193.5299224853516,0
2020-10-28,193.5299224853516,199.41183029232755,192.97611964131525,198.29465216362,51195600,38.958594133780906,0.02335825360003696,1.205827405764222,-1.182469152164185,204.16705169677735,214.35290597563736,193.98119741791734,0.0,1.0,202.70347413910287,201.56185652889945,5.515420043290486,0.39496407386315635,195.47792053222656,1
2020-10-29,195.47792053222656,197.9987371980025,194.18886042941543,194.85727059823975,31432600,41.62696432678089,-0.578564545909785,0.8489490154294207,-1.4275135613392056,203.79752578735352,214.65884940585676,192.9362021688503,0.0,0.0,201.3897371196708,201.32327080353974,5.440662519673372,-0.38602926814023075,193.32945251464844,0
2020-10-30,193.32945251464844,195.06728067422344,190.608110506775,194.31295179301887,36953700,39.572313381341864,-1.214950916775166,0.4361690289885034,-1.6511199457636694,203.61992340087892,215.03009474318577,192.20975205857206,0.0,0.0,199.92423082784853,201.00978773338716,5.399887341514671,0.17564884864758246,193.1957855224609,0
2020-11-02,193.1957855224609,196.01260444475008,191.0855498716354,195.06729288841905,30842200,39.441876368393174,-1.7103615267527914,0.006862917840244398,-1.7172244445930358,203.23559494018554,215.47629958742837,190.9948902929427,0.0,0.0,198.70087713595984,200.70335627413516,5.366113572343243,-0.1653826274500253,197.11065673828125,1
2020-11-03,197.11065673828125,198.72436357805276,193.95008988401972,194.6853321124804,27512000,45.14489087467667,-1.7667150241711909,-0.34785267056204267,-1.4188623536091483,203.26041946411132,215.44921330413223,191.07162562409042,0.0,0.0,198.41174615456373,200.56246609625856,5.377718178289572,-0.10797543625292616,206.6210174560547,1
2020-11-04,206.6210174560547,208.46389468820024,202.83024295706136,204.35801637531904,42311800,55.98827112861565,-1.0320718663242587,-0.48469650971448586,-0.5473753566097729,203.5736114501953,215.76981166412983,191.37741123626077,0.0,0.0,199.904340936653,200.80005634566234,5.8045410191202444,0.5379398080837452,213.20950317382807,1
2020-11-05,213.20950317382807,214.0020343366813,211.166114663916,212.01593477855403,36080100,61.644744956566576,0.080841968350569,-0.37158881410147493,0.45243078245204393,204.180419921875,217.00984850266914,191.35099134108086,0.0,0.0,202.32346134341208,201.2867013193159,5.91714643779927,-0.14728042768211236,213.62013244628903,1
2020-11-06,213.62013244628903,214.2312389796176,208.18700591079525,212.2260379268585,25231900,61.972780501294764,0.9846184820003714,-0.10034735488110569,1.084965836881477,204.55806579589844,218.01664697989307,191.09948461190382,0.0,0.0,204.37740154393515,201.77036528507958,5.926224054300918,-0.30066989836502667,208.5307464599609,0
2020-11-09,208.5307464599609,217.82147990831737,208.043775740156,214.3076211153665,44395000,55.62310638597242,1.2754938657853074,0.17482088925217693,1.1006729765331305,204.41436080932618,217.63674943500092,191.19197218365144,0.0,0.0,205.13255516503074,202.0354782723298,6.201329776719521,0.7594790721269504,201.48385620117188,0
2020-11-10,201.48385620117188,206.7260130000172,200.2521002250101,204.8163038729962,44045100,48.2512653221789,0.9267070504907906,0.3251981214998997,0.6015089289908909,203.8486083984375,216.54540779631841,191.1518090005566,0.0,0.0,204.46915535342,202.01384603424518,6.34970952373604,-0.007881518188985193,206.7738494873047,1
2020-11-11,206.7738494873047,208.19657408725112,202.6202244831886,202.8016492611516,29440800,53.25920526917787,1.0648740294188883,0.4731333030836974,0.5917407263351909,203.64284057617186,216.0055570139637,191.28012413838002,0.0,0.0,204.88819065048995,202.20051283632594,6.375638692474841,-0.33157604364617177,205.71389770507807,0
2020-11-12,205.71389770507807,209.2182126853454,204.7781441840893,207.40399459384705,21593900,52.16978833001774,1.076434636784171,0.5937935698237922,0.4826410669603789,203.44136505126954,215.52808746161483,191.35464264092425,0.0,0.0,205.0383192058696,202.33829263510054,6.237383678816359,-0.2665314801228228,206.73562622070312,1
2020-11-13,206.73562622070312,207.60454766415813,204.49172597949683,206.59240381570692,18621100,53.16430148506859,1.1547304399631173,0.7059809438516572,0.4487494961114601,203.29097595214844,215.13266809698666,191.44928380731022,0.0,0.0,205.34692048129386,202.5107370894379,6.014200679233855,-0.1376685082361222,207.42312622070312,1
2020-11-16,207.42312622070312,207.9101115453344,204.83547759620689,205.16966806985056,24953300,53.85950561662826,1.2577572892917601,0.8163362129396778,0.4414210763520823,203.4346809387207,215.40303351115352,191.46632836628788,0.0,0.0,205.7244124339137,202.7033798004679,5.804231627083401,0.340055098785786,204.77818298339844,0
2020-11-17,204.77818298339844,207.85280227776676,204.41533346837917,206.34414439621403,24154100,50.73913121531705,1.1131502914674911,0.8756990286452405,0.2374512628222506,203.4256103515625,215.38960054432823,191.4616201587968,0.0,0.0,205.55237071563818,202.78474463117107,5.635177140105128,-0.032027827982671675,202.0784454345703,0
2020-11-18,202.0784454345703,205.99402291526192,201.93483345505712,204.53883958302632,28372800,47.70129478864416,0.7718050580351985,0.8549202345232322,-0.08311517648803368,203.27439041137694,215.22620782179277,191.3225730009611,0.0,0.0,204.9207479372622,202.75704662346124,5.52260659154082,0.17465771856537815,203.3612823486328,1
2020-11-19,203.3612823486328,203.94526929630183,200.9774639016416,202.3656398944147,24792700,49.25597425409034,0.5979084032424282,0.8035178682670714,-0.20560946502464317,203.1830177307129,215.10279582467135,191.26323963675443,0.0,0.0,204.6372087393296,202.78074214209542,5.340120791763633,-0.1261807082839903,201.41783142089844,0
2020-11-20,201.41783142089844,204.1941538861214,201.044463715464,203.15064088991645,22843100,46.977587487180585,0.2998176919673483,0.7027778330071268,-0.4029601410397785,202.9304962158203,214.77493171426266,191.08606071737796,0.0,0.0,204.05186740870573,202.7272946628328,5.183661461684617,-0.07863605012765851,201.14979553222656,0
2020-11-23,201.14979553222656,203.23682175525892,199.28295679876337,201.9539699700148,25683500,46.6570419101666,0.04147233227695324,0.5705167328610922,-0.5290444005841389,202.95819015502929,214.78323608248033,191.13314422757824,0.0,0.0,203.5242179766186,202.66543195182865,5.095818854171112,0.12434389377974098,204.73989868164065,1
2020-11-24,204.73989868164065,205.11326647035585,199.9531246683301,200.65198958401243,33979700,51.43679118578684,0.12498237484001606,0.48140986125687696,-0.3564274864168609,203.0140464782715,214.8616536063939,191.1664393501491,0.0,0.0,203.74525083207712,202.74678358829186,5.100413350446443,0.323016722798684,204.7494201660156,1
2020-11-25,204.7494201660156,206.10886192206488,203.3995613049704,205.9365451088525,21012900,51.449216479951254,0.1897457189083127,0.42307703278716413,-0.23333131387885142,203.57502136230468,214.60768224555855,192.5423604790508,0.0,0.0,203.92782707461137,202.82531835604573,4.929619583778445,-0.38160431080910073,206.0514678955078,1
2020-11-27,206.0514678955078,207.0471250602104,204.91221335516295,205.68768300785572,14512200,53.212163248220854,0.3421909416118467,0.40689981455210067,-0.06470887294025396,204.10369873046875,214.53037395521403,193.67702350572347,0.0,0.0,204.31394358750163,202.95183402425994,4.741625677379612,-0.30936710306525994,204.9408721923828,0
2020-11-30,204.9408721923828,205.6014344858804,201.84860683020855,204.96959165696663,33064800,51.49457828418515,0.3691339410121941,0.3993466398441194,-0.03021269883192529,204.68426971435548,213.86526100888548,195.50327841982548,0.0,0.0,204.4279306065709,203.02983552104905,4.703142490802444,1.278414024062513,206.9896697998047,1
2020-12-01,206.9896697998047,208.05233412004736,204.2516347247337,205.36215509436963,30904500,54.417601351222515,0.5494733201542203,0.4293719759061396,0.12010134424808072,205.37396392822265,212.92736109909774,197.82056675734756,0.0,0.0,204.89370136897702,203.1851231398238,4.638682269696103,-0.06533534151121434,206.1854553222656,0
2020-12-02,206.1854553222656,206.2811966253991,203.72506159891103,205.7163609178984,23724500,53.06579602492505,0.6203491908446779,0.4675674188938473,0.1527817719508306,205.82770385742188,212.36265172569435,199.2927559891494,0.0,0.0,205.12856572412036,203.30278322540977,4.5405341219245,-0.23232862528110798,205.10366821289065,0
2020-12-03,205.10366821289065,207.15240660691688,204.53881785971507,205.4578847635359,25120900,51.22252031454592,0.5825128051295394,0.49055649614098573,0.09195630898855367,205.75183639526367,212.28341326333592,199.22025952719142,0.0,0.0,205.12403890389675,203.3734061660953,4.402895166587165,0.058858985436995415,205.21856689453125,1
2020-12-04,205.21856689453125,206.1950728397856,204.08888068177143,205.08453781248252,24666000,51.41555298009943,0.5553962974194633,0.5035244563966813,0.05187184102278197,205.35228958129883,210.91614276712252,199.78843639547514,0.0,0.0,205.14122581128484,203.4457654103477,4.238844951689095,-0.01810842764391407,205.1515350341797,0
2020-12-07,205.1515350341797,206.34822842550528,203.90698559365995,205.22812516419336,24620000,51.28803295062836,0.5224745968502589,0.5073144844873969,0.015160112362861966,204.92885971069336,209.00021159940553,200.8575078219812,0.0,0.0,205.14310021544753,203.5126583367725,4.110444800271683,-0.0018649152679801606,206.79815673828125,1
2020-12-08,206.79815673828125,207.69807237716685,203.81121513523243,204.84515983045816,23284100,54.287318644249105,0.6220815531776509,0.5302678982254477,0.09181365495220317,204.84223022460938,208.66976522442891,201.01469522478985,0.0,0.0,205.44401958323547,203.64150141134147,4.09447426039045,-0.05426076360682375,202.76773071289065,0
2020-12-09,202.76773071289065,206.0514503597692,202.2028949393342,205.984443126197,32440600,46.706722442015554,0.371516476443702,0.4985176138690986,-0.1270011374253966,204.90642395019532,208.54490100327527,201.26794689711537,0.0,0.0,204.95742160680913,203.6072358937552,4.130244798858779,0.39325118857933106,201.54229736328125,0
2020-12-10,201.54229736328125,203.993122837024,201.3891171191543,202.7389906303878,26733300,44.66455473215449,0.0732156337181209,0.41345721783890305,-0.34024158412078215,204.64484634399415,208.45677994792172,200.83291274006658,0.0,0.0,204.3364899261677,203.52625791216798,4.021227721645275,-0.17593077809904867,204.1654510498047,1
2020-12-11,204.1654510498047,204.2229046006128,200.1924350245112,201.09235074888988,30979400,49.73129279334455,0.04792420619176596,0.34035061550947565,-0.2924264093177097,204.56742401123046,208.35216320137303,200.78268482108788,0.0,0.0,204.30539194864716,203.55132430972236,4.021887854106439,0.15883186886766687,205.0653839111328,1
2020-12-14,205.0653839111328,206.9896763020081,203.8016832411352,204.01230245414715,28798400,51.376213170173536,0.09935235639881057,0.2921509636873426,-0.19279860728853204,204.48391189575196,208.14529500761336,200.82252878389056,0.0,0.0,204.4435723054627,203.61069919605217,3.9623239403040427,-0.07040162172282227,204.9983673095703,0
2020-12-15,204.9983673095703,206.23334844937955,203.18896750450304,205.9940097735343,27000600,51.24174235846412,0.13316679240332974,0.26035412943054004,-0.1271873370272103,204.3626739501953,207.77911485251082,200.9462330478798,0.0,0.0,204.54444412439136,203.66511755344504,3.89675658348779,-0.062427079282182385,209.9287109375,1
2020-12-16,209.9287109375,210.72331699112576,205.56317639407263,205.59189586280007,35023300,59.61613452094319,0.5514457790519316,0.31857245935481837,0.23287331969711322,204.62020034790038,208.81166942859616,200.4287312672046,1.0,0.0,205.52340172677472,203.91074866654526,4.027341804778336,0.2971304341385006,210.062744140625,1
2020-12-17,210.062744140625,211.4700565683337,208.626712243622,210.49355078811152,32515800,59.81818253392895,0.8835650608173751,0.4315709796473297,0.45199408117004536,205.01941528320313,209.6630211854532,200.37580938095306,1.0,0.0,206.34873671111114,204.15200339101898,3.942770556202148,-0.0715951951986249,209.2681427001953,0
2020-12-18,209.2681427001953,210.32123862452005,206.80774892510524,209.2681427001953,63354900,57.96658725647029,1.0703163483107971,0.5593200533800232,0.5109962949307739,205.31475830078125,210.24168652740704,200.38783007415546,0.0,0.0,206.8795378000355,204.35263630510434,3.9121076378601947,0.9484342996327939,213.0975799560547,1
2020-12-21,213.0975799560547,214.44745359399025,208.01402881752463,208.27251867774223,37181900,63.78462034292494,1.509916296548738,0.7494393020137662,0.7604769945349719,205.89874572753905,211.5545136907785,200.2429777642996,1.0,0.0,208.01009091931172,204.69557527180828,4.092201719189153,-0.41311721745279373,214.38999938964844,1
2020-12-22,214.38999938964844,216.00793106077268,212.3891317075916,213.19330609539352,22612200,65.51926778110162,1.9402241732434788,0.9875962762597087,0.9526278969837702,206.56075592041014,212.89672099539993,200.22479084542036,1.0,0.0,209.17007427755476,205.07574876662557,4.058387264474291,-0.39184925998940345,211.59451293945312,0
2020-12-23,211.59451293945312,214.0261871402473,211.38389376362787,213.5953805017216,18699600,58.94287032554945,2.032247389176831,1.1965264988431332,0.8357208903336979,206.9034866333008,213.5427059995978,200.26426726700376,0.0,0.0,209.61088130699082,205.33138657732468,3.983224290299025,-0.17303048796667286,213.250732421875,1
2020-12-24,213.250732421875,214.0740579439434,211.76682990316124,211.9774490791372,10550600,61.413991562857,2.2133059086434628,1.3998823808031993,0.8134235278402635,207.32855224609375,214.43390347204422,200.22320102014328,0.0,0.0,210.27267241878792,205.6419491594639,3.8758186270269706,-0.4357847226678645,215.36648559570312,1
2020-12-28,215.36648559570312,216.3908473661043,213.50921543485995,214.87822542694408,17933500,64.36464594390071,2.498716045640407,1.6196491137706408,0.8790669318697661,207.7943031311035,215.68187602239374,199.90673023981327,0.0,0.0,211.19882026913615,206.0233035295125,3.8232683639699947,0.6997611510245862,214.5910186767578,0
2020-12-29,214.5910186767578,217.49180182350608,214.04533417401936,216.65890803129255,17403200,62.478808796583685,2.6319919708857924,1.8221176851936711,0.8098742856921213,208.27681045532228,216.57700368566432,199.97661722498023,0.0,0.0,211.81558361597644,206.35929235881625,3.7963540272211893,-0.02957035715281453,212.22637939453125,0
2020-12-30,212.22637939453125,216.00794208381055,212.025343091358,215.62499144526328,20272300,56.995028067339874,2.5177840268875116,1.9612509535324394,0.5565330733550722,208.53864593505858,216.98893877820413,200.08835309191304,0.0,0.0,211.89027375753184,206.5893742033541,3.8096572390234296,0.16486048542796716,212.934814453125,1
2020-12-31,212.934814453125,213.49008188993295,210.311657515392,212.24551795281667,20942100,58.179318642331,2.456125511028631,2.060225865031678,0.39589964599695326,208.87611389160156,217.4615474254404,200.29068035776274,0.0,0.0,212.08019024763968,206.83821499746276,3.764569177274681,0.03304015824548778,208.4065093994141,0
2021-01-04,208.4065093994141,213.49005960243176,205.64932368601973,213.04010180592445,37130100,48.908030245603065,2.018595210717507,2.0518997341688436,-0.03330452345133672,209.04125595092773,217.4554355164577,200.62707638539777,0.0,0.0,211.41224827523502,206.89971673871577,4.05572394435592,0.7729883822539287,208.60752868652344,1
2021-01-05,208.60752868652344,209.2010983786544,206.50135181940192,207.9948224232141,23823000,49.294321428026585,1.6688326084686196,1.975286309028799,-0.3064537005601795,209.21070404052733,217.44469460915838,200.9767134718963,0.0,0.0,210.90229925910563,206.96668975627685,3.958868416848531,-0.3583911705058699,203.1985015869141,0
2021-01-06,203.1985015869141,207.2576901048468,202.90172401611616,203.12191147056765,35930700,40.435246820532576,0.9442947029376114,1.7690879878105616,-0.8247932848729502,209.11305236816406,217.5803070798207,200.64579765650743,0.0,0.0,209.50160877325263,206.81891767120382,4.083649577817012,0.5082357385719682,208.98095703125,1
2021-01-07,208.98095703125,209.98618241670528,204.5962852345555,204.9121994395147,27694500,50.64665975625174,0.827154103532024,1.5807012109548542,-0.7535471074228302,209.2221923828125,217.6232933619127,200.8210914037123,0.0,0.0,209.40694482016124,206.90370352846054,4.276794667243739,-0.22922459067037382,210.2542266845703,1
2021-01-08,210.2542266845703,211.17329358978736,207.7746816101408,209.35431096289832,22956200,52.574628592547306,0.8275223914018,1.4300654470442435,-0.6025430556424436,209.59651718139648,217.46411054353726,201.7289238192557,0.0,0.0,209.56099606823562,207.03509659340602,4.21406733241537,-0.17109173301558067,208.2150421142578,0
2021-01-11,208.2150421142578,209.5744837947097,207.4874433218534,209.15324546396417,23031300,49.25596578071011,0.6557104872132982,1.2751944550780545,-0.6194839678647563,209.9301544189453,216.9202455044324,202.94006333345823,0.0,0.0,209.3162771675124,207.08136896677274,4.1106899060083375,0.003271447364981972,205.7642364501953,0
2021-01-12,205.7642364501953,207.84170898199773,204.22290942349235,207.2672903249349,23249300,45.53568426116171,0.31812167184449436,1.0837798984313425,-0.7656582265868481,210.01009368896484,216.7673435551068,203.25284382282288,0.0,0.0,208.67045158254564,207.0297167112207,4.102221533490989,0.00946537972237782,207.1140899658203,1
2021-01-13,207.1140899658203,207.51617714350775,204.80686188159456,204.8930348974412,20087100,47.87106795580008,0.15768431436217156,0.8985607816175083,-0.7408764672553367,210.1125289916992,216.62450183746466,203.60055614593375,0.0,0.0,208.387476743141,207.03302546630303,4.002728228378289,-0.13601269715647357,203.9356842041016,0
2021-01-14,203.9356842041016,208.1863410325463,203.66762608051243,206.7024384574888,29480800,43.176447576194875,-0.22335948020537444,0.6741767292529318,-0.8975362094583063,210.05939483642578,216.75224548125442,203.36654419159714,0.0,0.0,207.5780599178611,206.91156110307946,4.039584422925116,0.4676483912560798,203.5814208984375,0
2021-01-15,203.5814208984375,205.36210078555595,202.98786580542128,204.41432921549068,31746500,42.67411264670962,-0.5476129791906885,0.42981878756420777,-0.9774317667548963,209.74203033447264,217.0070687003415,202.47699196860378,0.0,0.0,206.8513982779659,206.7809673695641,3.9206308912972267,0.07685340967680654,207.2098388671875,1
2021-01-19,207.2098388671875,207.7268039408653,203.5623200569144,204.6345525700668,30480900,49.19396279439497,-0.5059706919519442,0.2426608916609774,-0.7486315836129216,209.5993850708008,216.94521511436028,202.2535550272413,0.0,0.0,206.91656929418798,206.797785859667,3.9380489622010613,-0.0398658119792733,214.77296447753903,1
2021-01-20,214.77296447753903,216.161125965196,208.0236104625681,208.41612942216207,37777300,59.52686580189414,0.1357473389549,0.22127818111976194,-0.08553084216486195,209.87462615966797,217.55508375507247,202.19416856426346,0.0,0.0,208.34500478206996,207.11053796232864,4.296137400473021,0.23937613390680723,215.3760528564453,1
2021-01-21,215.3760528564453,216.64933615248523,212.9347958484912,215.1175630393965,30709400,60.221599990671294,0.6850805120402015,0.3140386473038499,0.3710418647363516,209.9885498046875,217.92033191166087,202.05676769771412,0.0,0.0,209.6233771592291,207.4346758013136,4.254594750724521,-0.18709383677499447,216.31430053710935,1
2021-01-22,216.31430053710935,220.2586119985924,216.1707031693684,217.39611606767164,30172700,61.33360499260575,1.182508533717936,0.4877326245866671,0.6947759091312689,210.08476486206055,218.27039927970947,201.89913044441164,0.0,0.0,210.83990868248006,207.78289637918795,4.299449350111845,-0.01747673350830692,219.74159240722656,1
2021-01-25,219.74159240722656,219.9809310487722,214.65804199808883,219.3490735291546,33152100,65.16449605507643,1.8321576624637714,0.756617632162088,1.0755400303016835,210.49211883544922,219.6864571790623,201.29778049183614,1.0,0.0,212.45839663243396,208.25186485087573,4.372552185866954,0.09874489190559688,222.4222412109375,1
2021-01-26,222.4222412109375,224.1933388163299,220.268192922811,221.97228328877176,49169600,67.84768855714418,2.534103663202103,1.1121148383700912,1.4219888248320118,210.95069427490233,221.46916688441834,200.43222166538632,1.0,0.0,214.2700047376164,208.80756588460363,4.378208916098125,0.48315189686324556,222.9679107666016,1
2021-01-27,222.9679107666016,230.18637361109083,220.3256169707931,227.85042573267413,69870600,68.38156963408542,3.098711877187384,1.5094342461335497,1.5892776310538341,211.33076553344728,222.95157898323436,199.7099520836602,1.0,0.0,215.85144219743188,209.36287352703494,4.769819467826669,0.4210121701213758,228.74075317382807,1
2021-01-28,228.74075317382807,232.29254556500564,225.0645146042077,225.5623431422001,49111200,73.41158622772022,3.9662674291519124,2.0008008827372223,1.96546654641469,212.0382522583008,225.87793575133367,198.1985687652679,1.0,0.0,218.19495328404935,210.1227903759288,5.095163420010768,-0.29711209006363193,222.06797790527344,0
2021-01-29,222.06797790527344,227.86954440379407,221.48399101899585,225.9261157479021,42503100,61.276927368125314,4.068475405089515,2.414335787207681,1.654139617881834,212.53033218383788,227.04516148086,198.01550288681577,0.0,0.0,218.89913957881737,210.59122910256974,5.249563329640871,-0.1345538288618482,229.4300079345703,1
2021-02-01,229.4300079345703,232.1584741961869,222.51790703934128,225.0357541351032,33314200,67.6336401769525,4.689472933815438,2.8693632165292327,1.820109717286205,213.35509185791017,229.6353388571585,197.07484485866183,0.0,0.0,220.81384291622697,211.33000474304038,5.595344255446055,-0.21619364234608773,229.29600524902344,0
2021-02-02,229.29600524902344,231.9766011706054,228.51098203808783,231.00967824023755,25916300,67.41670454039811,5.111878499254317,3.31786627307425,1.794012226180067,214.39956665039062,231.9097803060521,196.88935299472914,0.0,0.0,222.3560542494627,212.0345537824907,5.443221032379734,-0.22206446500291166,232.6371612548828,1
2021-02-03,232.6371612548828,234.63802880665224,229.0566498927126,229.35344208114293,27158100,70.0004559549256,5.65109896837896,3.7845128121351923,1.866586156243768,215.6010482788086,234.59172442500721,196.61037213261,0.0,0.0,224.22534643226635,212.8424991735649,5.453089452491155,0.047915790448482154,231.68939208984372,0
2021-02-04,231.68939208984372,232.86694881954375,230.11933105831628,232.31168137316456,25296100,68.34486846116451,5.9335596422099,4.214322178150134,1.7192374640597663,217.02559280395508,236.35253773844454,197.69864786946562,0.0,0.0,225.58244564273494,213.58159301341897,5.259841474543749,-0.06856149730651262,231.87130737304688,1
2021-02-05,231.87130737304688,232.9052522107318,230.16721716132736,231.9000268456431,18054800,68.49887128300665,6.101753587122602,4.591808459944628,1.509945127177974,218.17011032104492,238.15577854563472,198.18444209645511,0.0,0.0,226.7258750482462,214.29883671379653,5.079712444176655,-0.2862615185740094,232.1297607421875,1
2021-02-08,232.1297607421875,233.28815157632505,230.5405486706873,232.7807548294596,22211900,68.73162017879298,6.184611179254887,4.91036900380668,1.2742421754482072,219.26388702392578,239.78421035732333,198.74356369052822,0.0,0.0,227.70839971987186,214.99808863647854,4.913133191423877,0.23024901965128386,233.37432861328125,1
2021-02-09,233.37432861328125,234.3221002924528,231.08625176555745,231.55534615768997,23565000,69.88549402015181,6.2783299641836265,5.18396119588207,1.0943687683015568,220.52185134887696,241.26213317766428,199.78156952008965,0.0,0.0,228.73856860958264,215.71872549831397,4.793327143957554,0.06091779631638894,232.46484375,0
2021-02-10,232.46484375,235.43263415280472,230.61714183329968,234.55186970118112,22186700,67.91321297892475,6.207656943747168,5.3887003454550895,0.8189565982920781,221.85688171386718,242.05588268012391,201.65788074761045,0.0,0.0,229.4160731805676,216.37543601798794,4.794910370782374,-0.058489284956503296,234.06362915039065,1
2021-02-11,234.06362915039065,234.69547207814844,231.8234083059105,234.3412555541554,15751100,69.54057025673332,6.209082250915031,5.552776726547078,0.6563055243679532,223.2043586730957,242.87839786952898,203.5303194766624,0.0,0.0,230.26108335689906,217.0690906506312,4.657564185172057,-0.2900656699734525,234.5423126220703,1
2021-02-12,234.5423126220703,234.8390902157253,232.37868184084263,233.52750445837592,16561100,70.03066131663726,6.177625748563258,5.677746530950315,0.4998792176129436,224.73469009399415,242.8772819171885,206.5920982707998,0.0,0.0,231.0394886778393,217.75431504166804,4.5006244844371,0.051424979842677576,233.30734252929688,0
2021-02-16,233.30734252929688,235.63372209695896,232.56060701574447,234.5806260608858,26728500,67.03396580601269,5.984063914550035,5.7390100076702595,0.24505390687977524,226.22098617553712,241.89016765761727,210.55180469345697,0.0,0.0,231.45182574174066,218.36423768824173,4.398659527064057,0.613932649401308,234.324462890625,1
2021-02-17,234.324462890625,234.43001503747345,231.19630371213563,231.56094106337903,21653500,68.23940046134263,5.845356251032541,5.7602792563427165,0.08507699468982466,227.57671737670898,240.95654332989244,214.19689142352553,0.0,0.0,231.97412340517417,218.99012887264894,4.315448941226468,-0.18987223375797369,233.9310607910156,0
2021-02-18,233.9310607910156,234.06539856792395,231.11955780224875,232.02154629365583,16925600,67.21564473174288,5.638685905560976,5.735960586186368,-0.09727468062539213,228.5346221923828,240.80807868917725,216.26116569558837,0.0,0.0,232.32993020259988,219.5760477714084,4.2361243803085955,-0.21834345486872797,231.22509765625,0
2021-02-19,231.22509765625,233.9982245505223,230.46703730839147,233.89267239987308,25262600,60.49305586092096,5.19664585883632,5.6280976407163585,-0.43145178188003896,229.32707443237305,240.0482662699741,218.605882594772,0.0,0.0,232.129051557809,220.03287325708848,4.185771727581613,0.49256747175875604,225.02630615234372,0
2021-02-22,225.02630615234372,228.3079980760673,223.0016349040027,227.8186279736433,36446900,48.52106569804502,4.296606661132586,5.361799444799604,-1.065192783667018,229.76267471313477,238.92879868513597,220.59655074113357,0.0,0.0,230.83764330226984,220.22869415494165,4.474178229343447,0.4427216517698098,223.83648681640625,0
2021-02-23,223.83648681640625,225.33339754887209,219.4800777445188,221.01537906288905,30228700,46.614125620039914,3.44756920409759,4.978953396659201,-1.5313841925616112,229.96741943359376,238.38107913368748,221.55375973350004,0.0,0.0,229.56470575938553,220.37017622009714,4.572688341844149,-0.1706098461048814,225.0647125244141,1
2021-02-24,225.0647125244141,225.68842042273627,219.73915368791364,220.70830363621744,26339700,48.84894858156526,2.8410584984656566,4.551374417020493,-1.7103159185548362,230.09954299926758,238.10836358208064,222.09072241645453,0.0,0.0,228.7465251712089,220.55427568301153,4.67101536991404,-0.1286525718935978,219.7295684814453,0
2021-02-25,219.7295684814453,225.1030937109058,218.66445668933272,222.69460427185768,39542200,40.84955994965606,1.9078997769677244,4.022679489009939,-2.114779712042215,229.93762588500977,238.61930643429216,221.25594533572738,0.0,1.0,227.1070785003428,220.52193422412657,4.797274059318257,0.5012395737233151,222.9824676513672,1
2021-02-26,222.9824676513672,225.8515415247869,220.2573072215553,222.166836123275,37819200,46.59224542728239,1.4145406010076442,3.50105171140948,-2.086511110401836,229.64971160888672,238.8382013102388,220.46122190753465,0.0,0.0,226.3571492550745,220.6184257310772,4.891895415319924,-0.043573701008037036,227.35806274414065,1
2021-03-01,227.35806274414065,227.86662818043703,223.72132352037755,226.3601125222516,25324000,53.177370909482306,1.3609358340692097,3.073028535941426,-1.7120927018722165,229.9142158508301,238.49921944600618,221.329212255654,0.0,0.0,226.53913352581378,220.88272522178556,4.891342923444918,-0.33039302788001856,224.4122009277344,0
2021-03-02,224.4122009277344,227.7034979981893,224.00918764921863,227.4252175123957,22812500,48.8136132909444,1.0684310332039217,2.672109035393926,-1.6036780021900041,229.66332550048827,238.5772497226907,220.74940127828583,0.0,0.0,226.15241850798114,221.02113603378356,4.805840596696759,-0.09917469594060968,218.3573760986328,0
2021-03-03,218.3573760986328,224.13392888093216,218.06950529574024,222.7713560317392,34029500,41.31011106117649,0.344078783672245,2.20650298504959,-1.8624242013773449,229.11639404296875,239.30459420316905,218.92819388276845,0.0,1.0,224.7351380699178,220.9166748598561,4.915615956360859,0.4917041095890411,217.5609436035156,0
2021-03-04,217.5609436035156,223.08801625993087,215.19083022458813,217.57054857019696,44727800,40.429759201782765,-0.2908878648154598,1.7070248150765799,-1.9979126798920397,228.3625831604004,239.5765488165465,217.14861750425428,0.0,0.0,223.4307390760265,220.7850775556859,5.128585247716708,0.31438310877327025,222.23403930664065,1
2021-03-05,222.23403930664065,223.83650229860413,217.30190288050997,220.2381533113964,41872800,47.49950371372474,-0.4122713325857319,1.2831655855441175,-1.6954369181298494,227.88981552124022,239.29846431053872,216.48116673194173,0.0,0.0,223.2131572997745,220.84189958513508,5.229014831315097,-0.06383054833906432,218.1942596435547,0
2021-03-08,218.1942596435547,223.93242202512076,217.9447794153884,222.0133028006234,35267400,42.773570747385214,-0.8249357168389793,0.8615453250674983,-1.6864810419064775,227.20596313476562,239.20250247467015,215.2094237948611,0.0,0.0,222.3006304531891,220.73807056781823,5.2832025297734715,-0.15774918324067178,224.3258514404297,1
2021-03-09,224.3258514404297,225.8611527209292,222.30118001460855,223.46225362122252,33080500,50.77843771110552,-0.6497174618241104,0.5592927676891766,-1.209010229513287,226.81576766967774,238.6529209688699,214.9786143704856,0.0,0.0,222.6688524508692,220.87876785694027,5.453466140316403,-0.06200910756109046,223.02081298828125,0
2021-03-10,223.02081298828125,227.41559717164208,222.65617569987225,227.41559717164208,29746800,49.20095094635139,-0.6091396461083605,0.32560628492966914,-0.9347459310380296,226.29809188842773,237.84467741174078,214.7515063651147,0.0,0.0,222.7328452758532,220.96276962679678,5.403891521134504,-0.10077538126690955,227.54039001464844,1
2021-03-11,227.54039001464844,229.4978853058214,224.8344247079214,225.4581472805967,29907600,54.475558838342955,-0.20987008871645685,0.21851101020044397,-0.4283810989169008,226.05186920166017,237.26721716878572,214.83652123453462,0.0,0.0,223.6069443192705,221.2207155243596,5.480547292306336,0.005405623462019449,226.21617126464844,0
2021-03-12,226.21617126464844,226.2833474633557,223.79807702037837,224.54653232236623,22653700,52.747405308300365,-0.00029606125883674395,0.17474959590858782,-0.17504565716742457,225.65949630737305,236.2583615112232,215.0606311035229,0.0,0.0,224.08134921843012,221.41661574946897,5.35638769958946,-0.24254370126656766,225.31419372558597,0
2021-03-15,225.31419372558597,225.67883106928048,222.4355148439166,225.4581364547002,26034900,51.547872724330766,0.09195086381848228,0.15818984949056672,-0.06623898567208444,225.19809036254884,234.98212447247386,215.41405625262382,0.0,0.0,224.3055027651857,221.56946194461082,5.243835465385344,0.14925597143071556,228.09690856933597,1
2021-03-16,228.09690856933597,230.3518647416,226.39848405501235,226.72473079014077,28092200,54.95155066332763,0.3851591731232986,0.2035837142171131,0.1815754589061855,224.93756866455078,234.10187292085322,215.77326440824834,0.0,0.0,224.99484927503119,221.82544024361965,5.229109433287393,0.079020852778386,227.4540252685547,0
2021-03-17,227.4540252685547,228.90296978894892,223.7981051474322,226.6000177196356,29562100,54.00762282180949,0.5592073666972226,0.27470844471313505,0.28449892198408755,224.59404678344725,232.7889352815637,216.3991582853308,0.0,0.0,225.44197218294454,222.04616906812691,5.2202348053037735,0.052324132677397994,221.3895721435547,0
2021-03-18,221.3895721435547,224.71924482700013,221.0153445189288,223.15515813452237,34833000,45.983382292931026,0.2054231395349575,0.26085138367749955,-0.05542824414254205,223.96697235107422,231.05224394429166,216.88170075785678,0.0,0.0,224.70517217578274,222.0204201691241,5.307266658469638,0.1782992412582327,221.0345764160156,0
2021-03-19,221.0345764160156,223.068838236356,220.07501674352017,221.67747963958132,46430700,45.55668765803533,-0.10241798695750504,0.18819750955049863,-0.29061549650800367,223.4574462890625,229.80932151713807,217.1055710609869,0.0,0.0,224.03779112855236,221.98175962978652,5.14202057521008,0.33295151149771773,226.44647216796875,1
2021-03-22,226.44647216796875,227.3196602642825,220.83304272830307,220.95779015994103,30127000,52.75431560364683,0.0892812814672368,0.1684142639338463,-0.07913298246660949,223.52845458984376,229.97986847245525,217.07704070723227,0.0,0.0,224.47573313571897,222.15684639598976,5.238063215265035,-0.3511405169424541,227.9721527099609,1
2021-03-23,227.9721527099609,231.30182541849308,227.48278262536803,227.88579586710037,31638400,54.57743607252857,0.36016227538951284,0.2067638662249796,0.15339840916453323,223.7352378845215,230.47170710711487,216.99876866192812,0.0,0.0,225.1114457855811,222.38489762398865,5.210726789212127,0.05016762372622563,225.93788146972656,0
2021-03-24,225.93788146972656,228.37515610513236,225.8035437282745,228.2312280399036,25620100,51.71210146855993,0.4060085132826714,0.24661279563651797,0.15939571764615343,223.7788963317871,230.5604315957183,216.9973610678559,0.0,0.0,225.26170681906208,222.5242303238215,5.0222186169011085,-0.19022137655507232,222.94406127929688,0
2021-03-25,222.94406127929688,227.358041045122,222.20521097132493,225.78436397622824,34061900,47.73978187446302,0.19847778973698382,0.23698579445661117,-0.03850800471962734,223.9396209716797,230.4776535198956,217.40158842346378,0.0,0.0,224.84031672092294,222.54069428285976,5.031548006679392,0.329499104218953,226.9166259765625,1
2021-03-26,226.9166259765625,227.1373352031275,222.18600467967124,222.18600467967124,25479900,52.908946367367975,0.3505203862880535,0.25969271282289963,0.09082767346515386,224.13632888793944,230.78316097912065,217.48949679675823,0.0,0.0,225.2178274946756,222.71229944731868,5.025818186449167,-0.2519530619254945,225.72679138183597,0
2021-03-29,225.72679138183597,227.22370192103884,222.50267074289252,227.02218797535383,25227500,51.27311280159173,0.37073196421982857,0.28190056310228545,0.08883140111754312,224.0547653198242,230.5803891801644,217.52914145948404,0.0,0.0,225.3103663832502,222.83051481729976,5.004047685856107,-0.009905847354188979,222.473876953125,0
2021-03-30,222.473876953125,224.3929959619362,221.7542073248208,224.0859298925027,24792000,46.99517917385049,0.12285063108720351,0.25009057669926904,-0.12723994561206553,223.95784912109374,230.5168494512636,217.3988487909239,0.0,0.0,224.79464103231834,222.81652901870467,4.930371712367467,-0.017262907541373496,226.23536682128903,1
2021-03-31,226.23536682128903,229.4307019873928,222.9920507477263,223.4910258302092,43623500,51.98404547740545,0.2273034720352598,0.24553315576646723,-0.018229683731207424,224.35174865722655,230.44799469169595,218.25550262275715,0.0,0.0,225.05659117576755,222.95060108939424,5.075118378217492,0.759579703130042,232.5492706298828,1
2021-04-01,232.5492706298828,233.0194454545164,228.42316149759984,228.8261747651646,30338000,58.96567139064387,0.8102226287680594,0.35847105036678567,0.4517515784012737,225.1011650085449,231.35692898149227,218.84540103559755,1.0,0.0,226.41889653106122,223.32701950274674,5.197186967861053,-0.3045491535525576,238.99752807617188,1
2021-04-05,238.99752807617188,239.8515355755108,232.88512317429945,232.94269441038907,36910600,64.62310887558112,1.7720832728778646,0.6411934948690015,1.1308897780088631,225.9393394470215,234.5010061464044,217.3776727476386,1.0,0.0,228.70592044835405,223.94154925072422,5.347549680558692,0.21664579075746593,237.83644104003903,0
2021-04-06,237.83644104003903,239.3141563692469,236.89607673963403,237.596551142058,22931900,62.94039986444801,2.412860785775166,0.9955269530502344,1.4173338327249316,226.92144851684571,236.18184466397145,217.66105236971998,1.0,0.0,230.36601510138766,224.48644696795225,5.1383018197768475,-0.3787177667120014,239.79396057128903,1
2021-04-07,239.79396057128903,240.78230588022691,237.1935620118689,237.78848433406324,22719800,64.61336338398736,3.0435528649166486,1.4051321354235173,1.6384207294931312,227.69485397338866,238.42589312542785,216.96381482134947,1.0,0.0,232.08018700500608,225.0867416190635,5.027619108961217,-0.009249124581914292,243.0084381103516,1
2021-04-08,243.0084381103516,243.8624454611813,241.808988761337,242.5478536600104,23625200,67.22948530146303,3.7594260312926906,1.8759909145973521,1.8834351166953385,228.6942352294922,241.09149257538408,216.2969778836003,1.0,0.0,234.06714175143253,225.78955324617286,4.959109521884863,0.03985070291111725,245.5033416748047,1
2021-04-09,245.5033416748047,245.63767943978883,242.23123976274744,242.64384338315648,24326800,69.13665665386154,4.4764765054605675,2.3960880327699954,2.080388472690572,229.5923828125,243.96973491637596,215.21503070862406,1.0,0.0,236.14645082840926,226.56264298847216,4.848204532967472,0.029697103093307087,245.5609130859375,1
2021-04-12,245.5609130859375,247.2497474374765,244.3230729403919,244.4094444364362,27148700,69.18122839205404,4.991846801432217,2.9152397865024398,2.0766070149297775,230.55961990356445,246.4242060656133,214.6950337415156,0.0,0.0,237.85817123886892,227.30767318837277,4.710952387547265,0.11599963825903936,248.0365753173828,1
2021-04-13,248.0365753173828,248.7082788148953,246.4437027152732,246.8563356380846,23837500,71.1131353518065,5.536228529828094,3.4394375351675706,2.096790994660523,231.69573898315429,249.07699103214762,214.31448693416095,0.0,0.0,239.70879016223506,228.12057131107906,4.599267626219445,-0.12196532430650453,245.2538299560547,0
2021-04-14,245.2538299560547,248.3627936298528,244.84122636397595,247.06741162139323,23070900,66.09753519649418,5.677662122626828,3.8870824526594223,1.7905796699674053,232.55358505249023,250.81114166262674,214.29602844235373,0.0,0.0,240.7169792156568,228.79246380696048,4.522289029052117,-0.03215941269008915,249.00572204589844,1
2021-04-15,249.00572204589844,249.41832565556072,247.3073120560616,247.4992064105056,25627500,69.24690372210245,6.023065450389737,4.314279052205485,1.7087863981842517,233.63116989135742,253.06379908466275,214.19854069805208,0.0,0.0,242.22402336660983,229.58514060064434,4.496732362655968,0.1108149226948234,250.19554138183597,1
2021-04-16,250.19554138183597,250.4450362292379,247.1825396982639,248.97691132612795,24878600,70.19255777216125,6.319956033693131,4.715414448503014,1.604541585190117,235.07146835327148,254.9267844227288,215.21615228381418,0.0,0.0,243.67339027846913,230.39339161167146,4.408572660392971,-0.02922251487659744,248.2764434814453,0
2021-04-19,248.2764434814453,250.9056567188117,247.3936650412421,249.66781662573695,23209300,66.63348585513732,6.327449894270643,5.037821537656541,1.2896283566141022,236.43356170654297,255.98553832225738,216.88158509082857,0.0,0.0,244.5103090426466,231.0946877634273,4.344531161619875,-0.06709782704814582,247.81585693359372,0
2021-04-20,247.81585693359372,249.67740478959607,246.45326949789063,247.39364839202,19722900,65.77153505659632,6.224471514617932,5.275151533048819,0.9493199815691131,237.5020309448242,257.08968575507856,217.9143761345699,0.0,0.0,245.11131775009153,231.75041988774754,4.264502885197415,-0.15021564631419304,250.0420379638672,1
2021-04-21,250.0420379638672,250.1379997844997,246.84671724920173,248.46837538255164,24030400,67.9308281669922,6.250443390357816,5.470209904510618,0.780233485847198,238.60552520751952,258.40683986053534,218.80421055450367,0.0,0.0,246.00781233441435,232.4677382436738,4.1949871459188826,0.2184009450942812,246.7699737548828,0
2021-04-22,246.7699737548828,251.19352978714605,245.3018339862112,249.6870140739472,25606200,61.763434926207566,5.938542234846352,5.5638763705777645,0.3746658642685876,239.64712982177736,258.85624499507327,220.43801464848144,0.0,0.0,246.14638713813588,233.02861022450554,4.316180621277167,0.0655752713229909,250.5889587402344,1
2021-04-23,250.5889587402344,250.9344153892346,246.8658631774736,247.4512097025957,21462600,65.67989866240833,5.931147912580798,5.637330678978372,0.29381723360242606,241.0293746948242,259.1813422590826,222.87740713056584,0.0,0.0,246.9541274294265,233.7172513427694,4.305342122211068,-0.16182018417414534,250.9727935791016,1
2021-04-26,250.9727935791016,251.82681565162977,249.64862597185797,251.07836035908596,19763300,66.05621804793833,5.888382514332704,5.687541046049239,0.20084146828346583,242.23218307495117,259.6576619780217,224.80670417188063,0.0,0.0,247.6847940020947,234.39393927360595,4.153402662036835,-0.07917493686692201,251.37582397460935,1
2021-04-27,251.37582397460935,252.5464878318268,249.60063289753063,251.00158168291068,31014200,66.47193204794368,5.8199233590582935,5.71401750865105,0.10590585040724321,243.51463470458984,259.61756080712337,227.41170860205634,0.0,0.0,248.3558903607337,235.0598955363904,4.067149252912501,0.5692824578891178,244.26547241210935,0
2021-04-28,244.26547241210935,246.1654108297521,242.72058097809372,245.7239923604383,46903100,53.924414378462664,5.13275582376852,5.597765171674544,-0.4650093479060242,244.60421447753907,257.49318444564034,231.71524450943778,0.0,0.0,247.61217800643834,235.42089855112448,4.3948702345984385,0.5123104900335975,242.29835510253903,0
2021-04-29,242.29835510253903,245.7431847076935,238.93030665326364,245.1290672361007,40589000,51.05319542205417,4.3789627178775845,5.354004680915152,-0.9750419630375671,245.40736389160156,255.2626079556079,235.55211982759522,0.0,0.0,246.64602838754757,235.69060272961133,4.567585078872112,-0.13462009973754396,241.98171997070312,0
2021-04-30,241.98171997070312,242.8453323495901,239.5060692196905,239.64040697084403,30945100,50.58629179966492,3.713222721629961,5.025848289058114,-1.312625567428153,245.87898635864258,253.97324477709003,237.78472794019513,0.0,0.0,245.79797231175766,235.93731320965415,4.479847796802648,-0.2375988568331321,241.67469787597656,0
2021-05-03,241.67469787597656,244.0640067134721,240.9646184526716,243.1524133181081,19626600,50.10776686164089,3.1248238369946932,4.64564339864543,-1.520819561650737,246.01284484863282,253.7270954067659,238.29859429049975,0.0,0.0,245.04828605070654,236.16230868676482,4.381243544231067,-0.36576065354450304,237.769287109375,0
2021-05-04,237.769287109375,241.05099410582292,235.82138212667076,240.82069451117363,32756100,44.3594622300052,2.316674292585816,4.179849577433507,-1.8631752848476912,246.0094871520996,253.73801544466673,238.2809588595325,0.0,1.0,243.72483169773716,236.22532744843582,4.486391558879263,0.6689645684937788,236.50267028808597,0
2021-05-05,236.50267028808597,239.41013488306385,235.8789623665208,238.9879262904949,21901300,42.65053932688766,1.5560671903667753,3.655093100020161,-2.0990259096533856,245.84492263793945,254.20980057449978,237.48004470137911,0.0,1.0,242.41171144143692,236.23620363822602,4.41816162728382,-0.3313825516468688,239.63079833984372,1
2021-05-06,239.63079833984372,239.7555457646202,234.79462473056245,236.4834442394811,26491100,47.980525843004166,1.1919542660862135,3.1624653332333716,-1.9705110671471582,245.67604064941406,254.392177273673,236.9599040251551,0.0,0.0,241.90609087751085,236.3693249990738,4.456930156339101,0.20956746859775444,242.25042724609372,1
2021-05-07,242.25042724609372,244.0160134266029,241.01258714133365,241.95295146590863,27032900,52.00349173506692,1.1020703291446239,2.7503863324156224,-1.6483160032709985,245.5133949279785,254.35682319876685,236.66996665719017,0.0,0.0,241.96869748998046,236.59995645974124,4.451807651369107,0.02045215185477378,237.18394470214844,0
2021-05-10,237.18394470214844,241.5499439909269,237.126373466444,240.72472211515404,29299900,44.789036073893676,0.6149253855378163,2.3232941430400613,-1.708368757502245,245.09454650878905,254.6538343591154,235.5352586584627,0.0,0.0,241.09874243764736,236.62285795944348,4.49982523196058,0.08386077705314632,236.27235412597656,0
2021-05-11,236.27235412597656,236.62740113121532,232.76037714863403,234.6603010402085,33641600,43.61656934791515,0.1535319463160647,1.889341703695262,-1.7358097573791973,244.50633544921874,254.69609129461293,234.31657960382455,0.0,0.0,240.22121729007085,236.60911271107224,4.49437825492871,0.14818139311055667,229.3347625732422,0
2021-05-12,229.3347625732422,234.4971983156802,228.4423791025512,232.3765649892785,36684400,35.91180107916783,-0.7631343985494823,1.3588464832463132,-2.1219808817957952,243.71038208007812,255.84382892028074,231.5769352398755,0.0,1.0,238.24186188701108,236.32384407821618,4.732635166964186,0.09044754113954157,233.2017974853516,1
2021-05-13,233.2017974853516,235.6678729927732,231.65690575111157,232.0215431299133,29624300,42.05606819598727,-1.1641421754861199,0.8542487514998266,-2.0183909269859464,242.9201858520508,255.61667500752404,230.22369669657755,0.0,0.0,237.3254865412548,236.201410878496,4.846954827861816,-0.19245510353174644,238.11476135253903,1
2021-05-14,238.11476135253903,239.10310678698625,235.56234338181224,235.648700250829,23901100,48.7753271022985,-1.0731381346723765,0.46877137426538595,-1.5419095089377626,242.31614685058594,254.71669706906548,229.9155966321064,0.0,0.0,237.46899105239737,236.2764442304193,4.922265861702733,-0.1931927505460045,235.26480102539065,0
2021-05-17,235.26480102539065,236.61778349101087,233.67194331645007,236.57940755176028,24970200,45.480599438574124,-1.2169564406487439,0.13162581128255998,-1.3485822519313038,241.6655647277832,254.1122464434343,229.2188830121321,0.0,0.0,237.06822922930522,236.23677194786916,4.888019588444607,0.04473015886298115,233.24974060058597,0
2021-05-18,233.24974060058597,236.44507570607448,233.07701226535352,236.3107379527679,20168000,43.25576707978627,-1.4765117120886941,-0.19000169339169085,-1.2865100186970033,240.9372589111328,253.5625576634423,228.3119601588233,0.0,0.0,236.37395856953808,236.11963346366196,4.779451292178632,-0.192317242152646,233.8267822265625,1
2021-05-19,233.8267822265625,233.93257808571863,229.47956888338652,230.162421057965,25739800,44.09908969155573,-1.617008826818875,-0.4754031200771277,-1.141605706741747,240.1264961242676,252.38623506175506,227.86675718678012,0.0,0.0,235.91083559808794,236.02971772887375,4.756134000046738,0.2762693375644585,237.05838012695312,1
2021-05-20,237.05838012695312,238.47219104144915,234.5385334489795,234.63471685255448,21800700,48.69747747874676,-1.450866177339094,-0.670495731529521,-0.780370445809573,239.6409164428711,251.57463155830368,227.7072013274385,0.0,0.0,236.11948005788162,236.07005743075922,4.748225058249589,-0.1530353771202574,235.7984313964844,0
2021-05-21,235.7984313964844,238.83764464564825,235.3848750918042,238.10670075398016,21863100,47.07167925757978,-1.4046720780138173,-0.8173310008263803,-0.587341077187437,238.9013900756836,249.8195846014562,227.983195549911,0.0,0.0,236.0611075739912,236.0594054294151,4.655692522220623,0.002862293412596806,241.1940155029297,1
2021-05-24,241.1940155029297,241.5594948236188,238.04900607225056,238.3183019899604,21411500,54.1336319950858,-0.9220554950879603,-0.8382758996786963,-0.08377959540926394,238.412451171875,247.90761817711746,228.91728416663256,0.0,0.0,236.9943635610709,236.26076268719999,4.734647586857321,-0.020655808188225877,242.0980987548828,1
2021-05-25,242.0980987548828,243.08872621785105,241.2325067869294,242.1461904587753,17704300,55.21196607402475,-0.46130873343651047,-0.7628824664302593,0.3015737329937488,237.94856491088868,245.5908438472799,230.30628597449746,0.0,0.0,237.92231541449127,236.48967782710912,4.531794953147609,-0.17314060201293702,241.8768768310547,0
2021-05-26,241.8768768310547,243.271448088738,241.16515782189023,241.81915798529013,17771600,54.87201663804304,-0.11271505673934712,-0.6328489844920768,0.5201339277527297,237.82913513183593,245.14029347273777,230.51797679093409,0.0,0.0,238.64132658113914,236.70094053314622,4.358544618411906,0.0038013363985021087,239.78016662597656,0
2021-05-27,239.78016662597656,241.8672169954889,239.72246246353768,241.5690690392049,24426200,51.62744988358297,-0.005574784441648717,-0.5073941444819913,0.5018193600403426,237.7032257080078,244.7853258839883,230.62112553202732,0.0,0.0,238.8483884074732,236.82169449757095,4.201106743347984,0.3744513718517184,240.13604736328125,1
2021-05-28,240.13604736328125,242.44431686460024,240.0206390246495,241.40559779033563,18270200,52.14468349778839,0.10681990121125295,-0.3845513353433424,0.49137123655459536,237.6109420776367,244.5134560717533,230.70842808352012,0.0,0.0,239.0825082176201,236.95166911975568,4.091324135867676,-0.25202446553291136,237.94322204589844,0
2021-06-01,237.94322204589844,241.6845276698461,237.52005320809064,241.62682349539628,23213300,48.68997396194007,0.018734858655619746,-0.30389409654355004,0.3226289551991698,237.42436828613282,244.07453520719758,230.77420136506805,0.0,0.0,238.87536527730708,236.99055354823187,4.096549159145375,0.27055533053825354,237.84701538085935,0
2021-06-02,237.84701538085935,239.7417137426011,236.4428170992417,238.645290576334,19406700,48.53803487951592,-0.05816574749400161,-0.2547484267336404,0.1965826792396388,237.42825469970703,244.0793141623485,230.77719523706554,0.0,0.0,238.688392568862,237.02414028676628,4.039573979446376,-0.16398357837963584,236.31781005859372,0
2021-06-03,236.31781005859372,236.9237185044888,233.7113925974972,235.84653488909663,25307700,46.07677562960389,-0.23974054158119884,-0.2517468497031521,0.012006308121953246,237.41901168823242,244.07570203720738,230.76232133925745,0.0,0.0,238.25737756699505,236.99644106213208,4.046434608297504,0.3040702437817866,241.20364379882807,1
2021-06-04,241.20364379882807,242.0307712219281,238.0490216910813,238.28946553877864,25281100,54.08737264889544,0.010485209184906807,-0.1993004379255403,0.20978564711044712,237.49765396118164,244.29273129538612,230.70257662697716,0.0,0.0,238.7930623364192,237.1614294047476,4.165472219371566,-0.0010510635103150312,244.10821533203125,1
2021-06-07,244.10821533203125,244.3775112737466,240.26111367835148,240.4246137375695,23079200,58.07479552923499,0.43811524779926003,-0.07181730078058024,0.5099325485798403,237.5905433654785,244.68707038650055,230.49401634445647,0.0,0.0,239.75945379016684,237.43385238228814,4.161966889087533,-0.08709668487526256,242.9156188964844,0
2021-06-08,242.9156188964844,246.22412860795987,242.8579000452609,245.4066136508643,22455000,55.92707213262636,0.6730243629913844,0.07715103197381269,0.5958733310175717,237.87712707519532,245.33838677158542,230.41586737880522,0.0,0.0,240.33330199131547,237.64882361813898,4.105128437202636,-0.027045998128184645,243.8966217041016,1
2021-06-09,243.8966217041016,245.76246833996905,243.53115702915264,244.10821346748003,17937600,57.32512733358077,0.9276568069775806,0.24725218697456627,0.6804046200030143,238.25834045410156,246.12096759582238,230.39571331238074,0.0,0.0,240.9811783027311,237.89383530778457,4.015251366222779,-0.20117568470273883,247.40708923339844,1
2021-06-10,247.40708923339844,247.6186809909333,243.973558759814,244.5698547989428,24563600,61.973664291389625,1.3966208687684798,0.47712592333334897,0.9194949454351309,239.16195678710938,246.8670647076253,231.45684886659345,1.0,0.0,242.1495257446706,238.2669040891812,3.994309074837704,0.36939166889661945,248.03225708007807,1
2021-06-11,248.03225708007807,248.6092988045353,246.8011564650918,248.1284111334516,18999700,62.751818175209024,1.7979978865019461,0.7413003159670685,1.0566975705348778,239.9034797668457,248.0152618414525,231.79169769223887,1.0,0.0,243.2191132601992,238.64985910843205,3.838154308023834,-0.2265099578237718,249.95578002929688,1
2021-06-14,249.95578002929688,250.01348419533971,246.98386872283527,248.04182735203915,19150500,65.11708021960038,2.2454204816837944,1.0421243491104137,1.2032961325733806,240.4955307006836,249.65897746448593,231.33208393688125,1.0,0.0,244.4439617636715,239.0932285563091,3.7804015340581634,0.007936967425801411,248.4842071533203,0
2021-06-15,248.4842071533203,250.0519053029024,247.8302071127117,249.8403136014058,18038900,61.87971586575546,2.452985983737733,1.3242966760358776,1.1286893077018554,241.15650100708007,250.61762743658483,231.6953745775753,0.0,0.0,245.17855183451672,239.46150222678014,3.6690655809247743,-0.05804548184120517,247.54171752929688,0
2021-06-16,247.54171752929688,250.6193807060856,244.69485634370264,249.48449295997696,27220000,59.82816709330953,2.5124699143850933,1.5619313237057209,0.9505385906793724,241.87109985351563,250.9881790596948,232.75402064733646,0.0,0.0,245.60821832447675,239.77837341511412,3.830169779600358,0.5089611894295107,250.92718505859372,1
2021-06-17,250.92718505859372,251.7446999831913,246.2241188200235,246.2818229934253,27565500,64.39459144197977,2.8005077835896373,1.8096466156825042,0.9908611679071331,242.7261199951172,251.8725522018978,233.57968778833657,0.0,0.0,246.57530318522527,240.21558171485844,3.9509134498551757,0.012692872887582585,249.51336669921875,0
2021-06-18,249.51336669921875,252.27365719884,248.8593665193821,249.70573350554892,37202200,61.26267461251839,2.881480629271664,2.024013418400336,0.8574672108713277,243.34886932373047,252.56269826342293,234.135040384038,0.0,0.0,247.10949655140587,240.58020073385296,3.9125832519696564,0.34959278808655747,252.5909881591797,1
2021-06-21,252.5909881591797,253.44695269818988,248.06103585464265,249.88840259449225,26696100,65.22732747204756,3.157591771506304,2.25072908902153,0.9068626824847743,244.18849716186523,253.5563290155391,234.82066530819137,0.0,0.0,248.1061313891829,241.05121200543442,4.017821365653768,-0.28240534161958164,255.3609161376953,1
2021-06-22,255.3609161376953,255.6302119915948,252.36978031480277,252.6775553909869,24694100,68.36548456843205,3.5588971288480593,2.512362696986836,1.0465344318612235,244.8968421936035,255.3333391143098,234.4603452728972,1.0,0.0,249.4251831616397,241.61237687336623,3.9637221021636435,-0.0749922273290855,255.13015747070312,0
2021-06-23,255.13015747070312,256.63052479177776,254.32226963251347,255.82263695358807,19518700,67.81639205955202,3.8143448270754163,2.772759123004552,1.0415857040708643,245.54844512939454,256.8000973537185,234.29679290507053,0.0,0.0,250.46245121783303,242.14248591639904,3.8454744633851186,-0.20958042609368233,256.49578857421875,1
2021-06-24,256.49578857421875,257.611451146261,255.32242184767824,255.9860489754537,21446900,69.38358689934857,4.079952828792386,3.034197864162119,1.0457549646302673,246.27939071655274,258.3514798032645,234.207301629841,0.0,0.0,251.55942164626677,242.70536053043116,3.7480329785403157,0.09878731677826913,254.8896026611328,0
2021-06-25,254.8896026611328,257.03437150045914,254.6395611171669,256.0533715563375,25611100,65.35271501479681,4.113426286315473,3.25004354859279,0.863382737722683,247.03486251831055,259.2754324206768,234.7942926159443,0.0,0.0,252.16490910351513,243.18317394732145,3.6513742217368828,0.19416325902578002,258.44830322265625,1
2021-06-28,258.44830322265625,258.62141576149537,255.74571652356687,256.0150124787803,19590000,69.57078101183481,4.376660221917291,3.4753668832576903,0.9012933386596007,247.9504753112793,260.7181203573242,235.1828302652344,0.0,0.0,253.30734439790442,243.78180646792282,3.657119855924431,-0.2350972820378664,261.02587890625,1
2021-06-29,261.02587890625,261.26632279421653,257.73662295546177,258.5925879340712,19937800,72.20978880137177,4.738639739135095,3.7280214544331716,1.0106182847019238,249.10460815429687,262.21372260933344,235.9954936992603,0.0,0.0,254.7107143085127,244.4580446027592,3.648018426126598,0.017753956100051038,260.5448913574219,0
2021-06-30,260.5448913574219,260.98729972356773,259.29459535920773,260.3429267871672,21656500,70.97284722863955,4.929870955406244,3.9683913546277862,0.9614796007784578,250.239501953125,263.18269641970886,237.2963074865411,0.0,0.0,255.77147377195072,245.08890133823618,3.5111087919062887,0.08620309161492234,261.2181701660156,1
2021-07-01,261.2181701660156,261.44898683933064,259.2946196189184,259.3042174129385,16725300,71.70353377066189,5.077223967638616,4.190157877229953,0.8870660904086636,251.4845199584961,263.5952397459205,239.37380017107168,0.0,0.0,256.7617822072352,245.7214216844236,3.414198679656716,-0.22770069032392126,267.0368957519531,1
2021-07-02,267.0368957519531,267.3735229640247,262.0837590204918,262.3915341487316,26458000,77.0746069975849,5.598983223762815,4.471922946536526,1.1270602772262892,252.77618255615235,265.7080022404379,239.8443628718668,1.0,0.0,258.6299846699112,246.55732262824827,3.6099954023961693,0.5819148236503979,267.04656982421875,1
2021-07-06,267.04656982421875,268.69119759373734,263.8149891119284,267.4024220376937,31565600,77.08239568406061,5.944734609980884,4.766485279225398,1.1782493307554862,253.92310028076173,267.62245569170045,240.223744869823,0.0,0.0,260.1602728797853,247.36082251828634,3.700439193782795,0.19304558167661945,269.229736328125,1
2021-07-07,269.229736328125,269.9606949040537,266.5560023306056,268.71999662413555,23260000,78.8303248984696,6.322031917329667,5.077594606846252,1.2444373104834154,255.23880615234376,269.49972137702,240.9778909276675,0.0,0.0,261.8092662340288,248.21842698141725,3.679314435187458,-0.26312187951440813,266.815673828125,0
2021-07-08,266.815673828125,268.0755969208778,264.3631295960202,266.3155319677022,24618600,72.26676334857193,6.353014486707423,5.332678582818486,1.0203359038889364,256.38475875854493,270.498461921347,242.27105559574287,0.0,0.0,262.7195221602281,248.94773077932737,3.764121027824411,0.058409286328460874,267.3158874511719,1
2021-07-09,267.3158874511719,267.42166866870554,264.7960403125206,265.18074464609816,23916700,72.77263866555654,6.344792635075976,5.535101393269985,0.8096912418059912,257.3801986694336,271.6283992358678,243.13199810299935,0.0,0.0,263.5552249403997,249.6680506488115,3.6828001227073073,-0.028510963255424793,266.7195129394531,0
2021-07-12,266.7195129394531,269.0758446344741,266.0077793129093,268.4891758346326,18931700,71.10728952043816,6.218471649129924,5.671775444441972,0.5466962046879518,258.31456146240237,272.4385424833836,244.1905804414211,0.0,0.0,264.13055003113664,250.33673544452293,3.638890494054271,-0.2084317652518951,270.2396240234375,1
2021-07-13,270.2396240234375,272.038139069474,266.7868543506358,266.9118604799698,26120100,74.77644009401679,6.329443024115335,5.803308960376645,0.5261340637386898,259.32875366210936,273.8146114074032,244.8428959168155,0.0,0.0,265.2412907570095,251.11724087899017,3.75887161090903,0.37970177004706396,271.7112121582031,1
2021-07-14,271.7112121582031,272.817248138477,269.8261110020036,271.55732455253013,23113700,76.14055863565501,6.461647650320344,5.934976698365385,0.5266709519549595,260.4901039123535,275.0362152444987,245.9439925802083,0.0,0.0,266.41764010268105,251.92484759582206,3.704033434163629,-0.11509909992687628,270.2877502441406,0
2021-07-15,270.2877502441406,271.7111884591669,269.1336079777888,271.22067359330885,22604200,72.07983199234491,6.378037245794303,6.023588807851169,0.35444843794313385,261.6274055480957,275.4867766589394,247.76803443725197,0.0,0.0,267.12129649203735,252.6449614251679,3.6235742017529633,-0.022043203814188117,270.0184020996094,0
2021-07-16,270.0184020996094,273.2403550652202,268.77770380577266,271.28795247697474,26186800,71.30490653041423,6.218359871792302,6.062543020639397,0.15581685115290522,262.5819664001465,275.98421407834326,249.17971872194968,0.0,0.0,267.64804296614136,253.3262728241656,3.683508277302574,0.1584926695038975,266.42138671875,0
2021-07-19,266.42138671875,269.6529376561164,263.9592442852176,268.2679788683728,32935600,61.756291892230735,5.7354506182259115,5.9971245401567,-0.26167392193078864,263.42736740112304,275.4918608204875,251.36287398175858,0.0,0.0,267.4250145575247,253.8398067023846,3.853197529951802,0.25771762872897797,268.64306640625,1
2021-07-20,268.64306640625,270.2299896780536,265.70003652732663,267.4023681314722,26259700,64.88415612485679,5.468969661093013,5.891493564343963,-0.42252390325095046,264.22997131347654,275.407206638581,253.05273598837212,0.0,0.0,267.6464785300202,254.4203266907715,3.9015372171500275,-0.20269556346324347,270.6435852050781,1
2021-07-21,270.6435852050781,270.758993554144,266.69070249429734,268.23914676268924,24364300,67.46457527011421,5.357449389045314,5.784684729284233,-0.4272353402389193,264.9941047668457,275.7220985430571,254.26611099063425,0.0,0.0,268.19140701639435,255.05653290701883,3.9134482059140736,-0.07217904241099482,275.2024230957031,1
2021-07-22,275.2024230957031,275.4717190297968,272.5863928711976,272.9903220968104,23384100,72.43546386660708,5.572690382117173,5.742285859850822,-0.16959547773364925,265.9977180480957,276.6016490813338,255.3937870148576,0.0,0.0,269.4661372126323,255.846567816379,3.978782892971546,-0.0402309937080072,278.5975036621094,1
2021-07-23,278.5975036621094,278.9052494950487,275.5486626133189,276.38540254707505,22768100,75.44437376341746,5.948652682475142,5.783559224375687,0.16509345809945497,267.10280380249026,278.114256114421,256.09135149055953,1.0,0.0,271.12638565799176,256.73876137895667,3.9590717148554035,-0.02634268584208932,278.0011291503906,0
2021-07-26,278.0011291503906,278.6166794096968,275.68327658614254,277.9530521274675,23176100,73.9179948956809,6.127845091422216,5.852416397784993,0.275428693637223,268.2583801269531,278.73849931068276,257.7782609432235,0.0,0.0,272.3763390202461,257.57257972293445,3.8858096511910376,0.017919808855372255,275.58709716796875,0
2021-07-27,275.58709716796875,278.5108728887289,272.1343274321578,278.3666124668251,33604100,67.92715718297647,6.005832660045996,5.8830996502371935,0.12273300980880286,269.1153198242188,279.03449380424314,259.1961458441944,0.0,0.0,272.9601132289229,258.2790313874456,4.063719351575327,0.4499462808669277,275.2793884277344,0
2021-07-28,275.2793884277344,279.05915914851056,272.98073086380026,277.9434960316162,33566900,67.17975001803015,5.8172497711707365,5.8699296744239025,-0.05267990325316596,269.82799530029297,279.3605565818118,260.29543401877413,0.0,0.0,273.3817996287068,258.94571205569224,4.207627132513539,-0.0011070077758368324,275.5486755371094,1
2021-07-29,275.5486755371094,277.58763486236643,275.1447169202856,275.2986045195014,18168300,67.51659937416123,5.624687792644011,5.820881298067924,-0.19619350542391345,270.5781845092773,279.4059034615525,261.75046555700214,0.0,0.0,273.77577706659815,259.5968086628066,4.081576476054061,-0.4587435837089514,274.0194396972656,0
2021-07-30,274.0194396972656,275.7025466900229,273.0576642728328,274.26951069995624,20944800,63.529017938299,5.28773081605982,5.714251201666304,-0.42652038560648364,271.21824798583987,279.03722302332403,263.3992729483557,0.0,0.0,273.8200793630831,260.16240203670696,3.978955471849493,0.15282112250458213,273.9328308105469,0
2021-08-02,273.9328308105469,275.8082749172966,272.8940971151015,275.4139435469008,16267400,63.30099307678566,4.956565173173715,5.562713995967786,-0.6061488227940712,271.5630447387695,279.2205823400583,263.90550713748075,0.0,0.0,273.8405796262583,260.7024188513673,3.902899924017038,-0.22332034681639357,276.1449584960937,1
2021-08-03,276.1449584960937,276.25076905660643,273.1442238318565,274.50995786548094,17879000,66.59865709215006,4.817085864652199,5.413588369704669,-0.5965025050524702,272.0179641723633,279.6290845206475,264.4068438240791,0.0,0.0,274.259557602592,261.3080086413566,3.8460174454979597,0.09906930425267713,275.5582275390625,0
2021-08-04,275.5582275390625,276.59693186168965,273.76931036819576,275.2793045071055,16191300,64.93208188882932,4.606106890011461,5.252092073766027,-0.6459851837545667,272.33438873291016,279.9816434680971,264.6871339977232,0.0,0.0,274.495679409223,261.86684075499215,3.7732748774976694,-0.09439565971251185,278.4532165527344,1
2021-08-05,278.4532165527344,278.5590271143416,275.16396096408687,275.9141446379062,13900200,69.04778281085342,4.619258020486029,5.125525263110028,-0.5062672426239985,272.9162658691406,280.56629520998894,265.26623652829227,0.0,0.0,275.2152316171341,262.51728686470756,3.746259968408886,-0.14150191769654075,278.3954467773437,0
2021-08-06,278.3954467773437,278.4339260044122,276.62578389584934,277.481777929583,16589300,68.87407152937666,4.5723120805647,5.014882626600962,-0.44257054603626234,273.4702438354492,281.021854231073,265.9186334398254,0.0,0.0,275.79345255535407,263.139959802458,3.6092008747286113,0.19345764809139432,277.3086853027344,0
2021-08-09,277.3086853027344,280.4056032327832,276.808572666281,278.67441927109,16117600,65.53394559446208,4.396731729881878,4.891252447257146,-0.49452071737526726,273.9997024536133,281.05220320919113,266.9472016980354,0.0,0.0,276.0689494185141,263.6955960965865,3.608331566998154,-0.0284339905842923,275.49090576171875,0
2021-08-10,275.49090576171875,278.1934918740184,274.29831384057627,277.7606812698353,18616600,60.269012907475776,4.064055517614747,4.725813061328666,-0.6617575437139189,274.2622665405273,281.1236881723384,267.40084490871624,0.0,0.0,275.963850571824,264.158157259925,3.628820600315579,0.1550478979500669,275.98150634765625,1
2021-08-11,275.98150634765625,277.6261343230459,274.9331451671917,276.2315480324196,13955900,61.17558625714218,3.7962339676498686,4.539897242592907,-0.7436632749430387,274.47578125,281.27183408200546,267.67972841799457,0.0,0.0,275.9670607128844,264.6218180084635,3.5619754971397666,-0.25035183653298665,278.7321472167969,1
2021-08-12,278.7321472167969,278.8860348144574,275.3947851546205,275.6737082598213,14561300,65.87683672407002,3.762564686239614,4.384430731322249,-0.6218660450826352,274.8980010986328,281.6499389834585,268.14606321380705,0.0,0.0,276.46980371359575,265.1751642519275,3.556923651618134,0.04337950257597156,281.65594482421875,1
2021-08-13,281.65594482421875,281.7040218560263,278.24162438521927,278.41476627205253,18249000,70.0309602722015,3.9265448055417096,4.292853546166141,-0.3663087406244312,275.4798782348633,282.45169324928094,268.50806322044565,0.0,0.0,277.4127384609817,265.8214693724095,3.550171781560199,0.2532534869826184,283.3390197753906,1
2021-08-16,283.3390197753906,283.5506115232928,278.93407230117066,281.98291302988906,22507600,72.1339915080906,4.14453469790277,4.263189776513467,-0.11865507861069702,276.3257598876953,282.7822379488506,269.86928182654003,1.0,0.0,278.4902441545106,266.50843213331075,3.6263408844574796,0.23336073209490937,281.8771057128906,0
2021-08-17,281.8771057128906,282.2137329544662,279.9535550193779,281.21350772659866,20075300,67.69069841681832,4.15147340974795,4.240846503160364,-0.08937309341241395,276.98746185302736,282.84352224024144,271.13140146581327,0.0,0.0,279.10603716512514,267.1111252148629,3.6091354467114245,-0.10806572002345871,280.1523132324219,0
2021-08-18,280.1523132324219,284.0935022802429,279.70902834642004,281.4146488445033,21813000,62.77745383229768,3.97200920081724,4.18707904269174,-0.21506984187449962,277.46289825439453,282.692007818897,272.23378868989204,0.0,0.0,279.2962691773609,267.6225443528064,3.664516767219383,0.08655910496978869,285.97247314453125,1
2021-08-19,285.97247314453125,286.6470164928712,278.13829528997536,278.1864643546096,29850500,70.54637752116739,4.250424537796846,4.199748141712761,0.05067639608408481,278.00140075683595,284.29777037992733,271.70503113374457,1.0,0.0,280.5101244441191,268.3421494034623,4.010531369767703,0.3684729289873012,293.2863464355469,1
2021-08-20,293.2863464355469,294.7125096493585,287.21557336643235,288.8151805177053,40817600,77.03343820520945,5.003561209211796,4.360510755212569,0.6430504539992272,278.7358428955078,287.9087101983666,269.562975592649,1.0,0.0,282.833073897106,269.32035320864213,4.348353165129098,0.36740088105726865,293.5657958984375,1
2021-08-23,293.5657958984375,294.2885083597371,290.8676811391506,292.21673851879405,22830200,77.23970421949787,5.558897177198162,4.600188039609687,0.9587091375884746,279.51407623291016,290.721058271017,268.3070941948033,1.0,0.0,284.78447789734804,270.2711548827518,4.282101311947484,-0.44067755086041316,291.6096496582031,0
2021-08-24,291.6096496582031,294.5294067686128,291.0122120736746,293.92232360780326,18175800,72.34186930576016,5.774594350306131,4.835069301748976,0.9395250485571554,280.31520385742186,292.5301770829947,268.100230631849,0.0,0.0,286.0254182175035,271.1079585994362,4.227465125018246,-0.20387031213042373,291.0219116210937,0
2021-08-25,291.0219116210937,293.50802996134405,289.4897644777505,293.2285728625707,20006100,70.88741578467759,5.830895433395597,5.0342345280783,0.7966609053172968,281.10233001708986,293.93128676951085,268.27337326466886,0.0,0.0,286.9338715636108,271.88889793361886,4.21252229348791,0.10069983164427421,288.2081298828125,0
2021-08-26,288.2081298828125,291.4266062950808,288.07323882974407,290.0389958241658,17666100,64.22953255575925,5.584095796484291,5.1442067817594985,0.4398890147247929,281.735302734375,294.6546439034099,268.8159615653401,0.0,0.0,287.16555489437474,272.5288678139794,4.1511540914771095,-0.11696432588060646,288.8151550292969,1
2021-08-27,288.8151550292969,289.9233081860537,286.0302890699818,288.1117043575675,22605700,64.99339986207508,5.375521496669535,5.190469724741506,0.18505177192802869,282.47508850097654,295.23589558917257,269.7142814127805,0.0,0.0,287.46548219163327,273.1675457439918,4.132715878948167,0.27960896858955864,292.5444030761719,1
2021-08-30,292.5444030761719,293.1514863285869,290.10645389602473,290.16426854794526,16348100,69.32699997496252,5.448338952158849,5.2420435702249755,0.20629538193387376,283.4056671142578,296.25317571449153,270.5581585140241,0.0,0.0,288.38892235245845,273.9274225021165,4.147259837544013,-0.27681513954445114,290.89654541015625,0
2021-08-31,290.89654541015625,293.42121586283224,290.53036644546444,293.3441394842218,26285300,65.47021206716593,5.311847299174531,5.256004316014887,0.055842983159643644,284.14324645996095,296.93236127176345,271.35413164815844,0.0,0.0,288.84485381749437,274.59287830243176,4.057516236102855,0.6078504535695279,290.8483581542969,0
2021-09-01,290.8483581542969,294.0861249183289,290.5207320699009,291.8505275583118,18983800,65.35571243681464,5.140531524441087,5.232909757700128,-0.0923782332590406,284.90775299072266,297.37670528509875,272.43880069634656,0.0,0.0,289.2091273332766,275.2303481005441,4.0223645655546525,-0.27777883455771857,290.1931457519531,0
2021-09-02,290.1931457519531,292.3227302959744,289.2584364332611,291.20496087003505,16285600,63.72380092162148,4.895460551748499,5.165419916509802,-0.269959364761303,285.49474945068357,297.7972442848882,273.1922546164789,0.0,0.0,289.388039773036,275.8171244790307,3.953930943923125,-0.14213171230206811,290.1835327148437,0
2021-09-03,290.1835327148437,291.5904047928127,289.3355453558773,290.03896669123856,14747900,63.6986701043894,4.646897803211402,5.061715493850123,-0.41481769063872065,286.0841537475586,298.09576094455986,274.0725465505574,0.0,0.0,289.53267485336465,276.38051303729793,3.8325686934240033,-0.09442083804096868,289.2584533691406,0
2021-09-07,289.2584533691406,290.1353480932548,287.35051112759913,290.0582716965981,17180400,61.197508628585695,4.325403305375971,4.914453056155293,-0.5890497507793215,286.68164215087893,298.05987594259454,275.3034083591633,0.0,0.0,289.48281640168756,276.8855303052133,3.761172471554043,0.16493873704052775,289.2873229980469,1
2021-09-08,289.2873229980469,289.67276374560055,286.6470229996981,288.8729749296078,15046800,61.24864679340932,4.026530796780889,4.736868604280412,-0.7103378074995224,287.3714630126953,297.563233775545,277.17969224984563,0.0,0.0,289.44727214648015,277.37187511669697,3.7086416340075012,-0.12418802821820218,286.4350280761719,0
2021-09-09,286.4350280761719,291.1471272624396,286.1941239314484,289.8751463205612,19927000,53.716311835027604,3.518951535062172,4.493285190436764,-0.9743336553745925,287.8941390991211,296.66959291239874,279.11868528584347,0.0,0.0,288.89959140642407,277.72729287981366,3.7975246123634783,0.32433474227078185,284.9510803222656,0
2021-09-10,284.9510803222656,289.0079277198995,284.6330997569278,287.56250269932383,19633400,50.253653561698606,2.9627958649132893,4.1871873253320695,-1.2243914604187802,288.20508575439453,296.0514695253885,280.3587019834006,0.0,0.0,288.18168030021343,278.01057866187057,3.8387605659783524,-0.014733778290761279,286.1845092773437,1
2021-09-13,286.1845092773437,287.67813278036044,283.3803812009098,286.7241322672505,23652900,52.967479048409,2.5916905030659336,3.8680879608788423,-1.2763974578129087,288.43151397705077,295.75264475015666,281.1103832039449,0.0,0.0,287.81855829605524,278.3311249605166,3.8715456383692284,0.20472765797060122,288.8825988769531,1
2021-09-14,288.8825988769531,290.42439115897747,287.2540846387654,288.66095649526324,21853400,58.323462965499125,2.4866357232049268,3.5917975133440594,-1.1051617901391326,288.7086929321289,295.6473988044773,281.7699870597805,0.0,0.0,288.01202021985483,278.7449082513573,3.8978553700309817,-0.07607946594286541,293.7296447753906,1
2021-09-15,293.7296447753906,294.2114531175559,290.83879472239886,292.2264051004147,28356300,65.84775597324101,2.7626490502751153,3.4259678207302704,-0.6633187704551551,289.3013198852539,295.8165855787112,282.7860541917966,0.0,0.0,289.0515883208613,279.33254497778995,4.000069575071824,0.2975692569577275,294.1150817871094,1
2021-09-16,294.1150817871094,294.20180375871473,289.81735966426726,292.7082096801,19550800,66.36774128438238,2.9781627399369768,3.336406804571612,-0.35824406463463543,289.9994583129883,295.32793785053605,284.6709787754405,0.0,0.0,289.97222349654277,279.91225230364563,4.02752489788437,-0.31053064045732337,288.9596252441406,0
2021-09-17,288.9596252441406,293.42117357375326,288.6319992195933,293.10319312285753,41372500,54.430306574894104,2.7018118296639955,3.209487809590089,-0.5076759799260935,290.14881591796876,295.1763791506117,285.1212526853258,0.0,0.0,289.7881147233787,280.26705124248855,4.131493302858064,1.1161538146776602,283.59228515625,0
2021-09-20,283.59228515625,287.8514824392424,278.98620009647595,285.54842520573646,38278700,45.29573907688691,2.0263438236677302,2.9728590124056176,-0.9465151887378873,289.6641128540039,295.2287730766482,284.0994526313596,0.0,1.0,288.66160025662805,280.39745257244,4.548774148915679,-0.07477914073357905,284.0741882324219,1
2021-09-21,284.0741882324219,286.7145179579363,283.3707668698969,284.93182120134657,22364100,46.1692392473623,1.512481171784998,2.6807834442814937,-1.1683022724964958,289.1895324707031,294.9574924715848,283.4215724698214,0.0,0.0,287.827525343136,280.54163828459616,4.4627010731388035,-0.4157560209724991,287.7165832519531,1
2021-09-22,287.7165832519531,289.29692832647936,283.7946866969812,285.9339163666204,26626300,52.36102948566839,1.3832074013918145,2.421268235703558,-1.0380608343117435,288.9948791503906,294.6852504345243,283.3045078662569,0.0,0.0,287.80735405383,280.82300867547286,4.536953970021614,0.19058222776682276,288.66094970703125,1
2021-09-23,288.66094970703125,289.9521922582794,286.70480943359127,287.9767902418922,18604600,53.84340314837747,1.3414955617294027,2.205313700908727,-0.8638181391793243,288.8768310546875,294.4915539852396,283.2621081241354,0.0,0.0,287.96255326350297,281.1303789120046,4.444841745354937,-0.3012697971554441,288.4585266113281,0
2021-09-24,288.4585266113281,288.89213627391433,286.1265623771183,287.37928113035736,14999000,53.459409822411644,1.2773799354224593,2.0197269478114737,-0.7423470123890143,288.8893508911133,294.4991681850779,283.27953359714866,0.0,0.0,288.0527302358348,281.41775725315455,4.324894041886442,-0.19380153295421565,283.4671325683594,0
2021-09-27,283.4671325683594,285.6834391762905,282.28187346169767,285.3654586100994,23571700,44.94723338349927,0.8144159747977824,1.7786647532087354,-0.964248778410953,288.62194976806643,294.7098907937315,282.53400874240134,0.0,0.0,287.21898520538474,281.4981249125743,4.457162549582443,0.5715514367624508,273.2045593261719,0
2021-09-28,273.2045593261719,280.20042503434115,272.4625851539167,279.25607020918045,43186200,33.23118050492772,-0.37625298204613955,1.3476812061577605,-1.7239341882039,287.6549575805664,296.4745260499383,278.83538911119456,0.0,1.0,284.6709077728006,281.1728870464409,4.924832897072461,0.8321207210341215,273.6671447753906,1
2021-09-29,273.6671447753906,276.3363524670483,272.713173645824,274.7271290344914,26353700,34.065460285873456,-1.267924089242058,0.8245601470777968,-2.092484236319855,286.7934875488281,297.3692366289993,276.21773846865693,0.0,1.0,282.67022359145335,280.8785442122821,4.83185760594045,-0.38976571219509937,271.66278076171875,0
2021-09-30,271.66278076171875,277.35772848518707,271.3736781629652,275.3148661791945,32343600,32.18869197385126,-2.1119698171757477,0.23725415422708795,-2.349223971402836,285.8342086791992,298.1087704741452,273.5596468842532,0.0,1.0,280.6688703496834,280.5171417240247,4.914157085674838,0.22728876780110574,278.5815734863281,1
2021-10-01,278.5815734863281,279.42956082549745,271.055729962069,271.855518825413,30086300,43.71582074560362,-2.1972646878994055,-0.24964961419821075,-1.9476150737011948,285.25363006591795,297.74509347580215,272.76216665603374,0.0,0.0,280.28936182907336,280.4412370872523,5.1612766412286675,-0.06979124154392213,272.8094177246094,0
2021-10-04,272.8094177246094,277.2806118186714,270.05348900845405,276.94334020608034,31350700,37.92387905152844,-2.699507970023433,-0.7396212853632552,-1.9598866846601775,284.3849243164062,297.7688309036875,271.00101772912495,0.0,0.0,278.92937199189805,280.14195005342316,5.401762915274768,0.04202577252769535,278.2539367675781,1
2021-10-05,278.2539367675781,279.83425268811834,273.7152814419423,273.7152814419423,24993000,45.28730337339376,-2.627919187974669,-1.117280865885538,-1.510638322089131,283.83469848632814,297.27662938408,270.39276758857625,0.0,0.0,278.80656558747626,280.0679103167233,5.517696633005782,-0.20279292009428818,282.4456481933594,1
2021-10-06,282.4456481933594,282.9467476472076,275.12218554145016,275.382351437471,28002600,50.18643820122715,-2.2075017756180273,-1.335325047832036,-0.8721767277859913,283.49261474609375,296.70840418330573,270.27682530888177,0.0,0.0,279.4682169703641,280.1611549393365,5.6824727382023275,0.12041771696074899,284.1223449707031,1
2021-10-07,284.1223449707031,285.8472268251137,283.2261886390808,284.440325492257,20430500,52.0365153372572,-1.7192046096175773,-1.4121009601891443,-0.30710364942843293,283.3769805908203,296.52807781528844,270.2258833663522,0.0,0.0,280.3144220613348,280.31649572488027,5.519551730598899,-0.2704070336325912,284.1223449707031,0
2021-10-08,284.1223449707031,285.8472268251137,283.0720064625797,285.4424949358928,17685700,52.0365153372572,-1.317043529593036,-1.3930894740699227,0.07604594447688662,283.3355438232422,296.4717550655843,270.19933258090003,0.0,0.0,281.00677168121996,280.46574471491255,5.323528061451406,-0.13434815594332006,283.5248718261719,0
2021-10-11,283.5248718261719,287.128787851861,282.09870892799114,282.2625366597223,19298600,51.249889156312236,-1.0346126946122922,-1.3213941181783966,0.28678142356610437,283.2025619506836,296.27440792883544,270.1307159725318,0.0,0.0,281.4646080712112,280.5857104839816,5.3025674087670085,0.09119797350401737,282.2240600585937,0
2021-10-12,282.2240600585937,284.690916425301,281.71334439065623,284.59454887512936,17974100,49.4955752031041,-0.9053129769314978,-1.238177889929017,0.3328649129975192,282.8696350097656,295.68246940260684,270.05680061692436,0.0,0.0,281.6026902507353,280.64995948690756,5.13649631061542,-0.06863192148653274,285.5291748046875,1
2021-10-13,285.5291748046875,286.4638838944547,282.8117694830256,284.1801177182295,23416300,53.82088082949331,-0.5300369451350093,-1.0965497009702154,0.5665127558352061,282.4596115112305,294.34754304128353,270.57167998117745,0.0,0.0,282.31659653327205,280.8413012640754,5.07244827670439,0.3027801113824893,291.7348937988281,1
2021-10-14,291.7348937988281,292.2359637895139,286.9938877052562,288.32368317323034,27262900,60.63738307730192,0.2650661556072009,-0.8242265296547322,1.0892926852619331,282.3406021118164,293.7993297003045,270.8818745233283,0.0,0.0,284.0290142179186,281.26850097132063,5.189186898713105,0.16427018786059278,293.1418151855469,1
2021-10-15,293.1418151855469,293.37310318030734,289.5860673662888,291.3398567409262,25384800,62.00664335833156,0.9972225285696368,-0.45993671800985847,1.4571592465794954,282.5497116088867,294.6202740708309,270.4791491469425,0.0,0.0,285.6858871211237,281.7341211365844,5.089033249806353,-0.06888848948571136,296.1097717285156,1
2021-10-18,296.1097717285156,296.9962825877865,291.6771292104213,292.52511657650416,22729300,64.78923749966376,1.7962450233090408,-0.008700369746078573,1.8049453930551194,283.1755859375,296.61765637386094,269.73351550113904,0.0,0.0,287.5811388679222,282.29787214018955,5.1054704017748405,-0.10460984526173145,297.0155334472656,1
2021-10-19,297.0155334472656,298.046580784232,296.04227134224186,297.1311627256362,17682100,65.6168535907647,2.4740442657167137,0.4878485573464799,1.9861957083702337,283.82265319824216,298.55906407925795,269.0862423172264,0.0,0.0,289.29648333689374,282.8750353287023,4.88395890464736,-0.22205699251626754,296.225341796875,0
2021-10-20,296.225341796875,298.4320317414315,294.9726227448066,297.95983967544254,16537100,64.19914842620804,2.9138540901847705,0.973049663914138,1.9408044262706325,284.24809112548826,299.8740507624724,268.6221314885041,0.0,0.0,290.55627578416306,283.3985767588268,4.7822053397886135,-0.0647547519808167,299.4534912109375,1
2021-10-21,299.4534912109375,299.70401151928974,295.2135548265935,295.99411129385413,16918100,67.30680983819741,3.482744315146931,1.4749885941606968,2.0077557209862342,284.78771820068357,301.68008331735984,267.8953530840073,0.0,0.0,292.1739513163038,284.0281812471448,4.761366150710586,0.023039106010122712,297.9117126464844,0
2021-10-22,297.9117126464844,299.77148563337295,296.6011787740469,299.106587824424,17449300,64.43018785729167,3.765775753321634,1.9331460259928843,1.8326297273287497,285.26037750244143,303.0427072468282,267.4780477580547,0.0,0.0,293.2171806490639,284.5726334588836,4.647719058468833,0.03139832487099614,296.9192199707031,0
2021-10-25,296.9192199707031,298.1430025992538,295.30996713441385,298.1044496970303,17554500,62.576133329817935,3.865436002788556,2.319604021352019,1.545831981436537,285.93298187255857,304.39765735425954,267.4683063908576,0.0,0.0,293.8902787075437,285.05681332209224,4.518098801781056,0.0060288951419253944,298.8270874023437,1
2021-10-26,298.8270874023437,301.03377733794736,297.3720465392761,299.68472017039693,28107300,64.68018816204713,4.0516613950341025,2.666015496088436,1.3856458989456666,287.2141082763672,305.52334486813055,268.90487168460385,0.0,0.0,294.78788028841643,285.5968240703374,4.489274413599854,0.6011450055541314,311.4120178222656,1
2021-10-27,311.4120178222656,314.23540765875345,304.5028732340633,304.5028732340633,52588700,74.76054119679368,5.155317774080288,3.1638759516868062,1.9914418223934818,289.1013519287109,309.1359497888844,269.0667540685375,1.0,0.0,297.8104507491163,286.6091846096287,5.269206259514847,0.8709979258057516,312.54901123046875,1
2021-10-28,312.54901123046875,313.05008121355974,309.6677779577822,312.5297200802306,26297900,75.44246208806194,6.05195608909753,3.741491979168951,2.3104641099285788,291.1456634521484,311.973675010539,270.31765189375784,1.0,0.0,300.49018901845307,287.6264327124067,5.134427473533608,-0.49993249500367953,319.55450439453125,1
2021-10-29,319.55450439453125,319.9206833758431,312.115383713237,312.33702609856846,34766000,79.17573026277417,7.244325094416922,4.4420586022185455,2.8022664921983766,293.1943099975586,316.57933580914266,269.80928418597455,1.0,0.0,303.95642817774,288.878513954843,5.3252040584673574,0.3220067001547653,317.38641357421875,0
2021-11-01,317.38641357421875,319.429276181663,314.49556360355314,319.30400131110804,27073200,75.35756550273877,7.923007809848286,5.138248443744494,2.784759366103792,295.42315979003905,319.1071449934529,271.7391745866252,0.0,0.0,306.3982437043725,289.99647080266163,5.306185253646697,-0.22127365817177702,321.0095520019531,1
2021-11-02,321.0095520019531,321.31791632302634,317.99342781479373,318.29214656107087,26487100,77.32542414855826,8.653473882443166,5.8412935314842285,2.812180350958937,297.5609405517578,322.35261210129676,272.7692690022189,0.0,0.0,309.0548452130235,291.2126700653789,5.207993646158188,-0.021648715334722124,321.84796142578125,1
2021-11-03,321.84796142578125,322.7152105302098,318.6198397635644,321.7515938792344,21500100,77.76785715608226,9.194042937431789,6.51184341267374,2.6821995247580483,299.5310562133789,325.44203881363256,273.62007361312527,0.0,0.0,311.3808663426158,292.41405404029666,5.1285205833358445,-0.18828033269025302,324.1991271972656,1
2021-11-04,324.1991271972656,324.2954947256181,317.5212721245384,320.7783004950608,23992200,79.00504347914921,9.700347666701589,7.149544263479311,2.550803403222278,301.534895324707,328.54479357248806,274.52499707692596,0.0,0.0,313.7114592252794,293.6605274974327,5.246070727460402,0.11591108878563361,323.8330078125,0
2021-11-05,323.8330078125,326.46369184358485,322.25269180428967,326.1938803589028,22570100,78.27457969788145,9.957273783821165,7.711090167547683,2.2461836162734823,303.5204284667969,330.953383430848,276.08747350274575,0.0,0.0,315.5517407865922,294.8437620195922,5.172137106877172,-0.0592734305315894,324.7290954589844,1
2021-11-08,324.7290954589844,325.3650858397293,322.27188529417714,325.0278142034985,20897000,78.79143340726108,10.116578744431308,8.192187882924408,1.9243908615069003,305.5806396484375,332.8860638650882,278.2752154317868,0.0,0.0,317.22035072702715,296.0157358799605,5.023641638211101,-0.07412904683630117,323.7269897460937,0
2021-11-09,323.7269897460937,326.39619698658385,322.3586413143152,324.8447590588509,21307400,76.5968205239335,10.046161619727911,8.56298263028511,1.483178989442802,307.6557861328125,333.83045522853956,281.4811170370855,0.0,0.0,318.40337600322107,297.1024517178481,4.953206926358068,0.019639182657797738,318.7642822265625,0
2021-11-10,318.7642822265625,322.4549493777463,317.91632452625186,322.3971347483441,25500900,66.69009590717675,9.48061983534268,8.746510071296624,0.734109764046055,309.3175415039062,333.8293739514645,284.80570905634795,0.0,0.0,318.4689953165559,297.9519352672095,5.014453947321194,0.19680955912030562,320.33502197265625,1
2021-11-11,320.33502197265625,321.6262645374032,318.4848947841872,319.197961574822,16849800,68.0965551881491,9.054791467374969,8.808166350512295,0.24662511686267408,310.74754791259767,334.30805155180843,287.1870442733869,0.0,0.0,318.8082728903923,298.82970337330545,4.880662219170823,-0.3392468501111725,324.4689636230469,1
2021-11-12,324.4689636230469,324.96041747042767,321.6455742090313,321.77084906481406,23831000,71.50647911898757,8.94774986951262,8.836083054312361,0.1116668152002589,312.3139053344727,335.1381580996684,289.489652569277,0.0,0.0,319.8374893872386,299.8351645595698,4.862428881928009,0.4143194577977187,323.8426818847656,0
2021-11-15,323.8426818847656,325.5868258155104,321.876895519254,325.25919965579993,16723000,70.2809189648529,8.711956913495271,8.811257826148942,-0.09930091265367125,313.70055084228517,335.7759470968845,291.6251545876858,0.0,0.0,320.56570620497075,300.77663582722454,4.780107554380038,-0.2982669631991943,327.1574401855469,1
2021-11-16,327.1574401855469,328.27523883002146,323.3029742696654,323.4667726030353,20886800,72.92583068200604,8.692362445868866,8.787478750092927,-0.09511630422406014,315.20764617919923,336.62673550261195,293.7885568557865,0.0,0.0,321.7642032923482,301.8111771746097,4.793833054806896,0.2489864258805239,327.37945556640625,1
2021-11-17,327.37945556640625,330.34317737832805,326.2982353582756,327.2056943460369,19053400,73.09852094147965,8.59566302217462,8.749115604509266,-0.15345258233464598,316.7653518676758,336.93058462645524,296.60011910889637,0.0,0.0,322.78515825126783,302.8138547586018,4.7403408380387235,-0.0877779267288431,329.4550170898437,1
2021-11-18,329.4550170898437,330.5941871717435,325.448698473781,326.47199828045603,22463500,74.7218101607336,8.587516951096688,8.71679587382675,-0.12927892273006236,318.2654281616211,337.4982416187211,299.0326147045211,0.0,0.0,323.9978598582816,303.85860622257206,4.769279970890421,0.17897593080500074,331.2313842773437,1
2021-11-19,331.2313842773437,333.15250973725915,330.3529147568212,330.7776841426584,21963400,76.05361770919292,8.624975765624242,8.69843185218625,-0.07345608656200753,319.93141174316406,337.5259439860081,302.33687950032004,0.0,0.0,325.31304611629287,304.9320484992298,4.692723733499354,-0.02226278184610586,328.0648803710937,0
2021-11-22,328.0648803710937,337.5642399354129,327.7945753077866,332.6890561129603,31031100,69.06800678683993,8.303434915360924,8.619432464821186,-0.3159975494602616,321.4886947631836,335.8826348622851,307.09475466408213,0.0,0.0,325.8133796171657,305.8392183765578,5.055362368794135,0.4128550224464336,325.9893798828125,0
2021-11-23,325.9893798828125,327.69812064888646,322.0120206003462,325.38118601428096,30427600,64.86261497839703,7.791322416341757,8.4538104551253,-0.6624880387835432,322.84680938720703,332.9041029556786,312.7895158187355,0.0,0.0,325.84537966546515,306.6294207885678,5.1266121832193745,-0.01944823096828663,326.2113647460937,1
2021-11-24,326.2113647460937,326.4527096021285,322.34984704953825,324.63779157098065,21661300,65.10732346496542,7.3190128701201616,8.226850938124272,-0.9078380680041107,323.58677673339844,332.25119259106464,314.92236087573224,0.0,0.0,325.9119224073976,307.3973401594512,5.0534872096030075,-0.28810356386964464,318.26629638671875,0
2021-11-26,318.26629638671875,326.23067700890783,316.7603067714065,322.77463147147154,24217200,51.32887542618332,6.231767597317003,7.8278342699628185,-1.596066672645816,323.8726409912109,331.35864642958376,316.3866355528381,0.0,0.0,324.5218085854559,307.8235737369911,5.36897885445289,0.1179938415515227,324.9756774902344,1
2021-11-29,324.9756774902344,327.29258219620067,323.15109625287187,323.34418392046973,28563500,59.18426288648031,5.844141245431842,7.431095665056624,-1.5869544196247816,324.1436996459961,331.3728395267933,316.9145597651989,0.0,0.0,324.60433020450654,308.4962052567261,5.630215065526392,0.17947161521563193,319.1447448730469,0
2021-11-30,319.1447448730469,326.08582451918915,317.60013207363266,323.71099964845,42885600,51.417385259073995,5.008699863575998,6.946616504760499,-1.9379166411845006,324.2316162109375,331.1666917606197,317.2965406612553,0.0,0.0,323.6116783260593,308.91379504560143,5.834177735528542,0.5014126420081573,318.65240478515625,0
2021-12-01,318.65240478515625,327.5339066425295,317.9863201338412,323.5275882083492,33337600,50.81105355264816,4.2577975788877325,6.408852719585946,-2.1510551406982135,324.11375885009767,331.3379468268278,316.8895708733675,0.0,0.0,322.7099922277133,309.2957013098977,6.099421219325664,-0.22263883448057153,318.0829162597656,0
2021-12-02,318.0829162597656,321.94443467534484,316.4514223722996,318.8648713820366,30766000,50.07547370887351,3.5755326292701284,5.842188701522783,-2.2666560722526548,323.9255065917969,331.5605954025688,316.2904177810249,0.0,0.0,321.86870568808644,309.6402979745984,6.056106296734206,-0.07713812631983108,311.8272399902344,0
2021-12-03,311.8272399902344,321.1817696501505,307.0196395009661,320.49632899700646,41779300,42.753656889807274,2.5012194463390074,5.173994850486029,-2.6727754041470213,323.3069122314453,332.5817482150671,314.03207624782357,0.0,1.0,320.0429846521133,309.72606040658417,6.635108000480649,0.3579698368328674,314.89715576171875,1
2021-12-06,314.89715576171875,316.11354341449044,308.1781223856923,312.73471501105405,30032600,46.859973545415095,1.87591072414574,4.5143780252179715,-2.6384673010722315,322.86011962890626,332.8257371947317,312.89450206308084,0.0,0.0,319.1073793993143,309.92884845972674,6.727987502503327,-0.2811607662167629,323.3249206542969,1
2021-12-07,323.3249206542969,324.1744298816056,318.67178431375265,320.15847701837134,31021900,56.157556703836676,2.0369189164320005,4.018886203460777,-1.9819672870287768,322.7899108886719,332.72159806998326,312.85822370736054,0.0,0.0,319.87420508203843,310.4541846242197,6.910079403745007,0.03294087092026654,323.3731384277344,1
2021-12-08,323.3731384277344,323.88478833070934,319.3474933714662,323.7013638880352,24761000,56.20476893782056,2.1436986169141505,3.6438486861514523,-1.5001500692373018,322.77221832275393,332.69842432884343,312.8460123166644,0.0,0.0,320.51037478125585,310.9608102635732,6.740594800566301,-0.20182193869492193,321.5679016113281,0
2021-12-09,321.5679016113281,324.84052263649073,320.62181914163386,322.83254633757906,22214200,53.866005548820546,2.0589208172148687,3.3268631123641357,-1.267942295149267,322.9123992919922,332.686258727079,313.13853985690537,0.0,0.0,320.7026523867235,311.37677463015183,6.560459707301342,-0.10285529663583859,330.68115234375,1
2021-12-10,330.68115234375,331.1252187320229,323.1994600837699,323.38288457347915,38095700,62.37716071077112,2.696018943487445,3.2006942785887977,-0.5046753351013527,323.42970581054686,333.6864125991255,313.1729990219682,0.0,0.0,322.51692510618284,312.13380905029294,6.774520951115159,0.7149255881373175,327.6497802734375,0
2021-12-13,327.6497802734375,331.8878102110468,327.3408517779993,328.8854647941473,28899400,58.510368030177396,2.9226271799041115,3.145080858851861,-0.22245367894774937,323.58874664306643,334.0024228688544,313.17507041727845,0.0,0.0,323.45017150022915,312.7422785100241,6.6154093426817555,-0.24139994802563014,316.9727783203125,0
2021-12-14,316.9727783203125,323.05468832102974,312.88921143959027,321.6838361359127,44438700,47.37158048676625,2.215136301292887,2.959091947340066,-0.743955646047179,323.24525146484376,334.0486771962418,312.44182573344574,0.0,0.0,322.2724636493352,312.9081804633688,7.197206449193575,0.5377032049108286,323.0642395019531,1
2021-12-15,323.0642395019531,323.5855526741377,313.2656435990005,317.23333915012444,35381100,52.88272839596857,2.1215191396480577,2.7915773858016646,-0.6700582461536069,323.04059143066405,333.69385260104434,312.38733026028376,0.0,0.0,322.41642289526567,313.3064572884113,7.4202566367609775,-0.20382234403796695,313.6517639160156,0
2021-12-16,313.6517639160156,325.1011790200771,311.83684591434667,324.0875129645706,35034800,45.035076832046606,1.2731427509952482,2.4878904588403814,-1.2147477078451332,322.35420684814454,333.55565079105315,311.15276290523593,0.0,0.0,320.822848535402,313.3199987247879,7.837690670258795,-0.009787711518296494,312.58990478515625,0
2021-12-17,312.58990478515625,313.6711546916639,306.2666801473062,309.77101283249925,47750300,44.23751509837146,0.5092449346203693,2.0921613539963793,-1.58291641937601,321.51095123291014,332.9831804850369,310.0387219807834,0.0,0.0,319.32594967172093,313.2913675899004,7.80674666126586,0.36293913480311013,308.8345642089844,0
2021-12-20,308.8345642089844,311.6244956878622,306.5755796789902,308.96970202135424,28326500,41.442244981312676,-0.39462519465138257,1.594804044266827,-1.9894292389182096,320.3911102294922,332.2163655080647,308.5658549509197,0.0,0.0,317.41842504213247,313.1165909867272,7.678716550187302,-0.4067785961554168,315.9590759277344,1
2021-12-21,315.9590759277344,316.3838452795724,308.7283631846601,312.097557791786,24740600,48.137634363414726,-0.529951281962326,1.1698529790209964,-1.6998042609833224,319.7858200073242,331.2104597550081,308.3611802596403,0.0,0.0,317.15308883951457,313.22806098441373,7.677056946239088,-0.1265917074117876,321.6644287109375,1
2021-12-22,321.6644287109375,322.0602083402628,314.47234037759364,316.93404606965555,24831500,52.792571756912125,-0.17480880604483673,0.9009206220078299,-1.0757294280526666,319.56957244873047,330.67562235157493,308.463522545886,0.0,0.0,317.97333245250053,313.55889893447346,7.670686304555524,0.0036741226971050978,323.1028747558594,1
2021-12-23,323.1028747558594,324.7440317285957,321.2107391407732,321.2300361252478,19617800,53.91565184347422,0.2201766793093043,0.7647718334681247,-0.5445951541588204,319.4141479492188,330.22719013903406,308.6011057594035,0.0,0.0,318.90597650765665,313.93317249609646,7.375158181931734,-0.20996315164206758,330.5942077636719,1
2021-12-27,330.5942077636719,330.62316796902155,323.817225101408,323.8461853067577,19947000,59.3407759887972,1.1247283202605445,0.8367631308266087,0.2879651894339358,320.0305435180664,331.86850543127565,308.19258160485714,0.0,0.0,321.03110946329576,314.5865464281582,7.385524969876765,0.016780678771319835,329.435791015625,0
2021-12-28,329.435791015625,331.90716045361296,328.53799505142064,331.2700063774219,15661500,58.19982157371207,1.7281958958595283,1.0150496838331926,0.7131462120263357,320.25354919433596,332.612322686456,307.8947757022159,0.0,0.0,322.55923338190104,315.16886974531377,7.09864214361359,-0.21484433749436005,330.11151123046875,1
2021-12-29,330.11151123046875,332.38012934520907,327.9200810470128,329.4839910257525,15042000,58.698666901400074,2.235207194212535,1.2590811859090612,0.9761260083034737,320.80188751220703,333.8681255432064,307.73564948120764,0.0,0.0,323.9323748089133,315.75485568590807,6.910171154655211,-0.039555598122785196,327.5726013183594,0
2021-12-30,327.5726013183594,331.2506951069542,327.08991153548817,330.0729308583066,15994500,55.99470957846629,2.4044316977200992,1.4881512882712689,0.9162804094488304,321.2478973388672,334.5961307467386,307.89966393099576,0.0,0.0,324.5942341742671,316.21829669110224,6.713786327284555,0.06332269644994026,324.6764221191406,0
2021-12-31,324.6764221191406,327.6111544209489,324.2226926014007,326.7906054612649,18000800,52.995718319057325,2.278579829046521,1.6462369964263193,0.6323428326202016,321.57757263183595,334.9225389976016,308.2326062660703,0.0,0.0,324.6091774369714,316.54998788435864,6.476263148160528,0.12543686892369244,323.1607971191406,0
2022-01-03,323.1607971191406,326.2982805863168,318.3628596847403,323.7400307283668,28865100,51.442955480801025,2.033106657532528,1.7236109286475612,0.3094957288849669,322.1442504882813,334.72563176231245,309.5628692142501,0.0,0.0,324.34583556100216,316.8092353053305,6.580488701975958,0.603545397982312,317.6194763183594,0
2022-01-04,317.6194763183594,323.59517698244974,314.82951579453515,323.2379618678629,32674300,46.122120082093424,1.3755723805571733,1.6540032190294838,-0.2784308384723104,322.2803665161133,334.60139262326106,309.95934040896555,0.0,0.0,323.12286115324895,316.84100946270416,6.7365724509715745,0.13196559166606048,305.4267272949219,0
2022-01-05,305.4267272949219,314.78125567055275,305.0405814422899,314.5785047925629,40054300,37.043179176320905,-0.12790678852172732,1.2976212175192416,-1.425528006040969,321.38545684814454,335.71008750334164,307.06082619294745,0.0,1.0,319.9053822699167,316.3933905541637,7.153881195621423,0.2258655885512466,303.0133056640625,0
2022-01-06,303.0133056640625,307.66644167118665,300.7060346434731,302.30856806148427,39646100,35.551418644764155,-1.4969123440963585,0.7387145051961217,-2.2356268492924802,320.3674652099609,336.7310475720216,304.00388284790023,0.0,1.0,316.8340956143068,315.86868134278717,7.140061612199431,-0.01019116549284349,303.1678161621094,1
2022-01-07,303.1678161621094,305.54264171592666,299.35455497870817,303.2739937762214,32720000,35.72986576435679,-2.540110590424831,0.0829494860719312,-2.6230600764967624,319.4474609375,337.4268539260761,301.46806794892393,0.0,0.0,314.34931753208906,315.37060819844686,7.072063406843649,-0.17469814180966092,303.38983154296875,1
2022-01-10,303.38983154296875,303.824264140596,294.1415080824136,298.77531830555176,44289500,36.004060022546,-3.310773395879494,-0.5957950903183538,-2.7149783055611403,318.08289489746096,336.57994163901924,299.5858481559027,0.0,0.0,312.35668371588537,314.90077381980063,7.258541453367842,0.353591075794621,304.0752258300781,1
2022-01-11,304.0752258300781,305.64876956592934,299.1614480285225,302.53061283786786,29386800,36.899068238756826,-3.822164102083093,-1.2410688926713016,-2.5810952094117914,316.90416717529297,335.8123939924274,297.9959403581585,0.0,0.0,310.85096410028405,314.476242526086,7.2034543165134854,-0.33648381670599126,307.2513122558594,1
2022-01-12,307.2513122558594,312.21337685592107,306.1025083336208,308.602867078053,34372200,41.01574894526704,-3.925905890902925,-1.7780362923176263,-2.1478695985852987,316.4180938720703,335.78844628148863,297.04774146265197,0.0,0.0,310.1964819467523,314.19291192725365,7.270218367179875,0.169647596880232,294.2476501464844,0
2022-01-13,294.2476501464844,309.7709684945666,293.4753583562799,309.37515937724777,45366000,31.85309807867354,-4.999774573023615,-2.422383948458824,-2.577390624564791,314.9772644042969,336.3402711892835,293.61425761931025,0.0,0.0,307.29669434670353,313.41074479859606,7.914889207973219,0.3198456892488697,299.46075439453125,1
2022-01-14,299.46075439453125,300.05928501415605,293.2340443836935,293.71673416868725,39846400,37.84748304061908,-5.36828702415113,-3.011564563597285,-2.3567224605538444,314.26771392822263,336.6767575858787,291.85867027056656,0.0,0.0,305.8719779917631,312.86368635137785,7.837057166722455,-0.12166820967244196,292.1721496582031,0
2022-01-18,292.1721496582031,299.0746083692824,291.2936506279132,293.5430017450747,42333200,33.42107360753401,-6.177257703868179,-3.6447031916514643,-2.5325545122167146,313.246826171875,337.6410093675569,288.8526429761931,0.0,0.0,303.381100112934,312.0522535398808,7.860631923857853,0.062409653067780235,292.8284912109375,1
2022-01-19,292.8284912109375,303.04222074165364,292.2203269969151,295.68603516166604,45933900,34.16773477204461,-6.688312811076571,-4.253425115536485,-2.4348876955400858,312.44652252197267,338.3695296670913,286.52351537685405,0.0,0.0,301.4624439489346,311.29838050737317,8.075591863828757,0.08505617340527061,291.15838623046875,0
2022-01-20,291.15838623046875,300.86043585984567,290.7143200267884,298.369770370206,35380700,33.14901221724888,-7.145719770310507,-4.8318840464912896,-2.313835723819217,311.20648803710935,338.66592904414233,283.7470470300764,0.0,0.0,299.5889789092135,310.5085768102397,8.223486433059364,-0.2297475285137992,285.78131103515625,0
2022-01-21,285.78131103515625,293.58156494621363,285.3758386555824,292.2107424640824,57984400,30.043214573398245,-7.851594813549411,-5.435826199902914,-2.415768613646497,309.41233215332034,338.54237059418136,280.2822937124593,0.0,0.0,297.07849384120306,309.5388801131776,8.222217851457353,0.6388709098463285,286.1095275878906,1
2022-01-24,286.1095275878906,286.8238990150419,266.4930083993814,282.08391143196826,85731500,30.471432553953804,-8.28897143508766,-6.006455246939864,-2.282516188147796,307.5626647949219,337.6623659727021,277.46296361714167,0.0,0.0,295.08413634060076,308.62008197493105,9.087123048900436,0.47852698311959774,278.5023803710937,0
2022-01-25,278.5023803710937,284.77734842437496,275.2973421558161,281.4274796851813,72848600,26.43288141831539,-9.144022168002152,-6.633968631152323,-2.5100535368498296,304.958073425293,335.64465124093005,274.2714956096559,0.0,0.0,292.0692716188722,307.4389956375257,9.210341790555727,-0.15027032071059065,286.43768310546875,1
2022-01-26,286.43768310546875,297.8195132718196,282.88509436140055,297.32716040257384,90428900,35.96666325348659,-9.076712727309769,-7.122517450383812,-1.9541952769259563,302.8081680297852,332.3369154639368,273.27942059563355,0.0,0.0,291.04534643461704,306.6154147539156,9.932255441282166,0.24132653201296939,289.4594421386719,1
2022-01-27,289.4594421386719,296.6611663626569,287.6155633991125,292.18181992971034,53481300,39.19798672851555,-8.679487086200538,-7.433911377547158,-1.24557570865338,300.7755645751953,328.0145844623317,273.5365446880589,0.0,0.0,290.7570001989906,305.9426315141022,9.953057428132594,-0.4085817697660814,297.5879211425781,1
2022-01-28,297.5879211425781,297.8003058303216,284.2560313928482,289.8359242315118,49743700,46.95279323132276,-7.6209332065446915,-7.471315743346666,-0.14961746319802582,299.2763305664063,323.5948291312266,274.9578320015859,0.0,0.0,291.9989858250974,305.6149958132581,10.209572928799796,-0.06988610972433351,300.2137451171875,1
2022-01-31,300.2137451171875,301.5652706042171,295.76333004152133,298.254025795733,46444500,49.20652355682116,-6.495266195090039,-7.276105833695341,0.7808396386053014,298.0531967163086,319.4201797933995,276.6862136392177,0.0,0.0,293.4925784236592,305.403182060471,9.894742045506652,-0.06632397670458767,298.0705871582031,0
2022-02-01,298.0705871582031,299.875842129487,294.5662548205134,299.66345745868625,40950400,47.43513897411283,-5.7102773914466525,-6.962940145245604,1.2526627537989512,296.7986862182617,314.80353335301066,278.79383908351275,0.0,0.0,294.32494364812175,305.11562931920565,9.591366920590042,-0.11829387763890231,302.6078491210937,1
2022-02-02,302.6078491210937,304.21038262271304,298.1864239841783,298.91045860750387,36636000,51.42219569946445,-4.668236464014569,-6.503999408999397,1.835762944984828,296.04810485839846,311.60346552546235,280.49274419133457,0.0,0.0,295.83092646138937,305.0172849977111,9.344826102298603,-0.10535672423224196,290.820556640625,0
2022-02-03,290.820556640625,300.4550540690847,289.57520891247447,298.7752738080084,43730000,42.42027363617806,-4.738920192086482,-6.150983565616815,1.4120633735303327,295.3177963256836,310.4078454834255,280.22774716794174,0.0,0.0,294.91995013034125,304.4605505523352,9.60824139560722,0.19363467627470254,295.3482360839844,1
2022-02-04,295.3482360839844,298.10920758842764,289.584918714947,289.8166003905514,35096500,46.30837413540115,-4.379111987064732,-5.796609249906399,1.4174972628416667,294.9345428466797,309.6068999574765,280.26218573588284,0.0,0.0,294.9978203037309,304.1032048869097,9.530816215455323,-0.1974273953807455,290.53094482421875,0
2022-02-07,290.53094482421875,297.18239363022644,289.5172787684884,295.57022651592763,28533300,42.98274405228289,-4.43159190428463,-5.523605780782045,1.0920138764974148,294.30269927978514,308.5856308845368,280.0197676750335,0.0,0.0,294.18566112563775,303.57095939425517,9.397551833046947,-0.18700440214836234,294.0160217285156,1
2022-02-08,294.0160217285156,294.9814013715594,289.5656357153874,290.8206174669248,32421200,46.00388550938615,-4.1441943438801445,-5.247723493401665,1.1035291495215205,293.8340087890625,307.49507369526935,280.1729438828557,0.0,0.0,294.15481759888826,303.196255956383,9.113138534698738,0.13625833675039334,300.4356994628906,1
2022-02-09,300.4356994628906,301.1307737737914,296.74797273384456,299.1420946683608,31284700,51.13966889886528,-3.3596869847654602,-4.870116191674424,1.510429206908964,293.65203247070315,306.85173669103193,280.45232825037436,0.0,0.0,295.296796119616,303.08799883899115,8.970396642597098,-0.03505422377950229,291.9115295410156,0
2022-02-10,291.9115295410156,298.4181795398157,290.2896986537681,293.5140634395048,45386200,45.01695633290398,-3.3867481987737165,-4.573442593094283,1.1866943943205666,292.8850433349609,304.52535648029476,281.2447301896271,0.0,0.0,294.681293105325,302.6497059253451,9.054368368777487,0.4507474899871182,284.8255310058594,0
2022-02-11,284.8255310058594,293.7552899724405,284.0339128700643,292.6933667977203,39175600,40.65905961877985,-3.9346194239632837,-4.4456779592680835,0.5110585353047998,292.4139373779297,304.5477304848873,280.2801442709721,0.0,0.0,292.88933635996756,301.9507186736006,9.102011849748823,-0.136838951046794,284.78692626953125,0
2022-02-14,284.78692626953125,286.4860034605709,281.263297311286,283.599498987924,36359500,40.635979621456386,-4.3221038736740525,-4.420963142149278,0.09885926847522519,291.6802459716797,303.7954618806291,279.56503006273033,0.0,0.0,291.41617088897914,301.2776287754018,8.82491858542997,-0.07188402985531805,290.067626953125,1
2022-02-15,290.067626953125,290.38618927733245,286.7370553493468,289.6235605596376,27058300,45.21697718700635,-4.155181335312648,-4.367806780781952,0.21262544546930418,291.5750198364258,303.70786288884904,279.4421767840025,0.0,0.0,291.1709810824602,300.8380208608027,8.594514615599342,-0.2558120986262188,289.72906494140625,0
2022-02-16,289.72906494140625,291.05436512263174,284.0989304505948,288.63592551544133,29982100,44.97733579134414,-4.0040568707470925,-4.29505679877498,0.29099992802788766,291.42004852294923,303.56406301158836,279.2760340343101,0.0,0.0,290.9088145113595,300.4023755306303,8.477437476773455,0.10805556890122436,281.24517822265625,0
2022-02-17,281.24517822265625,287.11712691828404,280.53898325758263,286.69147920261867,32461600,39.349506424431624,-4.516801522845299,-4.339405743589044,-0.17739577925625483,290.9243881225586,303.854441280404,277.9943349647132,0.0,0.0,289.1517897315952,299.6511128911019,8.528340634419894,0.08269934394188527,278.53643798828125,0
2022-02-18,278.53643798828125,284.2729679755153,276.9692943041292,283.48939613343924,34264000,37.726390167412376,-5.083132861301465,-4.488151167131528,-0.5949816941699364,290.56214447021483,304.42083871356,276.7034502268697,0.0,0.0,287.2217257782654,298.82308642432463,8.440864422774622,0.055524065357221986,278.3333740234375,0
2022-02-22,278.3333740234375,282.028756766497,275.21842268075903,275.70211059408194,41736100,37.6011735624103,-5.485111145192889,-4.6875431627438005,-0.7975679824490882,290.1733367919922,304.91789939641654,275.42877418756785,0.0,0.0,285.60566182284214,298.0195682909565,8.324397970129146,0.21807436376371703,271.1264038085937,0
2022-02-23,271.1264038085937,282.1835315973032,270.9619664555194,280.71310149282795,37811200,33.36812694971914,-6.312458009879492,-5.012526132170939,-1.299931877708553,289.8045379638672,305.9962939696991,273.61278195803527,0.0,1.0,282.9730694566151,296.9649343896874,8.531338482390193,-0.09404089026046991,284.9792175292969,1
2022-02-24,284.9792175292969,285.5306287899003,262.6618519792794,263.6195740429497,56989700,45.96109594470123,-5.783659638282927,-5.166752833393337,-0.6169068048895898,289.7316146850586,305.9963400890049,273.46688928111234,0.0,0.0,283.33782365164814,296.4949062775152,9.555441220120956,0.5072174382193635,287.6104736328125,1
2022-02-25,287.6104736328125,287.92004094921725,282.1351235020053,285.51128484773926,32546700,47.97245344191486,-5.0935474968566155,-5.152111766085993,0.05856426922937796,289.6391662597656,305.93002682371747,273.34830569581374,0.0,0.0,284.1146691027689,296.1464971541935,9.286118093484601,-0.42890206475907044,289.0421447753906,1
2022-02-28,289.0421447753906,289.3807321175086,283.44103215371325,284.7082917445892,34627500,49.082933951983726,-4.380607836253091,-4.9978109801194135,0.6172031438663224,289.2118774414063,305.08942703415175,273.3343278486608,0.0,0.0,285.0105737705183,295.86789510012284,9.047088227078227,0.06393274894228917,285.3274230957031,0
2022-03-01,285.3274230957031,290.1836376065008,282.6187539107419,286.73009989470324,31217800,46.320340188652416,-4.068446494430475,-4.8119380829816265,0.7434915885511515,288.46756134033205,303.5900655601531,273.345057120511,0.0,0.0,285.06818273873375,295.4545432568123,8.941216474841132,-0.09846798065121654,290.3964538574219,1
2022-03-02,290.3964538574219,291.634693317186,284.1181963061909,285.7240136577016,31873000,50.42112089628995,-3.3731444536696245,-4.524179357119226,1.1510349034496015,288.08385467529297,302.58908528208025,273.5786240685057,0.0,0.0,286.03695930576794,295.2561868097774,8.839450798852132,0.0209880260620543,286.26580810546875,0
2022-03-03,286.26580810546875,293.2405780996094,284.4567908872236,293.0084173965025,27314500,47.253258829384386,-3.119461952332813,-4.243235876161943,1.1237739238291304,287.2667526245117,300.15872173881644,274.37478351020695,0.0,0.0,286.0785681784408,294.9036229390202,8.835474828390256,-0.14302073855614472,280.4034118652344,0
2022-03-04,280.4034118652344,286.0142067501704,277.80119926818253,284.6889072106973,32356500,43.11320508606043,-3.3528139724171524,-4.0651514954129855,0.7123375229958331,286.7458953857422,299.86126359521586,273.6305271762685,0.0,0.0,285.0467215760396,294.3349872106364,8.808984400454253,0.18459060206117628,269.81072998046875,0
2022-03-07,269.81072998046875,280.2390376841762,269.4431225318955,279.1168784545169,43157200,36.83358155743485,-4.342431187251805,-4.12060743378075,-0.22182375347105499,285.4690200805664,299.8929985003111,271.0450416608217,0.0,1.0,282.2765412859358,293.37325163298283,8.962649038517442,0.33380309984083567,266.8505554199219,0
2022-03-08,266.8505554199219,274.6959570788936,261.1914024621827,268.736920057862,48159500,35.28679090976526,-5.304425195872398,-4.357370986199079,-0.9470542096733183,284.2850006103516,300.6143721191303,267.95562910157287,0.0,1.0,279.4718165830242,292.3331458991373,9.287070865531264,0.11590881706876255,279.0878601074219,1
2022-03-09,279.0878601074219,280.1519791699358,271.6197193077244,274.192941941818,35204500,45.479715982495954,-5.02147966976753,-4.49019272291277,-0.5312869468547596,283.53859252929686,299.3778909120808,267.69929414651295,0.0,0.0,279.40200631473283,291.8137229269132,9.573810357280028,-0.2690019622296743,276.27276611328125,0
2022-03-10,276.27276611328125,277.2498248174681,271.4262054005378,273.7866039875139,30628000,43.77170306951407,-4.967139765146442,-4.585582131359505,-0.38155763378693663,282.33044586181643,296.419480673852,268.2414110497809,0.0,0.0,278.8330535508325,291.20427364010413,9.437227810823174,-0.12999758553593999,270.9328918457031,0
2022-03-11,270.9328918457031,280.0649198872489,270.31375729009164,278.56546999148014,27209300,40.652901340747185,-5.293933060476377,-4.727252317182879,-0.5666807432934977,281.2815139770508,295.48437580682685,267.07865214727474,0.0,0.0,277.3966605135363,290.40931749130414,9.459651724132751,-0.11162008619563801,267.4213256835937,0
2022-03-14,267.4213256835937,276.08900319722903,266.8215575071672,271.19408479495587,30660700,38.70008779196531,-5.769762908091479,-4.9357544353646,-0.8340084727268797,280.4113037109375,295.72799960439403,265.09460781748095,0.0,0.0,275.58296327172854,289.50782761649197,9.445922721699114,0.12684633562789194,277.7818603515625,1
2022-03-15,277.7818603515625,278.4300149062294,269.6365754251253,271.20371896326867,34245100,46.817279112432786,-5.250330388885402,-4.998669626068761,-0.2516607628166412,280.06105041503906,295.2815643199127,264.8405365101654,0.0,0.0,275.9827627407892,289.0479857629653,9.557548900337443,0.11690535441134742,284.7857360839844,1
2022-03-16,284.7857360839844,284.9598566183486,273.960800034903,279.67796423359994,37826300,51.493419456200826,-4.224821030352587,-4.843899906925526,0.6190788765729396,279.79695587158204,294.48788082369,265.1060309194741,0.0,0.0,277.58330334864286,288.88083871673075,9.66051373484517,0.10457554511448364,285.588623046875,1
2022-03-17,285.588623046875,285.9658841758017,279.92946993729333,283.7215952422282,30816600,52.01428972593029,-3.3091652107545997,-4.536952967691341,1.227787756936741,279.58993377685545,293.8247912393151,265.3550763143958,0.0,0.0,279.0388160210487,288.75173221987365,9.401649485106828,-0.18531286432984462,290.6286926269531,1
2022-03-18,290.6286926269531,291.1801038956817,283.1799169846614,285.73377364082944,43390600,55.26196517257452,-2.1520029330490615,-4.059962960762885,1.9079600277138233,280.0591094970703,295.0782151996693,265.0400037944714,0.0,0.0,281.1460663130313,288.82533851034736,9.30154501552922,0.4080268426757008,289.400146484375,0
2022-03-21,289.400146484375,290.34818539174177,285.27911614908595,289.13896564753406,28351200,54.297295737172675,-1.3188737418552137,-3.5117451169813507,2.192871375126137,280.602294921875,296.1387238287334,265.0658660150166,0.0,0.0,282.64680816236654,288.84787999952493,9.01926154855336,-0.3466050250515088,294.14019775390625,1
2022-03-22,294.14019775390625,295.0495331029309,289.0227729955793,290.0191685986224,27599700,57.38801931415547,-0.27298354785926904,-2.8639928031569344,2.5910092552976653,281.39263610839845,297.96090181796023,264.82437039883666,0.0,0.0,284.73651536082826,289.0554218722458,8.805511445610376,-0.02650681452636927,289.7193298339844,0
2022-03-23,289.7193298339844,293.3373349131294,288.0070855267432,290.7060719110069,25715400,53.737891493156745,0.19689518656389282,-2.251815205212769,2.448710391776662,282.322282409668,298.56537694839494,266.07918787094104,0.0,0.0,285.64248162867483,289.0814574785885,8.614625787149853,-0.06827248122262197,294.1789245605469,1
2022-03-24,294.1789245605469,294.2756680245102,288.58749479820733,289.380749871962,24484500,56.72786729896305,0.918541122643262,-1.6177439396415632,2.536285062284825,282.78226776123046,299.8027232742957,265.7618122481652,0.0,0.0,287.19456216174245,289.2813581484692,8.405593461375068,-0.04786625912877107,293.7726135253906,0
2022-03-25,293.7726135253906,295.533244193088,289.52585001590114,295.2720634104139,22566500,56.37039594576194,1.441053256395037,-1.0059845004342431,2.44703775682928,283.0903747558594,300.663405564663,265.5173439470558,0.0,0.0,288.39057150058755,289.45748581030927,8.234293512504482,-0.07833527333619228,300.5635986328125,1
2022-03-28,300.5635986328125,300.66031257135194,294.4013915103594,294.4013915103594,29578200,60.81491180532023,2.375737606149926,-0.32964007911740945,2.7053776852673352,283.6664474487305,302.6786006691057,264.65429422835524,0.0,0.0,290.60384916099207,289.89301964648587,8.138108193465685,0.3107127822214344,305.1199951171875,1
2022-03-29,305.1199951171875,305.51662272546986,298.9674698693951,303.6689314623832,30393400,63.50144535547818,3.444439450367895,0.42517582677965154,3.0192636235882433,284.6560760498047,305.84672692455035,263.46542517505907,0.0,0.0,293.24314842575484,290.4901559394546,8.024611383652049,0.027560838725818382,303.6205444335937,0
2022-03-30,303.6205444335937,305.6423857684407,301.414928862999,303.5238304743472,28163600,61.99510130742447,4.122874294293354,1.164715520282392,2.9581587740109616,285.3172805786133,307.9587192149015,262.67584194232506,0.0,0.0,295.12994769990735,291.0050731353032,7.7533860637798835,-0.07336461205393274,298.2515869140625,0
2022-03-31,298.2515869140625,304.858779193998,297.84530566978634,303.6592133025089,33422100,56.79959069645165,4.179134335192089,1.7675992832643315,2.411535051927757,285.916569519043,309.2506105271138,262.58252851097217,0.0,0.0,295.69751846611734,291.2892501462349,7.700535168096437,0.1867126361686715,299.32537841796875,1
2022-04-01,299.32537841796875,300.012206844516,295.57195627521304,299.27699192361627,27110500,57.56554726821798,4.261245833812495,2.2663285933739643,1.994917240438531,286.8626678466797,310.7536140677598,262.97172162559957,0.0,0.0,296.35712936645393,291.6043924314009,7.4676576967540464,-0.18884510548409583,304.6943054199219,1
2022-04-04,304.6943054199219,304.8297226576166,299.60590012472653,299.97350759012323,24289600,61.263713964604264,4.705307471533388,2.754124369005849,1.9511831025275388,288.60684661865236,312.3565501051008,264.85714313220393,0.0,0.0,297.8729795579936,292.1177223525194,7.327421021246463,-0.10405193559690895,300.7377624511719,0
2022-04-05,300.7377624511719,304.5975820485766,299.7607035467808,303.04977502360924,23156700,57.300569641989185,4.6839756121661935,3.140094617637918,1.5438809945282754,290.3012069702148,312.3767493221659,268.22566461826375,0.0,0.0,298.3938491749351,292.45576314070183,7.156433939238935,-0.04664136091166593,289.72906494140625,0
2022-04-06,289.72906494140625,296.98438376297736,287.0300780736308,295.23343584912897,40110400,47.9968962424532,3.735697281544901,3.259215150419315,0.47648213112558624,290.83326721191406,312.3068523214566,269.35968210237155,0.0,0.0,296.81843385974804,292.348833799553,7.6243803991176575,0.7321293621284553,291.5379638671875,1
2022-04-07,291.5379638671875,293.7435789334034,286.6817492492974,286.9816333071018,31411200,49.449294709298705,3.0944717541228215,3.2262664711600166,-0.13179471703719514,291.5965270996094,312.00442448906733,271.1886297101514,0.0,0.0,295.8583484065552,292.31703497867596,7.584198205188252,-0.2168814073158084,287.2815856933594,0
2022-04-08,287.2815856933594,291.2961892637509,286.6140940454331,290.6383808206242,24361900,46.18093513737846,2.2172823070437744,3.0244696383367686,-0.8071873312929942,292.41396179199216,310.638562128899,274.1893614550853,0.0,0.0,294.29893700415596,292.1195663792518,7.394174749228691,-0.22441995211898935,275.9535522460937,0
2022-04-11,275.9535522460937,283.06373875112814,275.7020251620772,282.2705132557711,34569300,38.825821596645625,0.6010966554814559,2.5397950417657063,-1.9386983862842504,292.8405731201172,308.98587315118584,276.69527308904856,0.0,1.0,290.96341250269006,291.4856050406966,7.693130876518227,0.41899030863766784,272.8578796386719,0
2022-04-12,272.8578796386719,281.2546903076533,271.3390933052269,279.80362733168846,30966700,37.087464530019574,-0.9189440106421216,1.8480472312841405,-2.766991241926262,292.59437408447263,309.7681010806179,275.42064708832737,0.0,1.0,287.6714974365049,290.7551060053231,7.851878456940236,-0.10421385448938802,278.2366638183594,1
2022-04-13,278.2366638183594,279.1653364568741,272.1228407773648,273.5062108116389,21907200,41.950739261668886,-1.6703099653719278,1.144375791952927,-2.8146857573248547,292.2669204711914,310.2541881568439,274.2796527855389,0.0,0.0,285.95607314229665,290.2641867038736,7.794065401409457,-0.2925561974637272,270.7007141113281,0
2022-04-14,270.7007141113281,278.9040702197633,270.2073726066549,278.6912463967013,28221600,37.568880043097096,-2.841110505218353,0.3472785325186709,-3.188389037737024,291.52252502441405,311.6577086720568,271.3873413767713,0.0,1.0,283.18237150030234,289.49699170024434,7.8585391308165224,0.28823400525854503,271.3681640625,1
2022-04-18,271.3681640625,273.2448748903174,269.2592925621962,269.8107036813086,20778000,38.18473709702768,-3.672783177024769,-0.4567338093900171,-3.216049367634752,290.5594985961914,312.53211352487364,268.5868836675092,0.0,0.0,281.0343337843383,288.78605728307787,7.581899359195428,-0.263755421379369,275.9922790527344,1
2022-04-19,275.9922790527344,276.8339207213191,269.3270757429713,270.2654313652648,22297700,42.422404990826344,-3.91364822634705,-1.1481166927814237,-2.765531533565626,289.88910522460935,312.7620161739206,267.0161942752981,0.0,0.0,280.1175965604103,288.2843404897311,7.576538331992024,0.07313985946674362,277.0176696777344,1
2022-04-20,277.0176696777344,280.2487302430821,276.05997725645005,279.95849984253823,22906700,43.34982792468402,-3.975962637054238,-1.7136858816359866,-2.2622767554182515,289.0329788208008,312.47991164125443,265.58604600034715,0.0,0.0,279.55397349083285,287.84251026180965,7.339389250446002,0.027312233997228486,271.64874267578125,0
2022-04-21,271.64874267578125,283.73125459736195,270.9232109682988,279.1652405373938,29454600,39.74039229873686,-4.4077648263732385,-2.2525016705834373,-2.155263155789801,288.12944946289065,312.7635988334482,263.4953000923331,0.0,0.0,278.1166587971871,287.20746055255364,7.730007420347227,0.2858508645942017,265.0899658203125,0
2022-04-22,265.0899658203125,273.96081411049454,264.46117751038287,272.4903841306375,29405800,35.817004608195504,-5.219047717285946,-2.845810879923939,-2.3732368373620067,286.6750015258789,313.0800005131334,260.27000253862434,0.0,0.0,275.74816916502806,286.340107817956,7.856409504616116,-0.0016567870553325648,271.5616455078125,1
2022-04-25,271.5616455078125,271.93890659301337,261.93624768786924,264.3740527877632,35678900,41.91099613644285,-5.278932540311132,-3.332435212001378,-1.946497328309754,285.564453125,312.5440414710214,258.5848647789786,0.0,0.0,274.9869830455343,285.76056027638174,8.00971303322526,0.21332866305286702,261.4041748046875,0
2022-04-26,261.4041748046875,269.2785949994851,261.19135104147927,268.446666348187,46518400,36.11506159142548,-6.075974636773196,-3.881143096955742,-2.1948315398174545,283.6064819335937,311.6120620755108,255.60090179167665,0.0,0.0,272.5173815471985,284.8054079049428,8.178325992732974,0.30380701198747717,273.98016357421875,1
2022-04-27,273.98016357421875,281.47732570453576,270.0526203554486,272.89670744793256,63477700,46.06088127744639,-5.627983162223586,-4.230511110009311,-1.3974720522142752,282.0494903564453,308.51801088803455,255.58096982485603,0.0,0.0,272.78334191574766,284.3808885194242,9.02795634324121,0.3645718683359702,280.1809997558594,1
2022-04-28,280.1809997558594,281.4869627202717,272.2775281140742,275.88584973003594,33646600,50.17942461641839,-4.718202531921634,-4.328049394391776,-0.3901531375298575,280.8775131225586,305.4279638966117,256.3270623485055,0.0,0.0,274.12837061394976,284.21618699928445,9.040919076309518,-0.46994613856519696,268.466064453125,0
2022-04-29,268.466064453125,280.4228421568128,267.47935197429007,279.1942562573067,37073900,43.43218959021006,-4.88616750347677,-4.439673016208776,-0.44649448726799434,279.3882369995117,303.1430256392525,255.6334483597709,0.0,0.0,273.0988604028907,283.59853513472916,9.319674155324748,0.10186170370854697,275.1893310546875,1
2022-05-02,275.1893310546875,275.6439987559044,267.2084825593842,268.64986271938767,35151100,47.77253441849031,-4.425752210941198,-4.43688885515526,0.01113664421406213,278.18143463134766,300.14715192294346,256.21571733975185,0.0,0.0,273.4789459759446,283.2687624257079,9.256520015410137,-0.05186397978092405,272.587158203125,0
2022-05-03,272.587158203125,274.86049729139387,271.01033088824136,274.69603041183086,25978600,46.292056836937356,-4.222172796561438,-4.393945643436496,0.1717728468750579,276.5760772705078,294.95695780901957,258.1951967319961,0.0,0.0,273.3168027445228,282.8498759856066,8.893840026198424,-0.2609448921939854,280.5195617675781,1
2022-05-04,280.5195617675781,281.3901938245139,267.7018362258143,273.3706425590282,33599300,51.251554268174935,-3.3817729961472764,-4.1915111139786525,0.8097381178313761,275.56516723632814,290.4016702213322,260.72866425132406,0.0,0.0,274.62639529416924,282.75849111431137,9.236305567091366,0.2933452918940975,268.3016357421875,0
2022-05-05,268.3016357421875,277.0080163751068,265.38982566126134,276.2244444799009,43260400,44.44401971656871,-3.6594507500288955,-4.085099041188701,0.4256482911598054,274.49379577636716,288.1304761611399,260.85711539159445,0.0,0.0,273.47643901199075,282.19155560952225,9.657264891321754,0.28753872848541495,265.76708984375,0
2022-05-06,265.76708984375,270.1396166091243,262.4199492559165,265.8444668964473,37780300,43.16321203985389,-4.037487400950738,-4.075576713141109,0.038089312190370705,273.2052520751953,284.8863487078907,261.5241554424999,0.0,0.0,272.07473916321965,281.5474589128253,9.518865067170756,-0.12667705337907187,255.9482269287109,0
2022-05-09,255.9482269287109,263.4744080237602,254.72935373016503,261.2494559206379,47726000,38.53063665551553,-5.070929825511428,-4.274647335615173,-0.7962824898962548,271.6385841369629,283.744887230101,259.53228104382475,0.0,1.0,269.14264602967256,280.5435674624679,9.627355856200342,0.2632509535392784,260.707763671875,1
2022-05-10,260.707763671875,264.8191105943443,256.4222962003139,262.82631891838696,39336400,41.791860636288405,-5.443140419937492,-4.508345952479637,-0.9347944674578557,270.876294708252,283.6985804304568,258.05400898604717,0.0,0.0,267.6090310555275,279.76569280401327,9.573322128302703,-0.17578678288563887,252.04966735839844,0
2022-05-11,252.04966735839844,262.5069938463722,250.8404480186979,257.01230825204254,48975900,37.85715458910364,-6.3634026665607735,-4.879357295295865,-1.4840453712649087,269.8358840942383,285.00770790898116,254.6640602794954,0.0,1.0,264.7800558378677,278.6787898453617,9.722838106829245,0.2450529280767939,247.01937866210935,0
2022-05-12,247.01937866210935,251.4015891851371,241.86326466522425,249.2830341453328,51033800,35.75112036990076,-7.413165033088546,-5.386118842854401,-2.0270461902341452,268.27501983642577,285.89441292962164,250.65562674322993,0.0,1.0,261.5508418059116,277.4372443087636,9.755949862996742,0.042018625487229455,252.6011505126953,1
2022-05-13,252.6011505126953,254.45852493792023,247.01940307644472,248.95415457182008,34925100,39.756048777493525,-7.705878363135184,-5.850070746910558,-1.8558076162246264,267.37004165649415,286.2147838494869,248.52529946350143,0.0,0.0,259.923625207145,276.46327984617267,9.590463892483466,-0.31564766879989337,252.96875,1
2022-05-16,252.96875,257.1478201827857,247.435359717783,251.47898312964355,32550900,40.0212126654425,-7.8180717154592685,-6.243670940620301,-1.574400774838968,266.45007095336916,286.1990296009111,246.70111230582722,0.0,0.0,258.65910244220953,275.54192573455805,9.5991779333777,-0.06797976240583425,258.1151428222656,1
2022-05-17,258.1151428222656,259.5758597796513,253.89737021197143,257.4282849486114,28828800,43.75377467435786,-7.4063391969517625,-6.476204591886593,-0.9301346050651693,265.5562141418457,285.1140490417548,245.99837924193662,0.0,0.0,258.5602006931288,274.8585224830956,9.3854587795401,-0.11434706874464295,246.36329650878903,0
2022-05-18,246.36329650878903,255.59416717330024,245.0930851004618,255.0123839533608,31356000,37.946539876620456,-7.9368232351283154,-6.7683283205349385,-1.168494914593377,264.02349548339845,284.52989996789825,243.51709099889865,0.0,0.0,256.34258175052156,273.74106264096594,9.645215846844652,0.08766233766233755,245.4518280029297,0
2022-05-19,245.4518280029297,249.8442599742027,244.23010107031448,246.1887405470746,32692300,37.530477735557035,-8.334706242883556,-7.081603905004663,-1.253102337878893,262.71364974975586,284.41623782468764,241.01106167482408,0.0,0.0,254.36244470550486,272.63168089045473,9.357283208062052,0.04261704299017732,244.889404296875,0
2022-05-20,244.889404296875,250.6877941538868,238.95528181890765,249.42725918111856,39199300,37.25900643582936,-8.596321245535108,-7.3845473731107525,-1.2117738724243559,261.703621673584,284.71086122705964,238.69638212010835,0.0,0.0,252.64007372211762,271.54374847502027,9.526942431413273,0.19903769389122217,252.73373413085935,1
2022-05-23,252.73373413085935,253.5579245072491,245.73301319601697,247.73046089939717,33175400,43.40758809010835,-8.077567984553554,-7.523151495399313,-0.5544164891542405,260.7622261047363,283.6192560763973,237.90519613307538,0.0,0.0,252.6571028873434,270.8061008536806,9.465626558481903,-0.15367366253989234,251.73504638671875,0
2022-05-24,251.73504638671875,253.39310349464947,245.8009223450929,250.05760735374932,29043900,42.83208020622484,-7.658752708564407,-7.5502717380323325,-0.1084809705320744,260.2787696838379,283.46765654343886,237.08988282423687,0.0,0.0,252.4894562508662,270.05821636478015,9.331809029272948,-0.12453504705293683,254.54690551757807,1
2022-05-25,254.54690551757807,256.54433819264386,249.3206224202264,250.29995683719147,28547900,45.04145488408431,-7.019033998036349,-7.444024190033136,0.42499019199678667,259.30710678100587,281.7341701878951,236.88004337411667,0.0,0.0,252.8635379357229,269.44992966488985,9.181230939497555,-0.017077596328316735,257.82427978515625,1
2022-05-26,257.82427978515625,258.9975222921612,253.49003807090028,254.30452267342017,25002100,47.584163904230635,-6.176397927154483,-7.190498937457406,1.014101010302923,258.1892707824707,278.46908383320994,237.90945773173146,0.0,0.0,253.7654909992562,268.99402182646895,8.91882045962351,-0.1242052830505922,264.94140625,1
2022-05-27,264.94140625,265.0383750636655,259.4339208862347,260.32599254493937,26910800,52.70179973989277,-4.878078690069685,-6.728014887979862,1.8499361979101767,258.01303787231444,277.99158522348534,238.03449052114354,0.0,0.0,255.7974755903005,268.83509572543096,8.797054375258206,0.07634158730666618,263.6129455566406,0
2022-05-31,263.6129455566406,266.4248628217989,260.76223485872504,264.25290403889915,37827700,51.68737450775735,-3.9112604406550417,-6.164663998514898,2.2534035578598566,257.4342185974121,276.01025183834406,238.85818535648016,0.0,0.0,257.2184701296351,268.63030552273335,8.573166774387897,0.40566984259107874,264.14630126953125,1
2022-06-01,264.14630126953125,269.25623459703166,261.8385798988137,266.84186825760014,25292200,52.08613190737161,-3.0666620921861067,-5.5450636172491405,2.478401525063034,257.0121757507324,274.5462746819883,239.47807681947657,0.0,0.0,258.4780757914344,268.4544622186862,8.490630197518616,-0.3313841444232666,266.2406616210937,1
2022-06-02,266.2406616210937,266.3085427385452,253.6548987948604,256.4183467798957,44008200,53.70208477991111,-2.2029205422104496,-4.876635002241403,2.6737144600309533,256.29823074340817,270.85567922382614,241.7407822629902,0.0,0.0,259.8894550331906,268.3676465089767,8.787988322244773,0.7399909853630764,261.8191223144531,0
2022-06-03,261.8191223144531,265.14497113506803,260.25803436231683,262.10032291361057,28059000,49.87754409594634,-1.8538108333038963,-4.272070168453902,2.4182593351500055,255.97410507202144,269.71378406723517,242.23442607680772,0.0,0.0,260.24030362978374,268.11084163860323,8.587605389139922,-0.36241427733922316,260.5877380371094,0
2022-06-06,260.5877380371094,265.85281527967646,259.10420716791305,263.79720697367605,22400300,48.834459993811336,-1.6573958660193284,-3.7491353079669874,2.091739441947659,255.7151374816894,268.8903844896052,242.53989047377362,0.0,0.0,260.3034735220248,267.81581796795643,8.456248440755886,-0.20167147795716167,264.22381591796875,1
2022-06-07,264.22381591796875,264.8346867223125,257.86305412954965,258.54180604342474,22860700,52.024926363058356,-1.1945642986934217,-3.2382211061122743,2.0436568074188526,256.1289169311523,269.8172672918328,242.44056657047173,0.0,0.0,261.01626304856,267.67495514246673,8.350204451613525,0.020553296161212042,262.1972961425781,0
2022-06-08,262.1972961425781,264.70863088470054,261.4215754404992,263.4578015962176,17372300,50.148061051966074,-0.9799934026863752,-2.7865755654270945,1.8065821627407193,256.20339355468747,270.0063144876878,242.40047262168713,0.0,0.0,261.23099633838143,267.46014498560834,7.988550951084081,-0.24008013752859714,256.7479858398437,0
2022-06-09,256.7479858398437,264.4274283960142,256.59284170053377,259.6471661169816,26439700,45.40458492290517,-1.2354171020136846,-2.4763438727444127,1.240926770730728,256.4383094787597,270.10975827564266,242.76686068187678,0.0,0.0,260.41590352046546,267.0400603132254,7.977553504255249,0.5219458563345096,245.30638122558597,0
2022-06-10,245.30638122558597,252.66584504493977,244.86034549346968,252.66584504493977,31422800,37.4044710090027,-2.3341771535982048,-2.4479105289151715,0.1137333753169667,256.35265960693357,270.278171532339,242.42714768152817,0.0,0.0,257.66871764866914,266.1877591725337,8.256845421549446,0.18847036842324227,234.9022674560547,0
2022-06-13,234.9022674560547,241.4569676045581,234.1944425756768,237.66571545060387,46135800,31.900276760454574,-3.9983865300034154,-2.75800572913282,-1.2403808008705952,255.46771545410152,272.2008107552866,238.73462015291642,0.0,1.0,253.52936306819376,264.9608771444365,8.46078065214657,0.4682268925748183,237.0645294189453,1
2022-06-14,237.0645294189453,238.27656531045733,234.1750252009215,236.45365859510807,28651500,34.07162996067433,-5.084200482796803,-3.2232446798656165,-1.8609558029311861,254.67250442504877,273.2184884004647,236.1265204496328,0.0,0.0,250.5357569501486,263.866902723829,8.149406327674374,-0.37897467909952787,244.11370849609372,1
2022-06-15,244.11370849609372,247.54620227137173,238.9358949520811,240.76849254553997,33111700,40.70890089071779,-5.314642137859039,-3.641524171464301,-1.673117966394738,253.9724327087402,272.99663840704847,234.9482270104319,0.0,0.0,249.36811177668406,263.0922676560747,8.315996793728091,0.1556707327714082,237.5299835205078,0
2022-06-16,237.5299835205078,239.90557127346275,235.6392101985789,238.5093033448499,33169200,36.965771795550054,-5.9598193056855,-4.1051831983085405,-1.854636107376959,253.53076705932614,273.6213410826758,233.44019303597645,0.0,0.0,247.2157248210156,262.0898251409544,8.327318329712858,0.0017365462963243594,240.1285400390625,1
2022-06-17,240.1285400390625,242.8919877338187,236.6184889029332,237.2681383521673,43084800,39.336690685580095,-6.1900895661128175,-4.522164471869396,-1.6679250942434214,253.26460266113276,273.90964751953334,232.61955780273217,0.0,0.0,245.92714576975138,261.22859827421354,8.180616936939476,0.29893998046380377,246.0335998535156,1
2022-06-21,246.0335998535156,247.0129195467826,241.9320596633375,242.65928121254296,29928300,44.44999000464479,-5.828899504997082,-4.783511478494933,-1.045388026502149,253.3218124389648,273.87986380973615,232.76376106819345,0.0,0.0,245.94650105770847,260.6327159832058,8.088028549138091,-0.30536291221033873,245.442138671875,0
2022-06-22,245.442138671875,249.3594472421385,242.76595376071091,244.23979365415195,25939900,44.04948990351301,-5.526671722259522,-4.932143527247851,-0.5945281950116712,252.95723266601559,273.80070855262716,232.11375677940404,0.0,0.0,245.85479880573874,260.03700706903595,7.981276044301625,-0.13326517042398,250.99810791015625,1
2022-06-23,250.99810791015625,251.4926280887529,245.9269680030729,247.80805032436228,25861400,48.72328261141332,-4.783690338174779,-4.902452889433237,0.1187625512584578,252.92038574218745,273.77497618060454,232.06579530377033,0.0,0.0,246.7899459156328,259.6825404353544,7.843362713771358,-0.00302622600703939,259.569580078125,1
2022-06-24,259.569580078125,259.84107489415163,253.77119057568703,253.8584535961189,33923200,54.972473071664304,-3.4633032650149005,-4.61462296454957,1.1513196995346693,253.17151947021483,274.2184886939338,232.12455024649586,0.0,0.0,249.11351576335863,259.67811061742384,7.91476301878736,0.3117309967751165,256.8450012207031,0
2022-06-27,256.8450012207031,260.151409571475,255.2838833793092,260.0641465255424,24615100,52.770931197666044,-2.6066894468632995,-4.213036261012316,1.606346814149017,253.1225555419922,274.13052025930074,232.11459082468366,0.0,0.0,250.51924039196672,259.5670082881407,7.69710324545725,-0.2743874398641638,248.69039916992188,0
2022-06-28,248.69039916992188,258.8036202038124,248.5352550148448,255.96261499134835,27295500,46.73785850984495,-2.5563569672129347,-3.8817004022524406,1.325343435039506,252.31000518798828,272.67383058652695,231.9461797894496,0.0,0.0,250.18672380614035,259.14047459723014,7.8807648128508445,0.10889250906963621,252.3556060791016,1
2022-06-29,252.3556060791016,254.01366307535287,247.9922615951773,249.76668411063616,20069800,49.530731695028784,-2.1954092372137097,-3.544442169244695,1.349032932030985,251.74713821411132,271.44148338306354,232.0527930451591,0.0,0.0,250.58106603758785,258.8744013220094,7.747953146231182,-0.2647212910553022,249.0297393798828,0
2022-06-30,249.0297393798828,251.64774884681984,245.21910548593416,249.24305888897192,31730900,47.116406439980196,-2.152907826613955,-3.2661353007185467,1.1132274741045918,250.9913101196289,269.8675155007448,232.11510473851305,0.0,0.0,250.2990066452778,258.4883361478084,7.704277963869485,0.5810272150195817,251.6961975097656,1
2022-07-01,251.6961975097656,251.88042932459476,246.8771566244914,248.6031092713666,22837700,49.252169768115145,-1.8823655278729348,-2.9893813461494245,1.1070158182764898,250.2640869140625,267.8079332491942,232.72024057893077,0.0,0.0,250.55304134791194,258.221977769846,7.511349016457619,-0.2802693904049365,254.86692810058597,1
2022-07-05,254.86692810058597,254.99298457519544,247.0032381844436,248.3801092623351,22941000,51.74768146639239,-1.3960149557696582,-2.670708068073471,1.274693112303813,249.91647720336914,266.7935822561812,233.03937215055709,0.0,0.0,251.33738439385266,258.0904071945809,7.545520257478635,0.004523222566195306,258.1248474121094,1
2022-07-06,258.1248474121094,259.8507853109402,254.430564439945,255.7395691004037,23824400,54.23777101959491,-0.7391710586923352,-2.2844006661972442,1.545229607504909,249.79333267211913,266.39081210129,233.19585324294826,0.0,0.0,252.57146857899022,258.09175779134677,7.393713158444103,0.03850747569853108,260.2483215332031,1
2022-07-07,260.2483215332031,260.88827998765817,256.9709719895022,257.06794077182286,20859900,55.83748347084073,-0.046732223018096875,-1.8368669775614148,1.790134754543318,249.59455795288085,265.5799221001577,233.60919380560398,0.0,0.0,253.96726002521072,258.1763289184784,7.145398504137809,-0.12443125535165633,259.5308532714844,0
2022-07-08,259.5308532714844,259.95749231914675,255.29358006652836,256.74802329518,19658800,55.13617067909166,0.43907546180912504,-1.3816784896873069,1.820753951496432,249.46123580932618,265.06383042372556,233.85864119492678,0.0,0.0,254.97882243362412,258.22944752055713,6.988923001461877,-0.05757937478127895,256.4765319824219,0
2022-07-11,256.4765319824219,258.43517157163143,254.2172802316378,257.5818934644197,19455200,52.13420719256783,0.5710407478105708,-0.9911346421877314,1.5621753899983022,249.4476631164551,265.0253315141043,233.86999471880588,0.0,0.0,255.25113326067822,258.1607057347479,6.869255147060784,-0.010356685046900127,245.9657287597656,0
2022-07-12,245.9657287597656,257.8630779320997,244.38522912726305,257.80490257305115,35868500,43.38088217579561,-0.170543866363829,-0.827016487022951,0.656472620659122,249.48063049316406,265.02585920001627,233.93540178631187,0.0,0.0,253.5628778968759,257.68247134357216,7.341297551187632,0.843645914716888,245.04458618164065,0
2022-07-13,245.04458618164065,245.84937984355255,240.57459691919928,242.59142655470853,29497400,42.70418194795799,-0.8230953923467439,-0.8262322680877097,0.003136875740965772,249.98774642944335,264.20236683645527,235.77312602243143,0.0,0.0,252.01409758501492,257.1868680038886,7.202000000428967,-0.17762382034375568,246.36329650878903,1
2022-07-14,246.36329650878903,247.3911007080352,238.4705183729216,242.9599046196201,25102800,44.04975466246008,-1.219777440539815,-0.9049413025781308,-0.3148361379616842,250.45268478393555,263.50703970813277,237.39832985973837,0.0,0.0,250.98667920751927,256.76241421976704,7.32475588147787,-0.1489826221972106,248.92308044433597,1
2022-07-15,248.92308044433597,252.4622192726145,247.0323074429904,247.95345174668597,29774100,46.66800209371799,-1.3124683331199094,-0.9864467086864865,-0.32602162443342286,250.69315338134766,263.44526284265356,237.94104392004175,0.0,0.0,250.61147943239504,256.45498936582857,7.237196373074127,0.18608681103303226,246.528076171875,0
2022-07-18,246.528076171875,252.91792521478504,245.6069319436772,251.86103357185655,20975000,44.56661524946686,-1.5611869706012556,-1.1013947610694403,-0.4597922095318152,251.143058013916,262.57207391532296,239.71404211250902,0.0,0.0,249.86904247593685,256.0656986523402,7.242467580076535,-0.2955286641745678,251.6477203369141,1
2022-07-19,251.6477203369141,251.83195214619707,245.97538686166655,249.75693264825892,25012600,49.77306460800652,-1.3298560327205564,-1.1470870153996635,-0.1827690173208929,251.7190170288086,261.96999283092856,241.46804122668863,0.0,0.0,250.19243845065995,255.89244460075486,7.143474558966105,0.19249582836710366,254.30453491210935,1
2022-07-20,254.30453491210935,256.82557571212527,251.04659634523787,252.0065193889192,22788300,52.27799183607418,-0.9215191661862718,-1.1019734455569852,0.18045427937071334,252.13256378173827,262.0960274406155,242.16910012286104,0.0,0.0,250.94009235274163,255.8301736325727,7.046010616674769,-0.08892718070092676,256.79644775390625,1
2022-07-21,256.79644775390625,256.84494694076886,249.22365037531557,251.89983491458105,22404700,54.56669289181258,-0.39231040683586116,-0.9600408378127604,0.5677304309768992,252.70027923583984,262.3635814584498,243.0369770132299,0.0,0.0,252.00488424386248,255.8680667353701,7.087102470158949,-0.016833199492722106,252.45249938964844,0
2022-07-22,252.45249938964844,257.27155493092874,251.20169974499132,257.1842919039097,21881300,50.05962175771009,-0.319743181053866,-0.8319813064609816,0.5122381254071156,252.77299880981445,262.4058103841048,243.14018723552408,0.0,0.0,252.08626881582353,255.7341229178908,7.014441949857412,-0.023361169754560374,250.968994140625,0
2022-07-25,250.968994140625,253.5579159003276,249.01035473546935,253.07310152958124,21056000,48.58375558468502,-0.37758701911189974,-0.7411024489911652,0.36351542987926544,252.34296951293945,261.4788078008602,243.2071312250187,0.0,0.0,251.88312796578742,255.54725512270392,6.838236179500329,-0.0377171374644103,244.24948120117188,0
2022-07-26,244.24948120117188,251.98712943704783,241.9902591873935,251.9677179235894,39348000,42.475326559364724,-0.9546328017165138,-0.783808519536235,-0.17082428218027879,251.71319351196288,261.24861813220986,242.17776889171589,0.0,0.0,250.49519219040278,255.10420516499678,7.063852898797044,0.8687310030395137,260.5779724121094,1
2022-07-27,260.5779724121094,261.8481834714514,250.98836124274183,253.22820087200705,45994000,56.71669714967184,-0.09329748862006682,-0.6457063133530013,0.5524088247329345,252.30757217407228,262.47617987500035,242.1389644731442,0.0,0.0,252.32842495798576,255.31886270409925,7.816342139617222,0.1689031208701841,268.0150756835937,1
2022-07-28,268.0150756835937,269.40163763919867,259.734438202384,261.5573449144308,33459300,61.40360877315723,1.1758742853331228,-0.28139019361577655,1.4572644789488993,253.09054565429688,265.3499528398649,240.83113846872885,1.0,0.0,255.18054327173266,255.81675340917747,7.9485462322741816,-0.2725290255250685,272.213623046875,1
2022-07-29,272.213623046875,273.4353649978129,268.22846224992406,269.26597233236413,32152800,63.787594619054595,2.49176621373104,0.2732410878535868,2.2185251258774534,254.24973983764647,268.90438170278804,239.5950979725049,1.0,0.0,258.2774668672131,256.45976790477346,7.76795645241311,-0.03904743972527813,269.5664978027344,0
2022-08-01,269.5664978027344,272.7371731572371,267.4623903988592,269.3822659732868,21539600,61.22009102642816,3.283172790991898,0.8752274284812491,2.407945362510649,255.14325485229492,271.1801358176858,239.106373886904,0.0,0.0,260.33001794639875,256.97375731253663,7.589872617124882,-0.33008633773730434,266.473388671875,0
2022-08-02,266.473388671875,269.45015613104664,264.10749207919315,267.61754353157727,22754200,58.268772135584975,3.619061856287317,1.4239943140424627,2.1950675422448542,255.72357788085938,272.50134790572764,238.94580785599112,0.0,0.0,261.44699444193986,257.3462918756479,7.437667839011763,0.056389162287136196,273.8909912109375,1
2022-08-03,273.8909912109375,274.8897074830674,268.208952240517,268.35442020276383,23518900,62.88913649728163,4.432697516187204,2.025734954471411,2.406962561715793,256.51188507080076,275.0554989702907,237.96827117131082,0.0,0.0,263.70953930903033,257.99510361428673,7.50757147988181,0.03360698244719651,275.0351867675781,1
2022-08-04,275.0351867675781,275.18062516074315,271.6608976832657,273.2413676766203,18098700,63.55936422249896,5.110921140100743,2.6427721915972775,2.4681489485034653,257.25122833251953,277.4380916916751,237.06436497336395,0.0,0.0,265.7687479378572,258.6633421693178,7.2227254797100695,-0.2304614586566549,274.31768798828125,0
2022-08-05,274.31768798828125,275.03520383289623,270.2161475022105,270.67187422288504,16774600,62.79351771595863,5.526812439803052,3.2195802412384324,2.30723219856462,257.9905700683594,279.49722993305437,236.4839102036644,0.0,0.0,267.32310067429796,259.2772380837869,7.051034826208331,-0.07315995071469217,271.8063049316406,0
2022-08-08,271.8063049316406,277.2362311831434,270.8366763006836,275.4230007870511,18739200,60.065400385981846,5.589331334597887,3.6935304599103236,1.8958008746875632,258.75705871582034,281.07079535597774,236.44332207566293,0.0,0.0,268.1382287210875,259.7685740386047,7.0045005445120045,0.11711754676713593,273.7261657714844,1
2022-08-09,273.7261657714844,274.48247496169216,269.17860487436343,271.1469795107976,23405200,61.44443993439142,5.727768583161435,4.100378084560546,1.6273904986008887,260.14508056640625,282.5568549944909,237.7333061383216,0.0,0.0,269.1542172757051,260.315930577149,6.883026940427485,0.24899675546448097,280.3778686523437,1
2022-08-10,280.3778686523437,281.0081214571068,278.22529152278446,279.4179456049466,24687800,65.84519297333958,6.301577271726671,4.540617921993771,1.7609593497329001,261.91174468994143,284.84799070202973,238.97549867785312,0.0,0.0,271.19488116236664,261.1026732467645,6.911521850798555,0.054799788081281164,278.30291748046875,0
2022-08-11,278.30291748046875,282.3656655409813,277.8084267898598,282.0166132887868,20065900,63.413647271150296,6.513806466758069,4.9352556309466316,1.5785508358114377,263.5087257385254,286.33969698747336,240.67775448957747,0.0,0.0,272.48725140202157,261.7771926284784,6.7433587722501915,-0.18721392752695665,283.0442810058594,1
2022-08-12,283.0442810058594,283.0442810058594,278.2252258023232,279.71846209389213,22619700,66.46142328549635,6.984079918261045,5.3450204884095145,1.6390594298515309,265.21478576660155,288.52551417829494,241.90405735490813,0.0,0.0,274.40671132999205,262.61119609425805,6.605908517342046,0.12727064323055526,284.5569152832031,1
2022-08-15,284.5569152832031,285.2453433252316,281.2989476986178,282.16193138302435,18085700,67.39461030989503,7.393603107024319,5.754737012132475,1.6388660948918439,267.116227722168,290.2227875005958,244.0096679437402,0.0,0.0,276.2522029578486,263.4718125330402,6.415943310861459,-0.20044474506735277,283.8199768066406,0
2022-08-16,283.8199768066406,285.10959940447333,281.59954863684186,283.12184303694977,18102900,66.42491114142149,7.571409907987402,6.11807159130346,1.4533383166839418,268.7248405456543,291.7793556453132,245.67032544599536,0.0,0.0,277.62816183944716,264.2697797594559,6.208379557773602,0.0009510276074466972,283.0718078613281,0
2022-08-17,283.0718078613281,285.0443308942976,281.27418133685177,281.53652609959147,18253400,65.3961439008419,7.5647503642955485,6.407407345901878,1.1573430183936706,270.16320419311523,293.02831206230087,247.29809632392963,0.0,0.0,278.6179156616073,265.00711419482343,6.034220272035905,0.008313585116196842,281.9543762207031,0
2022-08-18,281.9543762207031,283.64510179006146,280.8952114970056,281.9737992817374,17186200,63.80665288415399,7.384184945748643,6.602762865871232,0.7814220798774114,271.4211006164551,293.97229251927706,248.86990871363312,0.0,0.0,279.2245448541702,265.6717127056422,5.7996252735373295,-0.058465820066398555,278.0481872558594,0
2022-08-19,278.0481872558594,281.06042243303864,277.4748955705993,280.7203261035374,20570000,58.45774675625193,6.846961239483733,6.651602540593732,0.19535869889000068,272.7008850097656,293.64908189707256,251.75268812245866,0.0,0.0,279.0106616544773,266.157064648788,5.705329229006365,0.19689052844724264,269.88604736328125,0
2022-08-22,269.88604736328125,274.4626845439324,269.3710544716456,274.0934387624706,25061100,49.180350601548156,5.696920552381243,6.460666142951235,-0.7637455905699913,273.64673767089846,292.15019815397187,255.14327718782502,0.0,0.0,277.35164087425983,266.30329926504265,5.917600911521179,0.21833252309188134,268.61309814453125,0
2022-08-23,268.61309814453125,270.96456356636963,267.60253558165664,268.61309814453125,17527400,47.903491641290366,4.629423545863517,6.094417623533691,-1.4649940776701742,274.8649185180664,287.85221844260593,261.8776185935269,0.0,0.0,275.7628149234001,266.3938796132579,5.7350599881777375,-0.3006133010921308,267.9815368652344,0
2022-08-24,267.9815368652344,269.38076836522134,267.32076724046834,267.61229110085856,18137000,47.24806448631657,3.6899275720853097,5.613519613244016,-1.923592041158706,275.23509674072267,286.93016640501435,263.540027076431,0.0,0.0,274.3480370946427,266.4561406819629,5.472555783647399,0.034779830436916015,270.95489501953125,1
2022-08-25,270.95489501953125,271.12006518473976,266.7474741827684,269.4779119694947,16583400,50.67009555090697,3.148995735170672,5.120614837629347,-1.9716191024586749,275.38208770751953,286.78061891189395,263.9835565031451,0.0,0.0,273.73110217189515,266.63256242069104,5.393986870670537,-0.08565914980426748,260.49951171875,0
2022-08-26,260.49951171875,272.4026750674216,260.3926404040064,271.1783402052865,27549300,40.67752013324312,1.855255078435448,4.467542885790567,-2.612287807355119,274.79638214111327,287.8671391783383,261.72562510388826,0.0,1.0,271.32535845314146,266.39205062845804,5.866561713009445,0.6612576431853541,257.7204895019531,0
2022-08-29,257.7204895019531,259.8290331608574,256.3795570313367,258.3229305473544,20338500,38.50397803825088,0.5988097138022113,3.693796251392896,-3.094986537590685,274.2040817260742,289.11341753441263,259.2947459177358,0.0,1.0,268.85174591656175,266.0519894078108,5.741804068324008,-0.261741677646982,255.5245056152344,0
2022-08-30,255.5245056152344,259.48897512489526,253.2799112455645,259.1197590113756,22767100,36.82930907309931,-0.5675870467603659,2.841519591762244,-3.40910663852261,273.65663757324216,290.357598730026,256.95567641645835,0.0,1.0,266.42861131632037,265.6391469061412,5.775179769110204,0.11940900263047904,254.06695556640625,0
2022-08-31,254.06695556640625,259.5472538449104,253.93090517708,257.8759809716696,24791800,35.71885671343723,-1.5912342328995805,1.9549688268298793,-3.54620305972946,272.6654357910156,291.4199638727438,253.91090770928744,0.0,0.0,264.1810375436087,265.1853354810536,5.763834690447361,0.08893095739026924,253.0272521972656,0
2022-09-01,253.0272521972656,253.50339892265927,248.1785442591348,251.5405724888761,23263400,34.9102634034453,-2.458042590713262,1.072366543321251,-3.530409134034513,271.5650390625,292.1295069321531,251.00057119284685,0.0,0.0,262.1530765715463,264.7085479012972,5.772733020220509,-0.061649416339273455,248.8101501464844,0
2022-09-02,248.8101501464844,257.2443854879001,247.26517150345208,254.2904786042123,22855400,31.768860935080042,-3.445561067801009,0.16878102109679904,-3.614342088897808,270.28966217041017,293.0587766149555,247.52054772586482,0.0,0.0,259.72708994880776,264.08508132267707,6.07319594623676,-0.017538279013385782,246.07969665527344,0
2022-09-06,246.07969665527344,250.53000941495105,244.80678924426493,248.94618474623337,21328200,29.893224848392506,-4.397806180854673,-0.7445364192934953,-3.6532697615611776,269.0033317565918,294.0747982843106,243.93186522887302,0.0,0.0,257.24574571361967,263.3789878063083,6.0481976765545715,-0.06682009503224617,250.7826690673828,1
2022-09-07,250.7826690673828,251.501707885987,246.05055859753543,247.4886510615093,24126700,36.81307210285753,-4.718583827086263,-1.539345900852049,-3.1792379262342143,267.85615692138674,294.03347288350835,241.67884095926513,0.0,0.0,256.0706408688493,262.8850145224289,6.005551363118643,0.13121126020948792,251.2004852294922,1
2022-09-08,251.2004852294922,253.05641075595744,247.57609726538703,250.21910163068787,20319900,37.404196958285745,-4.882802245508628,-2.208037169783365,-2.6747650757252632,266.3972877502441,292.87109180092216,239.92348369956608,0.0,0.0,255.1851580253298,262.4267976874118,5.968034372222341,-0.15778370021594335,256.9723205566406,1
2022-09-09,256.9723205566406,257.7205384807604,252.92040261166707,253.12444856663964,22084700,45.051699415411434,-4.495387621360351,-2.6655072600987624,-1.8298803612615884,265.33075790405275,291.517196278293,239.1443195298125,0.0,0.0,255.51009666738628,262.21289662346004,6.00746429215419,0.08685082111624576,259.1003112792969,1
2022-09-12,259.1003112792969,259.8776786073918,257.65250725767163,258.254948403488,18747700,47.59382696896812,-3.9708739109313456,-2.926580590265279,-1.0442933206660667,264.1335594177246,289.13368603257095,239.13343280287825,0.0,0.0,256.1628629604609,262.0908344531007,5.785885274911116,-0.15110008286279641,244.8553466796875,0
2022-09-13,244.8553466796875,253.0272208857183,244.4666630880592,251.51139194527525,33353300,35.6904245908559,-4.651028448758609,-3.2714701619639452,-1.3795582867946639,262.14848098754885,286.64646844724746,237.65049352785024,0.0,0.0,254.1069509094112,261.41493297179034,6.417868340363014,0.7790608981368381,245.07884216308597,1
2022-09-14,245.07884216308597,247.031927263813,242.78566075681428,246.35174947948744,23913000,35.961042665246524,-5.113081185431838,-3.639792366657524,-1.4732888187743143,260.21142425537107,283.6525505541004,236.77029795664177,0.0,0.0,252.46547659189753,260.7743019596843,6.262753923694135,-0.283039459363841,238.4325408935547,0
2022-09-15,238.4325408935547,244.28208546979903,237.11104609083927,242.69824587426376,31530900,31.690299480533156,-5.947008858908475,-4.101235665107714,-1.8457731938007615,257.9794609069824,280.7808706216028,235.17805119236203,0.0,0.0,249.91403373765337,259.89815446689494,6.384542648590747,0.3185673064860117,237.81065368652344,0
2022-09-16,237.81065368652344,238.3547959701018,235.2065251235573,237.3442333062289,39791800,31.3155444845915,-6.5822080514079175,-4.597430142367755,-1.9847779090401625,255.77227478027345,277.3781639464572,234.16638561408968,0.0,0.0,247.71341918290247,259.0319779657039,6.158933585834078,0.2619937902184841,237.5968780517578,0
2022-09-19,237.5968780517578,238.19931916772865,234.0307890113476,235.60491699915,26826900,31.17904995980915,-7.021913645439639,-5.082326842982132,-1.939586802457507,253.74970932006835,274.1770712746121,233.3223473655246,0.0,0.0,245.87404806814888,258.19138581221586,6.016761912301719,-0.3258183846923235,235.58546447753903,0
2022-09-20,235.58546447753903,236.6154501254237,232.8550269095676,235.21623357137693,26660300,29.86025688298031,-7.446845166394354,-5.555230507664577,-1.891614658729777,252.03468017578126,272.51451156204564,231.55484878951688,0.0,0.0,244.0033965062198,257.3048790932089,5.925696857293754,-0.006210184553563813,232.1845550537109,0
2022-09-21,232.1845550537109,240.6479535019316,232.13596774895265,237.35393588330672,28625600,27.72493801847432,-7.966202008172587,-6.037424807766179,-1.928777200406408,250.21325302124023,270.9494486968136,229.47705734566688,0.0,0.0,241.85451624212723,256.31976834656194,6.110431778414124,0.0737163497785096,234.1571350097656,1
2022-09-22,234.1571350097656,236.95559838485832,230.8436935246027,231.1351877705354,31061200,30.815260088913718,-8.124965782209017,-6.454933002654747,-1.67003277955427,248.52203292846679,268.6954389982009,228.34862685873264,0.0,0.0,240.45499238169782,255.45064547060917,6.110536998545659,0.0850846794477671,231.1837615966797,0
2022-09-23,231.1837615966797,234.3028832870533,228.54077185815763,232.7578897399294,34176000,28.81522847906436,-8.393953332914407,-6.84273706870668,-1.551216264207727,246.53347625732422,265.25846897167753,227.80848354297092,0.0,0.0,238.76931405714905,254.4990029657492,6.085649457856375,0.10027944831493962,230.72705078125,0
2022-09-26,230.72705078125,234.6137983701589,230.19262002242195,230.33838195306527,27694200,28.509150681780525,-8.545473748710293,-7.183284404707403,-1.36218934400289,245.04485321044922,263.8256930695717,226.26401335132675,0.0,0.0,237.30708437062194,253.56676954674924,5.966758664276415,-0.18965941011235954,229.71646118164065,0
2022-09-27,229.71646118164065,234.9538520127448,227.8605359868217,233.1853750643592,27018700,27.80533948265729,-8.64741884312079,-7.476111292390081,-1.1713075507307078,243.6446517944336,262.6113399384196,224.67796365044765,0.0,0.0,235.9269710635344,252.63146333635282,6.047227047251177,-0.024391388810653503,234.24456787109372,1
2022-09-28,234.24456787109372,235.46888802626256,228.0840616627681,230.10517219200625,29029700,35.49001199957394,-8.267527784105738,-7.634394590733213,-0.633133193372525,242.58065490722657,261.1454881098092,224.01582170464394,0.0,0.0,235.62107957399974,251.910408612225,6.142769855554268,0.07442993186200675,230.7756500244141,0
2022-09-29,230.7756500244141,233.1562800803653,227.77314091515188,232.1262942883284,27484200,32.62496113704074,-8.152398289352078,-7.737995330456986,-0.41440295889509215,241.41608963012695,259.87449666300046,222.95768259725344,0.0,0.0,234.74009238316597,251.0815945499579,6.166245362724808,-0.053238579799309016,226.3058624267578,0
2022-09-30,226.3058624267578,233.7295494002438,226.14067744074515,231.5432539781558,35694800,29.338410514934807,-8.325856547243006,-7.85556757381419,-0.4702889734288167,240.08002014160155,258.84894225966514,221.311098023538,0.0,0.0,233.2065960274554,250.1099972117932,6.267861548208654,0.29873891181114964,233.92388916015625,1
2022-10-03,233.92388916015625,234.76925194456732,228.01603154626423,228.74479665745017,28880400,40.364799222368106,-7.759169499367999,-7.836287958924952,0.07711845955695296,239.33570709228516,257.83957116344914,220.83184302112122,0.0,0.0,233.33701296067372,249.47524787643488,6.424684974608716,-0.19090735905510048,241.83346557617188,1
2022-10-04,241.83346557617188,243.27155818629228,238.0438773758556,238.1507635390463,34888400,49.22416073468596,-6.595796975688444,-7.588189762277651,0.9923927865892068,239.12339553833007,257.40902271444753,220.83776836221259,0.0,0.0,234.88182252712792,249.17557013916968,6.63346954971781,0.20803035969030903,242.14439392089844,1
2022-10-05,242.14439392089844,243.48532670600565,237.18879918886907,239.0252869991492,20347100,49.54150147691317,-5.584353598004725,-7.187422529423065,1.6030689314183402,238.69148178100585,256.2486887812477,221.13427478076397,0.0,0.0,236.202290053268,248.89983773845316,6.609402261676293,-0.4167946939383864,239.80259704589844,0
2022-10-06,239.80259704589844,243.25208841301955,239.1127076685333,240.91031948888855,20239900,47.1512922790053,-4.915082855112871,-6.7329545945610265,1.8178717394481554,238.12158737182617,254.73207445289665,221.51110029075568,0.0,0.0,236.85689132465532,248.54308320149022,6.432972153305577,-0.005268564070555537,227.6079559326172,0
2022-10-07,227.6079559326172,234.4875013005094,226.56824378188696,234.0793797349826,37769600,37.11049897207708,-5.30750497891961,-6.447864671432743,1.1403596925131332,236.653369140625,251.42912234848438,221.8776159327656,0.0,0.0,235.1752667079211,247.72209781839717,6.91878508978457,0.8660961763645076,222.75921630859372,0
2022-10-10,222.75921630859372,227.91887124753765,220.31056122973789,226.451629402508,29743600,34.00938499381111,-5.941267866679823,-6.34654531048216,0.405277443802337,234.83631439208983,246.792592463942,222.88003632023768,0.0,1.0,232.91780299895248,246.74316128860096,6.968036870357084,-0.21249894094721677,219.0279235839844,0
2022-10-11,219.0279235839844,222.5745744479787,217.7647277876426,221.17534309367792,30474000,31.806689109901356,-6.667751966270686,-6.410786641639866,-0.2569653246308201,233.5449432373047,246.4362918822749,220.65359459233449,0.0,1.0,230.39237037804918,245.65628922175324,6.8270691311138005,0.02455654325636436,219.3583221435547,1
2022-10-12,219.3583221435547,221.4085821373912,217.61900908089987,219.0182257909204,21903900,32.22527734530183,-7.1345923077363125,-6.555547774859155,-0.5790445328771572,232.25891723632813,245.42012147875656,219.0977129938997,0.0,0.0,228.38617978995927,244.62499639515724,6.610105125783623,-0.2812266194132703,227.6079559326172,1
2022-10-13,227.6079559326172,229.4152942481377,212.92576556201,213.62538135038992,42551800,41.82697634757498,-6.760954070067811,-6.5966290339008875,-0.1643250361669235,231.71768798828126,244.70803606339678,218.72733991316574,0.0,0.0,228.2446845431698,243.95766147505765,7.3157782372367715,0.9426586133063062,222.08872985839844,0
2022-10-14,222.08872985839844,230.5229788868416,221.87495757893063,228.871099486088,30198600,37.953018770761865,-6.831449792116302,-6.643593185543971,-0.18785660657233105,230.931591796875,244.25059607487927,217.61258751887075,0.0,0.0,227.12542005502954,243.10005631362003,7.410938456570642,-0.2903096931269653,230.80479431152344,1
2022-10-17,230.80479431152344,232.19431432541023,228.4824631518074,229.1432179713051,28142300,46.396448399815206,-6.113531614644415,-6.537580871364061,0.42404925671964566,230.59198760986328,243.55549632821197,217.6284788915146,0.0,0.0,227.79439719257388,242.61788917628292,7.603413171602154,-0.06809256058227864,231.7473297119141,1
2022-10-18,231.7473297119141,237.02358255454533,228.70594491704173,236.35313103627703,26329600,47.232677374568496,-5.406202222979772,-6.311305141687203,0.9051029187074313,230.40008087158202,243.17447895269967,217.62568279046437,0.0,0.0,228.51311219609028,242.1915927266998,7.654429204880828,-0.06441193505861287,229.7844696044922,0
2022-10-19,229.7844696044922,232.8258537589693,227.65647333198348,230.32861179117225,19985700,45.63600565731061,-4.946999064598373,-6.038443926269437,1.0914448616710644,230.2800765991211,243.030236129822,217.5299170684202,0.0,0.0,228.74426808852698,241.7050388787701,7.47692572074547,-0.24094175376762272,229.4638214111328,0
2022-10-20,229.4638214111328,234.4777286286027,228.2200635500685,229.09459052619272,21811000,45.36621324570956,-4.556427225854179,-5.742040586186386,1.1856133603322068,230.04541091918946,242.67368214907063,217.4171396893083,0.0,0.0,228.8750959653644,241.2249911349412,7.389835674873238,0.09133030116533325,235.26480102539065,1
2022-10-21,235.26480102539065,236.1198901457917,227.86055242464255,228.09376259205115,26299700,51.00902325957582,-3.735742343354758,-5.340780937620061,1.6050385942653032,230.249462890625,243.07505931303018,217.42386646821984,0.0,0.0,230.0368605217328,240.99125818946862,7.451942963892945,0.20579982577598455,240.2495880126953,1
2022-10-24,240.2495880126953,240.8228797300147,234.4680538752151,236.85839536600284,24911200,55.283041132822724,-2.652536224536277,-4.803131995003304,2.150595770467027,230.72558975219727,244.27343160578894,217.1777478986056,0.0,0.0,231.89372006554413,240.96217308449715,7.373577456100563,-0.05279527903360115,243.56301879882807,1
2022-10-25,243.56301879882807,243.9322497035884,238.8697697379953,240.2592747562869,34775500,57.911491345774316,-1.5093228638953917,-4.144370168781722,2.6350473048863305,231.41791763305665,246.05974115755475,216.77609410855854,0.0,0.0,234.01541074432302,241.06416703407876,7.208499063921458,0.3959785156877227,224.77061462402344,0
2022-10-26,224.77061462402344,231.5529848474216,223.5462796746697,224.62485269698536,82543200,42.612737564889734,-2.095551784871759,-3.7346064919997297,1.6390547071279706,230.94421997070313,245.80102902804813,216.08741091335813,0.0,0.0,232.33453872245036,240.42520419446873,8.12337335393838,1.3736021049301952,220.3300018310547,0
2022-10-27,220.3300018310547,227.0735112053549,219.3874643636516,224.49853205636384,40424600,39.92850812990749,-2.8852039339661815,-3.5647259803930202,0.6795220464268388,230.42193756103515,245.98343819183748,214.86043693023282,0.0,0.0,230.1518956512875,239.63715704296231,8.092135745921588,-0.5102612934802624,229.1918182373047,1
2022-10-28,229.1918182373047,229.90116045442997,219.64985917874137,219.83448208931455,40647700,47.09114723904839,-2.764071927955058,-3.404595169905428,0.6405232419503699,230.5662353515625,246.0255768084609,215.10689389466413,0.0,0.0,229.97733612147243,239.2275359133287,8.24636185519066,0.005518916699237542,225.55767822265625,0
2022-10-31,225.55767822265625,228.26867807032616,224.605414413329,227.14151774097857,28357300,44.73544701133502,-2.9275714466025704,-3.3091904252448567,0.38161897864228633,230.1479248046875,245.6738278222095,214.62202178716552,0.0,0.0,229.1737619580513,238.6914630627141,7.984936281532448,-0.30236397139321536,221.7097625732422,0
2022-11-01,221.7097625732422,229.065438341305,220.8935492668012,227.95771604634555,30592300,42.32138092955024,-3.3292629566460334,-3.313204931525092,-0.016058025120941455,229.14173965454103,244.10616994868937,214.17730936039268,0.0,0.0,227.81667116081326,238.02551402391128,7.998290052458974,0.07881568414482332,213.86827087402344,0
2022-11-02,213.86827087402344,224.75116008206984,213.80995721146996,222.96325992629187,38407000,37.84005105660786,-4.2315703099608015,-3.496878007212234,-0.7346923027485674,227.72793350219726,242.85343345448317,212.60243354991135,0.0,0.0,225.2805983813969,237.07817115528823,8.20849811089761,0.2554466319956328,208.1839141845703,0
2022-11-03,208.1839141845703,214.16950892795052,207.9215545752939,213.85856200928737,36633900,34.950884539737814,-5.3437362023437345,-3.8662496462385345,-1.4774865561052,226.14699935913086,242.45704460819675,209.83695411006497,0.0,1.0,222.17211034561024,235.9450630387895,8.068459271023254,-0.046166063478011776,215.12176513671875,1
2022-11-04,215.12176513671875,215.31609955402047,207.3871307832787,211.3904909481693,36789100,40.88364526356169,-5.600747167972713,-4.21314915058537,-1.3875980173873428,225.52268981933594,242.50334956890234,208.54203006976954,0.0,0.0,220.89022939853902,235.12846312106123,8.05849566386029,0.004236513174955547,221.41827392578125,1
2022-11-07,221.41827392578125,221.9429931186714,215.01486125373305,215.7047654290473,33498000,45.72201124617845,-5.235997255671691,-4.417718771602635,-0.8182784840690562,225.4556427001953,242.48992322689622,208.4213621734944,0.0,0.0,220.98623749440122,234.59080864281498,7.977755392508724,-0.08945856245464012,222.3899688720703,1
2022-11-08,222.3899688720703,225.091257180639,219.44575884635148,222.22478388362,28192500,46.45039815073064,-4.813040921194272,-4.496783201520962,-0.3162577196733096,225.6237449645996,242.46625772766026,208.78123220153896,0.0,0.0,221.24146138125013,234.1123443380799,7.81116560263578,-0.15838259000537347,218.15342712402344,0
2022-11-09,218.15342712402344,222.1567873542891,217.97853059362552,220.9324523344401,27852900,43.69707623534707,-4.764773152759091,-4.550381191768588,-0.21439196099050228,225.56350021362306,242.503563482582,208.62343694466412,0.0,0.0,220.6800006072089,233.4865044473326,7.568327936622138,-0.01204575685022613,236.1004638671875,1
2022-11-10,236.1004638671875,236.44056019136823,228.34640704745317,228.7642252711611,46268000,55.68153022198593,-3.2409846691713255,-4.2885018872491365,1.047517218077811,225.98812561035157,243.52705594877497,208.44919527192818,0.0,0.0,223.4837211999323,233.58901265987592,8.3339568745309,0.6611555708741279,240.11355590820312,1
2022-11-11,240.11355590820312,240.9686451441984,235.0802099419117,236.11021053379952,34620200,57.842426692210445,-1.6900662964882542,-3.7688147690969602,2.078748472608706,226.8893669128418,245.3617688316135,208.41696499407013,0.0,0.0,226.50732751052698,233.8448771009868,8.159276755084885,-0.251746347367511,234.71096801757807,0
2022-11-14,234.71096801757807,237.0041496395175,232.43722428466577,235.13851261558185,31123300,54.02351640471197,-0.8866749667552369,-3.1923868086286156,2.3057118418733786,227.08467559814454,245.79954736216888,208.3698038341202,0.0,0.0,227.998898511809,233.87884145065703,8.124780674260062,-0.1010075042894033,235.1190948486328,1
2022-11-15,235.1190948486328,240.00667907027892,233.2340197743407,238.7046221025726,31390100,54.26914575247452,-0.21457563110524802,-2.596824573123942,2.382248942018694,227.25326385498047,246.19251006500946,208.3140176449515,0.0,0.0,229.29347966395878,233.92747883881293,8.028200575808501,0.008572355759190131,235.54782104492188,1
2022-11-16,235.54782104492188,237.5648885308963,234.271326294768,236.58070947272424,24093300,54.54387598969632,0.34864360913479686,-2.007730936672194,2.356374545806991,227.54143142700195,246.79867474197331,208.2841881120306,0.0,0.0,230.4306326423157,233.99102167042506,7.690012122974202,-0.23245545570100123,235.4990997314453,0
2022-11-17,235.4990997314453,237.02895459171623,231.55268915517976,231.69884700298584,23123500,54.50380338181021,0.7820524976023933,-1.4497742498172765,2.23182674741967,227.84319534301758,247.39832138624385,208.28806929979132,0.0,0.0,231.35217211306653,234.05016198654351,7.531887359657221,-0.040251854249936714,235.0508728027344,0
2022-11-18,235.0508728027344,237.5064287297349,232.91687900998215,237.28230020466623,27613500,54.10994297360756,1.0769495925718218,-0.9444294813394569,2.0213790739112785,227.83249893188477,247.37160263715634,208.2933952266132,0.0,0.0,232.02466314755156,234.08940554796277,7.321720385378329,0.1941747572815533,235.8596343994141,1
2022-11-21,235.8596343994141,238.41262379283276,235.02162809086872,235.2554806346632,26394700,54.74539902103478,1.360237989874804,-0.4834959870966048,1.843733976971409,227.6130012512207,246.68219151176257,208.54381099067885,0.0,0.0,232.7219306478902,234.15882628723537,7.040954336563024,-0.04413783113332248,238.76341247558597,1
2022-11-22,238.76341247558597,239.03625034999712,234.5539032214211,237.36023776801463,19665700,57.045280176123455,1.7983267176002755,-0.027131446157228734,1.8254581637575042,227.3730209350586,245.74118298586967,209.00485888424754,0.0,0.0,233.8203818892894,234.33939829462167,6.858196678849666,-0.2549375442797228,241.2481842041016,1
2022-11-23,241.2481842041016,241.93027884608756,238.0228392859944,238.8413528563776,19508500,58.966973003481534,2.3192802835619375,0.4421508997866045,1.877129383775333,228.1968994140625,247.4796326632462,208.9141661648788,0.0,0.0,235.17089140107342,234.61033107538557,6.647428313224202,-0.007993613245396824,241.16049194335935,0
2022-11-25,241.16049194335935,242.33953807886877,240.4199192943966,240.98508768019252,9200800,58.866880039468874,2.694008848246881,0.8925224894786599,1.801486358768221,229.23842391967773,248.95435755500966,209.5224902843458,0.0,0.0,236.25990968148903,234.8672001290316,6.309727632599056,-0.5283696850090986,235.57701110839844,0
2022-11-28,235.57701110839844,240.34194933932932,234.64157132176945,239.786534753871,24778200,52.72957849524361,2.5114927699462157,1.216316545572171,1.2951762243740448,229.55768356323242,249.46610980250813,209.6492573239567,0.0,0.0,236.13574630456347,234.89503585371267,6.324669988955544,1.6930484305712548,234.18359375,0
2022-11-29,234.18359375,236.58067124825368,232.1178172281639,235.2262209095606,17956300,51.292369021022296,2.228719041605416,1.4187970447788198,0.809921996826596,229.9889793395996,249.90583580853357,210.07212287066565,0.0,0.0,235.780809476461,234.86713616337101,6.191683134036562,-0.27531862685747954,248.6148376464844,1
2022-11-30,248.6148376464844,248.79998080802568,233.72562221636355,234.4174706302472,47594200,62.64751065900523,3.1329845049712617,1.7616345368173083,1.3713499681539534,231.33423309326173,252.4320475402114,210.23641864631205,0.0,0.0,238.11426914373797,235.4062617117284,6.826159952438388,1.6505571860572612,248.1763916015625,0
2022-12-01,248.1763916015625,249.56981269736585,244.50280391577544,247.3773556878608,26041500,62.173272658893964,3.7707753173584706,2.163462692925541,1.6073126244329297,233.04963912963868,253.7635715509427,212.33570670833467,0.0,0.0,239.9437459542515,235.90705111917288,6.700506297377818,-0.4528429934739947,248.4979248046875,1
2022-12-02,248.4979248046875,249.5113204955553,243.304236576186,243.4309166132504,21528500,62.39807301104262,4.253146547627864,2.5813994638660054,1.6717470837618587,235.06533966064453,253.41973565948894,216.71094366180012,0.0,0.0,241.4990511997853,236.400810871546,6.665261841805781,-0.17330030912197836,243.8011932373047,0
2022-12-05,243.8011932373047,247.3286227335452,241.7159238084992,245.5649005511503,23435300,57.063370182954856,4.207935773402369,2.906706725773278,1.3012290476290906,236.49931106567382,252.75884830093764,220.23977383041,0.0,0.0,241.91762247933426,236.69102194471301,6.673600352833103,0.08857096407088272,238.85108947753903,0
2022-12-06,238.85108947753903,245.41872038156708,237.5453633369683,244.40532476150196,22463700,52.0158506822805,3.729680470613033,3.071301474741229,0.658378995871804,237.3709518432617,252.1002477063048,222.64165598021862,0.0,0.0,241.36007102446237,236.77573047541208,6.759297259387794,-0.041458824935033944,238.1202850341797,0
2022-12-07,238.1202850341797,239.8645144954358,236.0155378698541,238.568527175246,20481500,51.29447297022745,3.254177751058677,3.107876730004719,0.14630102105395792,238.1574676513672,251.184518662438,225.1304166402964,0.0,0.0,240.77101902622917,236.82845810516767,6.551417214115929,-0.08824013853461365,241.0727996826172,1
2022-12-08,241.0727996826172,242.3785408111069,236.84379768747013,238.5782734342088,22611800,54.0661066943376,3.080076472638609,3.1023166785314973,-0.02224020589288811,239.30343627929688,248.58344631952934,230.0234262390644,0.0,0.0,240.82588823648152,236.9949028729108,6.47879763622456,0.10401093669897232,239.1434326171875,0
2022-12-09,239.1434326171875,241.9595208718469,237.91566220853431,238.44184527837177,20609700,51.98431441369569,2.7546621270884657,3.032785768242891,-0.27812364115442545,239.45558471679686,248.61960695261192,230.2915624809818,0.0,0.0,240.51998721479168,237.07915894131384,6.304873423873706,-0.08854226554276967,246.05210876464844,1
2022-12-12,246.05210876464844,246.0813403319802,240.8486816199145,241.12151949404333,30665100,58.19208257294434,3.0194351715165624,3.0301156488976257,-0.010680477381063369,239.75251235961915,249.35682806263824,230.14819665660005,0.0,0.0,241.52582749658382,237.43103932654265,6.350090158939347,0.4878964759312363,250.34934997558597,1
2022-12-13,250.34934997558597,257.1703267708484,246.59780679077176,254.9973477435735,42196900,61.52419502657599,3.5352687909978044,3.131146277317662,0.4041225136801425,240.53443145751953,250.88684421213375,230.1820187029053,0.0,0.0,243.13010431094781,237.9376397441522,6.690670719457963,0.37605616808684794,250.6416931152344,1
2022-12-14,250.6416931152344,255.874352557754,247.80611173983112,250.55399840099744,35410900,61.747556443667435,3.922444796990675,3.2894059812522647,0.6330388157384101,241.3105613708496,252.23434793039175,230.38677481130745,0.0,0.0,244.495847729909,238.43583791556716,6.7890685836340285,-0.160817500811671,242.6416015625,0
2022-12-15,242.6416015625,247.69887047650548,241.0143133441221,247.23115056709423,35560400,52.7268774607439,3.542903654493614,3.3401055159005346,0.20279813859307927,241.6652503967285,252.273661868936,231.05683892452103,0.0,0.0,244.15871206310737,238.60076982329002,6.991805097025335,0.004221863889367405,238.43209838867188,0
2022-12-16,238.43209838867188,243.45038209121776,237.2822689508212,242.1933801579508,86102000,48.69571100847959,2.869366567109381,3.2459577261423043,-0.3765911590329232,241.81190032958983,252.15301925978673,231.47078139939293,0.0,0.0,243.11750957684634,238.59415525722656,6.932969957266137,1.4212888493942701,234.3005523681641,0
2022-12-19,234.3005523681641,238.9388261528124,232.60506192023936,238.59777136210013,29696400,45.054830116811694,1.9793852170429602,2.9926432243224355,-1.0132580072794752,241.77438430786134,252.2182763944675,231.33049222125518,0.0,0.0,241.514426447995,238.42577867334177,6.890169548359487,-0.6551020882209473,235.6160125732422,1
2022-12-20,235.6160125732422,236.69762512272143,232.3224506918724,233.27738320943791,25150800,46.42824403815057,1.3644862814468013,2.6670118357473087,-1.3025255543005074,241.76220321655273,252.23419173780258,231.2902146953029,0.0,0.0,240.44198756167629,238.31559176745552,6.710527039965883,-0.15306905887582334,238.1787567138672,1
2022-12-21,238.1787567138672,239.33832514030232,233.9692473656318,235.5088410448142,23690600,49.09769292371418,1.0716135849304749,2.347932185583942,-1.2763186006534673,241.73297042846679,252.24148097713598,231.2244598797976,0.0,0.0,240.0304910438928,238.31022568692265,6.6147092353019294,-0.058057795378278265,232.09837341308597,0
2022-12-22,232.09837341308597,235.8011926676208,227.8888488200861,235.0898514662112,28651700,43.55258439755411,0.34489797722793014,1.9473253439127398,-1.6024273666848097,241.275479888916,252.5940350957198,229.95692468211223,0.0,0.0,238.58828783829154,238.0666236369683,6.877223425193297,0.20941217191628758,232.62454223632807,1
2022-12-23,232.62454223632807,232.76096118037864,227.9570517012324,230.07155276829016,21207000,44.14051320947374,-0.18642298281858416,1.5205756785664752,-1.7069986613850594,240.84868240356445,252.77957371996328,228.91779108716563,0.0,0.0,237.50397045611635,237.85320868008046,6.729129571904223,-0.25983449498633593,230.8998260498047,0
2022-12-27,230.8998260498047,232.81943021522733,229.79872070086748,232.59531655901404,16688600,42.57515362901776,-0.7381598070469693,1.0688285814437863,-1.8069883884907556,240.61482315063478,253.11943237698367,228.1102139242859,0.0,0.0,236.303216927696,237.58052700830493,6.464242424936768,-0.21306172490215491,228.53196716308597,0
2022-12-28,228.53196716308597,233.58923690976744,228.1811734561326,230.8316114934356,17457100,40.454051307516764,-1.3509091981089227,0.5848810255332446,-1.9357902236421674,240.33224182128907,253.63535358190208,227.02913006067607,0.0,0.0,234.89026242503962,237.2256815241787,6.388801069843773,0.04604939899092786,234.84625244140625,1
2022-12-29,234.84625244140625,235.73298309418124,229.6233318774667,229.6233318774667,19770700,47.90714560967552,-1.3118848618030654,0.20552784806598262,-1.517412709869048,239.64381256103516,252.5811994805174,226.70642564155293,0.0,0.0,234.88226060983354,237.13237057975624,6.446816417076023,0.13253060359395308,233.68667602539065,0
2022-12-30,233.68667602539065,233.82309496882053,230.60748859534408,232.1178507416716,21938500,46.74990156090439,-1.3588618068660594,-0.10735008292042575,-1.2515117239456337,238.91932678222656,251.4816902483063,226.35696331614682,0.0,0.0,234.66488159448028,236.99724530311448,6.289098376289319,0.10964710404790923,233.45281982421875,0
2023-01-03,233.45281982421875,239.46502226115788,231.32856489611547,236.86330844238373,25740000,46.50591435812453,-1.3988366966030412,-0.36564740565694887,-1.0331892909460922,238.1670715332031,250.13269126911183,226.2014517972944,0.0,0.0,234.44450672716,236.85824822551075,6.4210525897716835,0.1732798504911457,223.24082946777344,0
2023-01-04,223.24082946777344,226.9144019342719,220.1811347947113,226.3394946084548,50623400,37.34116826672893,-2.228846605069492,-0.7382872455394576,-1.4905593595300346,237.13905334472656,250.44914895087618,223.82895773857695,0.0,1.0,232.4074744981806,236.3242318036387,6.910383478324237,0.9667210567210567,216.62445068359372,0
2023-01-05,216.62445068359372,221.7304437743296,216.08851388241624,221.3893890276127,39585600,32.82736230365187,-3.381541603260416,-1.2669381170836493,-2.114603486176767,236.0277214050293,252.0215321219564,220.0339106881022,0.0,1.0,229.53783380461934,235.5516913675585,6.927664343112306,-0.21803750834594282,219.17742919921875,1
2023-01-06,219.17742919921875,219.98620381125292,213.74015026044157,217.29679590519297,43613600,36.04009277788073,-4.042457727624992,-1.8220420391919179,-2.220415688433074,235.08057861328126,252.63405030274706,217.52710692381547,0.0,0.0,227.65412387636468,234.90956343938834,6.878977857947952,0.10175417323471159,221.3114471435547,1
2023-01-09,221.3114471435547,225.3260890868295,220.6196135764492,220.65858404237196,27369800,38.68018044878945,-4.3439665619507934,-2.326426943743693,-2.0175396182071004,234.09251098632814,252.39430629248608,215.7907156801702,0.0,0.0,226.50090992494466,234.37630397680664,6.826812288638152,-0.37244804372947893,222.99722290039065,1
2023-01-10,222.99722290039065,225.39430067277647,221.516092367223,221.93508808498305,27033900,40.76039948081585,-4.396209701553005,-2.7403834953055557,-1.6558262062474491,233.2852005004883,252.04333026398243,214.52707073699415,0.0,0.0,225.8638759204803,233.93006550322173,6.630815234394126,-0.012272650877975022,229.74024963378903,1
2023-01-11,229.74024963378903,229.91563904515135,225.1994243157805,225.3748137271428,28669300,48.31349724150013,-3.849136413944052,-2.962134079033255,-0.8870023349107972,232.4696075439453,250.33357157059393,214.60564351729667,0.0,0.0,226.5686711410819,233.76575899853808,6.651358156563167,0.060494416269942564,232.4101409912109,1
2023-01-12,232.4101409912109,233.76459137721616,227.58673939319505,229.2432592016942,27269500,50.9786473032452,-3.163670152530784,-3.002441293732761,-0.1612288587980233,231.57264709472656,247.44610695467384,215.6991872347793,0.0,0.0,227.63075656837805,233.71259750805467,6.617536287095878,-0.04882574740227352,233.1117401123047,1
2023-01-13,233.1117401123047,233.24815904771603,228.91196981298216,230.9387760451997,21333300,51.683694784787924,-2.5346026941564332,-2.9088735738174956,0.3742708796610623,230.69614944458007,243.9868151028308,217.40548378632934,0.0,0.0,228.62729903091014,233.68903447292723,6.454582926212877,-0.21768642622710355,234.2031097412109,1
2023-01-17,234.2031097412109,234.7487854904916,231.02647397875012,231.8839729382192,29831300,52.82041785869761,-1.9257983880625318,-2.712258536666503,0.7864601486039713,230.27422485351562,242.51557694555794,218.0328727614733,0.0,0.0,229.64108279641937,233.70919428736974,6.259420682322063,0.39834437241308196,229.77923583984372,0
2023-01-18,229.77923583984372,236.1812174269308,229.4966590348899,235.3919352846435,30028700,47.9009241377235,-1.7797701587469135,-2.5257608610825852,0.7459907023356718,229.84158172607422,241.4966580209797,218.18650543116874,0.0,0.0,229.66620153158743,233.55507826981972,6.289787661587695,0.006617210781963978,225.9984436035156,0
2023-01-19,225.9984436035156,229.4966415899329,224.78041202749904,227.80113628343997,28623000,44.11903062464698,-1.9466799562409278,-2.409944680114254,0.4632647238733263,229.4264762878418,241.00788430366933,217.8450682720143,0.0,0.0,228.9993364537562,233.25873965545486,6.197575958070337,-0.04681188329831132,234.07644653320312,1
2023-01-20,234.07644653320312,234.583151851916,228.51247153332469,228.85352633542087,35389800,52.70997362374845,-1.4108662595304793,-2.2101289959974992,0.79926273646702,229.34949798583983,240.78486775528972,217.91412821638994,0.0,0.0,229.922447377292,233.29080659183717,6.3680854073796285,0.23641127764385295,236.3760681152344,1
2023-01-23,236.3760681152344,238.89982582882288,233.52099453170572,234.93392297440505,31934000,54.83851535724174,-0.7915453594439725,-1.926412268686794,1.1348669092428214,229.2593635559082,240.44053346435615,218.07819364746027,0.0,0.0,231.0958329660088,233.41179723981355,6.297424399503738,-0.09764960525349109,235.8498992919922,0
2023-01-24,235.8498992919922,237.7110552325449,234.29082769199107,236.2981414839797,40234400,54.236979490073324,-0.33927555343038307,-1.6089849256355118,1.2697093722051287,229.44693984985352,240.9340133640812,217.95986633562583,0.0,0.0,231.96020866164213,233.50740908499705,6.091910338150173,0.2599235924093444,234.4564514160156,0
2023-01-25,234.4564514160156,237.07765762154605,224.9947760426561,228.4832200942032,66526600,52.591686539067325,-0.09222495986878698,-1.305632932482167,1.21340797261338,229.53853530883788,241.1539952157827,217.92307540189307,0.0,0.0,232.41407098061913,233.5446264313115,6.519836855345872,0.6534756327918398,241.65744018554688,1
2023-01-26,241.65744018554688,241.95950960681117,235.8108892133159,237.41868478326023,33454500,59.439300476871736,0.6768220447345925,-0.9091419370388151,1.5859639817734075,230.076416015625,242.83433884094285,217.31849319030715,0.0,0.0,234.09468356333326,233.86277599030115,6.590066950735136,-0.497125961645417,241.81336975097656,1
2023-01-27,241.81336975097656,243.44065810829167,240.51738240492455,242.62214447980068,26498900,59.575460888910676,1.284077503193373,-0.47049804899237746,1.7545755521857505,230.74048614501953,244.45452240045097,217.0264498895881,0.0,0.0,235.49808105199565,234.17456398091588,6.32815329020885,-0.20791223901119427,236.50271606445312,0
2023-01-30,236.50271606445312,239.31880393132977,236.00574976123883,238.2566693014197,25867400,53.04432735205919,1.3215721978963018,-0.1120839996146416,1.4336561975109434,230.82330932617188,244.6550318165459,216.99158683579788,0.0,0.0,235.68074196335155,234.26586406262322,6.290972340175199,-0.02383117789795053,241.47232055664065,1
2023-01-31,241.47232055664065,241.60873949787776,236.73661321290928,237.22382584140607,26541100,57.715838640326915,1.7323234173634603,0.25679748378097883,1.4755259335824815,231.21259155273438,245.76425464358215,216.6609284618866,0.0,0.0,236.73375625304044,234.54847019964353,6.206333132550159,0.02604436472161864,246.28598022460935,1
2023-02-01,246.28598022460935,248.6538264287376,239.19216564343,241.65746031930016,31259900,61.69144474260032,2.418391116472094,0.6891162103192019,1.729274906152892,231.8542495727539,247.80861208963103,215.89988705587677,0.0,0.0,238.47052424787114,235.0087647104265,6.438856536318547,0.17779217892250143,257.8329162597656,1
2023-02-02,257.8329162597656,257.92061096012765,250.6708850258921,252.20073974099043,39940400,69.17772913583408,3.849471634344951,1.3211872951243517,2.5282843392205994,233.5838539123535,252.6289472967318,214.5387605279752,1.0,0.0,241.99095915912469,235.90382947706726,6.809983264832815,0.27768802843259266,251.74278259277344,0
2023-02-03,251.74278259277344,257.4431765540325,250.52475096588475,252.9023510805395,29077300,62.26629289485308,4.440997312982745,1.9451492986960304,2.4958480142867145,235.3397705078125,254.2819899196937,216.39755109593128,0.0,0.0,243.76401796524263,236.52496489336946,6.845567695479105,-0.27198275430391283,250.2032012939453,0
2023-02-06,250.2032012939453,251.69407097862452,248.2641042479981,250.8560794015973,22518000,60.61752068217097,4.731018099325411,2.5023230588219065,2.228695040503504,236.89105911254882,255.36054071163156,218.42157751346608,0.0,0.0,244.93477857046128,237.061366320843,6.605075599000266,-0.22558146733018536,260.7172241210937,1
2023-02-07,260.7172241210937,261.8962703770989,253.4285123609448,253.8670156294018,50841400,67.03682119754694,5.743053093647603,3.1504690657870458,2.5925840278605574,238.8613479614258,258.62459576963863,219.09810015321298,1.0,0.0,247.80431412512172,237.98904701889208,6.9685037050112175,1.2578115285549338,259.9084167480469,0
2023-02-08,259.9084167480469,269.68189927846043,259.40169666602293,266.21294831317726,54686000,66.1436520894967,6.405989858943059,3.8015732244182487,2.60441663452481,240.7069076538086,261.0839371166024,220.3298781910148,0.0,0.0,250.00506005656263,238.8486301455256,7.205053626970239,0.075619475466844,256.8779602050781,0
2023-02-09,256.8779602050781,266.97302049431784,256.07892442365,266.7976013623995,42375100,62.769117040285636,6.610636206001033,4.3633858207348055,2.247250385266227,242.06379318237305,262.94694061935286,221.18064574539326,0.0,0.0,251.2546782653836,239.5556626968806,7.468556658662925,-0.22511977471382072,256.3713073730469,0
2023-02-10,256.3713073730469,257.3359789229723,253.9937072157492,254.8414524853322,25818500,62.197786031330914,6.655220027425713,4.821752662072988,1.8334673653527256,243.26185150146483,264.5378206748901,221.98588232803957,0.0,0.0,252.1849744667769,240.21509974300477,7.173822019274366,-0.39071530214677963,264.3810729980469,1
2023-02-13,264.3810729980469,267.5771867135627,260.3177065131593,260.7951951195851,44630900,67.26984056562841,7.253263070964408,5.308054743851272,1.9452083271131357,244.82531814575196,267.44142973813723,222.20920655336667,0.0,0.0,254.40244692700782,241.1627849686927,7.461826113648756,0.7286403160524431,265.2093505859375,1
2023-02-14,265.2093505859375,267.9377295681392,262.39324715689656,265.69656324255214,37047900,67.75169335606665,7.705230470252815,5.787489889131582,1.9177405811212331,246.3756301879883,270.0908178801114,222.66044249586517,0.0,0.0,256.3673385013587,242.105787541918,7.32487299204832,-0.16990470727679696,263.08953857421875,0
2023-02-15,263.08953857421875,264.46692310846817,260.02216525434795,262.112672647368,28922400,65.10977978369964,7.802425275367256,6.190476966378717,1.6119483089885387,248.04114532470703,271.5378951047706,224.5443955446435,0.0,0.0,257.58955669642415,242.92867973926315,7.1721810163012645,-0.21932417222028777,256.0853881835937,0
2023-02-16,256.0853881835937,260.569199060256,255.8411717100615,257.91212263576193,29603600,57.17640302949832,7.230922880402858,6.398566149183545,0.8323567312193125,249.54549255371094,270.96536269071095,228.12562241671094,0.0,0.0,257.31607151227314,243.44462909002124,7.177622862576691,0.02355267889248469,252.0900115966797,0
2023-02-17,252.0900115966797,254.0730481798603,250.0776702289824,253.3892599372768,30000100,53.19471456549901,6.382041414390301,6.395261202224897,-0.013219787834596097,250.44617080688477,270.66998325404904,230.2223583597205,0.0,0.0,256.36587880034705,243.7836636981255,7.0940582262934475,0.0133936413138942,246.8246917724609,0
2023-02-21,246.8246917724609,249.5794606157764,245.7696748690076,248.59281657060217,28397400,48.41018835526818,5.2242080129967405,6.161050564379266,-0.9368425513825258,250.9686019897461,270.22841290946735,231.7087910700249,0.0,0.0,254.63111752254957,243.90291970104062,7.038792404963352,-0.05342315525614916,245.69151306152344,0
2023-02-22,245.69151306152344,248.45604507625345,244.54858185924243,248.21182862519024,22491100,47.42162340913397,4.167142425129327,5.762268936529279,-1.5951265113999513,251.46068267822267,269.6218016499763,233.29956370646906,0.0,0.0,253.00573489327206,243.97306061713797,6.815126034395328,-0.20798735095466492,248.8761444091797,1
2023-02-23,248.8761444091797,250.8982491921697,244.6853811001648,249.6478619578108,29219100,50.48201394107583,3.545512998833942,5.318917748990212,-1.7734047501562697,252.18166732788086,268.65146266040176,235.71187199535996,0.0,0.0,252.2549002598007,244.1653384129043,6.772107609938868,0.2991405489282428,243.45452880859372,0
2023-02-24,243.45452880859372,245.19334897539824,242.36044373441328,244.17741496448653,24990900,45.61430118316198,2.585583138312643,4.772250826854698,-2.1866676885420553,252.2715217590332,268.5289071877611,236.0141363303053,0.0,0.0,250.65483272321762,244.13746352646075,6.753792828855121,-0.14470671581260208,244.37277221679688,1
2023-02-27,244.37277221679688,246.9712390360351,243.62058131527203,246.6195667228616,21190000,46.55427344105468,1.8772861902587294,4.193257899535505,-2.3159717092767753,252.3994918823242,268.36321750480556,236.4357662598429,0.0,0.0,249.51263990386838,244.14669131823862,6.522572643039853,-0.15209136125549705,243.64990234375,0
2023-02-28,243.64990234375,245.6720220057633,242.97586245641224,243.30800820629165,22491000,45.88197910145289,1.2432942759534171,3.6032651748190876,-2.3599708988656705,252.75685119628906,267.55885376927677,237.95484862330136,0.0,0.0,248.44668762021047,244.12720939767047,6.249257422062081,0.06139688532326559,240.57275390625,0
2023-03-01,240.57275390625,245.12493737930367,240.10384757221487,244.95887197567075,27565300,43.03309064970627,0.4869378378115812,2.9799997074175866,-2.4930618696060054,252.71187286376954,267.6555506899388,237.76819503760026,0.0,0.0,247.0150633085813,243.98781898624222,6.161531163849704,0.2256146903205727,245.30081176757807,1
2023-03-02,245.30081176757807,245.58409633737872,239.9280489885474,240.8463053757084,24808200,48.34072092540804,0.26596874458348907,2.437193514850767,-2.171224770267278,252.66261444091796,267.69691347598274,237.6283154058532,0.0,0.0,246.70338121021703,244.03930889923578,6.125425177062676,-0.1000206781714692,249.38412475585935,1
2023-03-03,249.38412475585935,249.7064923377065,245.5743531627447,246.35584897578676,30760100,52.46026655519373,0.4155481977339548,2.032864451427405,-1.61731625369345,252.24017486572265,267.14385298356973,237.33649674787557,0.0,0.0,247.19078912760654,244.24890952106415,6.0025862765673725,0.23991664046565253,250.9275360107422,1
2023-03-06,250.9275360107422,254.10235014838744,250.05812596620328,250.49771263487293,24109800,53.95491125699555,0.651125610731583,1.7565166832882406,-1.1053910725566576,252.19941253662108,267.1127655971699,237.28605947607224,0.0,0.0,247.87019765181302,244.510816442228,5.910846213421711,-0.21619890702565991,248.27044677734372,0
2023-03-07,248.27044677734372,251.7285601912726,247.5280341065123,250.37070236682905,21473200,50.983129741185,0.6163130397807492,1.5284759545867423,-0.9121629148059931,252.102774810791,267.09147477545787,237.11407484612414,0.0,0.0,247.9429702200913,244.65825292595804,5.788680489945896,-0.10935802039004883,247.83084106445312,0
2023-03-08,247.83084106445312,248.65140472789284,245.00769960592783,248.16297184644705,17340200,50.4876646641447,0.5469464610584112,1.332170055881076,-0.7852235948226649,251.45845565795898,266.01210379684983,236.90480751906813,0.0,0.0,247.92258310088434,244.7826681470755,5.635467963661547,-0.19247247732056705,246.4828186035156,0
2023-03-09,246.4828186035156,253.55531839675493,245.7599324492568,249.90184935839267,26653400,48.91776587452963,0.3788318630552112,1.1415024173159032,-0.762670554260692,250.78717575073242,264.9532348932732,236.6211166081916,0.0,0.0,247.66080773772637,244.8493407139947,5.7897478196498735,0.5370872308277874,242.83909606933597,0
2023-03-10,242.83909606933597,246.94192996221227,241.8720083458769,245.27149758216976,28333900,44.85750155935989,-0.04786635022151131,0.9036286638084203,-0.9514950140299316,250.08523254394532,264.3653305001306,235.80513458776005,0.0,0.0,246.78413288892813,244.77050759067475,5.738331662270265,0.06305011743342304,248.0457763671875,1
2023-03-13,248.0457763671875,251.9434764987176,240.04524262160945,241.67660681243697,33339700,51.103039518603765,0.03371913436430418,0.7296467579195971,-0.6959276235552929,249.66895599365233,263.674561368677,235.66335061862767,0.0,0.0,247.013522612248,244.89894950347917,6.178324677615827,0.1766717606824335,254.7568359375,1
2023-03-14,254.7568359375,255.03035716432163,249.94087987551168,250.8102898262924,33620300,57.746058650622295,0.632610301579092,0.7102394666514962,-0.07762916507240414,249.187744140625,261.72244595779415,236.65304232345585,0.0,0.0,248.42139776229382,245.2855332852055,6.2359144004385625,0.008416392469038358,259.2992858886719,1
2023-03-15,259.2992858886719,260.3152347680269,253.21340062279128,253.9656064423249,46028000,61.553427951063775,1.456978473688963,0.8595872680589896,0.5973912056299735,248.89224090576172,260.1118550562076,237.6726267553158,0.0,0.0,250.39919560345345,245.83509221083165,6.29776581078121,0.36905381570063334,269.8104553222656,1
2023-03-16,269.8104553222656,270.1621128433436,257.18933094992553,259.07467555386006,54768800,68.60338107811052,2.9247450764698044,1.2726188297411527,1.6521262467286517,249.22828674316406,262.36714975040934,236.0894237359188,1.0,0.0,253.92851555232838,246.77530252892709,6.7745526738267,0.18990179890501424,272.9656066894531,1
2023-03-17,272.9656066894531,276.7753773938965,269.9275683237235,271.8226903839095,69527400,70.36031732047826,4.293067223877529,1.876708508568428,2.4163587153091006,250.07229766845703,266.5970792696987,233.5475160672153,1.0,0.0,257.3898048499874,247.80237328032027,6.788150487955571,0.269470939659076,265.9322204589844,0
2023-03-20,265.9322204589844,271.0607665452562,263.607274796688,270.57233358465885,43466600,62.02759324365515,4.755122799913124,2.4523913668373676,2.3027314330757567,250.76440811157227,268.6709861149746,232.8578301081699,0.0,0.0,258.9429713243505,248.51334767948356,6.971734874013397,-0.37482776574415266,267.4463195800781,1
2023-03-21,267.4463195800781,268.6380970576698,263.2848617004978,268.5208779306245,34558700,63.04229572332703,5.1837255566104545,2.998658204791985,2.1850673518184696,251.7954895019531,271.00345611842926,232.587522885477,0.0,0.0,260.4890346435737,249.2558171657814,6.856127765667585,-0.20493666401328836,265.9908142089844,0
2023-03-22,265.9908142089844,274.5383905110529,265.8833434620223,267.0751210074597,34873300,61.345241700034975,5.344342951125213,3.467795154058631,1.8765477970665825,252.81045455932616,272.7522475654593,232.86866155319305,0.0,0.0,261.48935820092106,249.9120915596325,6.984622000193515,0.009103351688576344,271.2366027832031,1
2023-03-23,271.2366027832031,274.5579410451168,268.83352089762093,271.51012405626466,36610900,65.0019410910929,5.827746061567382,3.939785335560381,1.8879607260070008,253.92847747802733,275.31735392618725,232.53960102986744,0.0,0.0,263.2615844886087,250.74834690173333,7.097658059903439,0.04982608471237304,274.0793151855469,1
2023-03-24,274.0793151855469,274.13792476370173,268.91168542659534,270.8263345400217,28172000,66.83298799845161,6.366836712253814,4.425195610899068,1.9416411013547465,255.459716796875,277.9847205088678,232.9347130848822,0.0,0.0,265.22844461532475,251.66328683443191,6.9639852939893645,-0.2305023913643205,269.9861755371094,0
2023-03-27,269.9861755371094,274.94864070172,269.14605544409125,274.0108578776161,26840200,61.81790509279086,6.390126375882062,4.818181763895667,1.5719446119863951,256.7403869628906,279.50955165136367,233.97122227441758,0.0,0.0,266.09348660110373,252.3818314894389,6.881028148535037,-0.047273888967769406,268.8627624511719,0
2023-03-28,268.8627624511719,269.7517138324497,265.75630680935643,269.40980486863884,21878600,60.47655578946288,6.245934312030158,5.103732273522565,1.1422020385075928,258.0010299682617,280.522047206518,235.48001273000546,0.0,0.0,266.59699130111613,253.02814250754608,6.691659618479173,-0.18485704279401793,274.02069091796875,1
2023-03-29,274.02069091796875,274.63612126718954,271.96926635776106,272.5065307325749,25087000,64.3060604958203,6.473243264346195,5.3776344716872915,1.0956087926589033,259.67342681884764,281.73211033877743,237.61474329891786,0.0,0.0,267.9467548678166,253.8513797001117,6.626066704017637,0.14664558061301913,277.478759765625,1
2023-03-30,277.478759765625,277.8792783804837,274.9682369436602,277.65461829253616,25053400,66.63983563886264,6.853422513815985,5.67279208011303,1.1806304337029552,261.28232421875,283.60547092447905,238.9591775130209,0.0,0.0,269.67984666741813,254.77794362424947,6.428389615338873,-0.0013393390999322241,281.6304016113281,1
2023-03-31,281.6304016113281,282.57796264121714,276.4530247335296,277.1661475082968,32766000,69.24011584862242,7.404367172587001,6.019107098607825,1.3852600739791763,262.89463806152344,286.18455166716484,239.60472445588204,0.0,0.0,271.8526748390381,255.83098119237022,6.406714493363777,0.3078464400041512,280.585205078125,0
2023-04-03,280.585205078125,281.60112415662576,277.3810860970175,279.89160882011697,24883300,67.80716814968662,7.668261216866142,6.348937922259489,1.3193232946066535,264.3775215148926,288.2013169385474,240.55372609123776,0.0,0.0,273.4404076097812,256.80173507024296,6.252614566288552,-0.24057559665506922,280.5362854003906,0
2023-04-04,280.5362854003906,283.7306553282403,279.06123846090213,280.58514657248026,25824300,67.73650944415941,7.783725793312669,6.635895496470125,1.1478302968425442,265.9908134460449,289.60216545538435,242.37946143670547,0.0,0.0,274.7305672080738,257.7325017498566,6.139529016363524,0.03781652755060616,277.7620544433594,0
2023-04-05,277.7620544433594,280.5070453166388,276.3749215198196,279.2371315346284,22064800,63.68364838806564,7.564179891753383,6.821552375526777,0.742627516226606,267.48737411499025,290.0770326318635,244.89771559811695,0.0,0.0,275.2817467053984,258.5179744045038,5.998231506664058,-0.14557993827519045,284.8540954589844,1
2023-04-06,284.8540954589844,285.3229720001434,275.50548186907776,276.65817644820123,29770300,68.81973168475989,7.871716375917686,7.03158517560496,0.8401312003127259,269.4059379577637,291.0311883524951,247.78068756303227,0.0,0.0,277.02217375150497,259.55076346546383,6.271035694121315,0.34922138428628413,282.6952209472656,0
2023-04-10,282.6952209472656,282.9003544272942,278.12346613985693,282.51936243851856,23103000,65.77042344094765,7.850739684502855,7.195416077384539,0.6553236071183166,271.3987442016602,289.9978823166929,252.79960608662748,0.0,0.0,278.0536368780069,260.4583892490639,6.303863810193181,-0.22395810589748844,276.28692626953125,0
2023-04-11,276.28692626953125,279.3640772236538,275.1244834565677,279.1393873695439,27276600,57.6104395719224,7.233634841614958,7.203059830230623,0.03057501138433505,272.81080169677733,288.0967088204698,257.52489457308485,0.0,0.0,277.73241676737496,261.079116191043,6.39435478737209,0.18065186339436434,276.93170166015625,1
2023-04-12,276.93170166015625,280.3702886729116,275.43709804068334,278.20164520430563,27403400,58.1727404173605,6.719148630153029,7.106277590215104,-0.38712896006207487,273.91954498291017,286.8404171388517,260.99867282696863,0.0,0.0,277.5868322024261,261.7007862094396,6.289985919147532,0.0046486732217358995,283.13482666015625,1
2023-04-13,283.13482666015625,283.1934362329106,276.6191473924416,277.02941440172174,24222700,63.22667367214012,6.7343258305159,7.031887238275264,-0.297561407759364,275.1113220214844,286.75183297733025,263.47081106563854,0.0,0.0,278.5955584674679,262.54133681535006,6.310293270670492,-0.11606953881635129,279.5204467773437,0
2023-04-14,279.5204467773437,281.80630960092736,277.12711319357106,280.36053721344047,20987900,58.7707354330752,6.381145745213814,6.901738939662974,-0.5205931944491597,275.5968215942383,287.1218766762135,264.0717665122631,0.0,0.0,278.7637199783544,263.20718426484,6.288680427521541,-0.13354415486300042,282.11883544921875,1
2023-04-17,282.11883544921875,284.854077618184,279.5399251996228,283.2226985900286,23836200,60.90391353159285,6.23899695995334,6.769190543721048,-0.5301935837677076,276.0544830322266,287.8490475958363,264.2599184686169,0.0,0.0,279.373740973057,263.94881764461957,6.220462599901454,0.13571152902386618,281.6988525390625,0
2023-04-18,281.6988525390625,285.0104426931192,280.3703290467019,284.8248357623357,20161800,60.36030639278616,6.023024238384039,6.619957282653647,-0.5969330442696075,276.84281463623046,287.91104068557036,265.77458858689056,0.0,0.0,279.79648853051253,264.64489744440164,6.107580531795445,-0.1541520880006041,281.7769775390625,1
2023-04-19,281.7769775390625,282.363073223057,277.9574283365994,279.3738659883608,17150300,60.431058191028235,5.791408582016231,6.454247542526164,-0.6628389605099327,277.55934753417966,287.9353929825282,267.18330208583114,0.0,0.0,280.156577441158,265.31674372262364,5.986013699985598,-0.14936662401174494,279.4911193847656,0
2023-04-20,279.4911193847656,282.3435812467073,278.4849485884654,278.6510289270091,23244400,57.21333705488184,5.361596706946386,6.235717375410209,-0.8741206684638225,278.23436279296874,287.16856071920245,269.30016486673503,0.0,0.0,280.03558506726847,265.87260159172723,5.834057911289619,0.3553348921010129,279.1492004394531,0
2023-04-21,279.1492004394531,279.6473817610795,276.511650666874,278.41655103724565,21676400,56.72677874081641,4.9364731088246,5.975868522093087,-1.0393954132684868,278.62999267578124,286.9707035040892,270.28928184747326,0.0,0.0,279.87442422584746,266.3932525269322,5.6413202814978956,-0.06745710794858117,275.2514953613281,0
2023-04-24,275.2514953613281,278.35795159650013,272.27206627526,275.564099605755,26611000,51.36425637355032,4.236214920487555,5.627937801771981,-1.3917228812844264,278.6886016845703,286.9162886471703,270.4609147219703,0.0,0.0,279.0338917050257,266.7406345988693,5.729592701690413,0.22764850251886837,269.0484619140625,0
2023-04-25,269.0484619140625,275.0854869775857,268.9996007243737,273.0438405005658,45772200,44.20266866146665,3.14447475525094,5.131245192467773,-1.9867704372168333,278.64171600341797,287.07534241645834,270.2080895903776,0.0,1.0,277.21835901575963,266.8311376308377,5.7668999827807,0.7200481004096051,288.5368347167969,1
2023-04-26,288.5368347167969,292.6396828327942,285.9579246128152,289.83608287187946,64599200,62.08755663613616,3.807916333642595,4.866579420702738,-1.0586630870601432,279.6254196166992,287.8541772163969,271.3966620170015,1.0,0.0,279.2762636886755,267.68234143813027,7.040065763920059,0.4113195345646483,297.77801513671875,1
2023-04-27,297.77801513671875,298.13948055653924,288.419653058881,289.1229976897944,46462600,67.4203606407568,5.021499867776356,4.897563510117462,0.1239363576588941,280.8132858276367,291.844563865999,269.7820077892744,1.0,0.0,282.6402184974106,268.86256393611416,7.231477316329928,-0.28075579883342205,300.15185546875,1
2023-04-28,300.15185546875,301.78320498757233,296.2932228599409,296.9770409817703,36469600,68.64061433880042,6.1044542886098725,5.138941665815944,0.9655126227939288,281.94694061279296,295.69905480709855,268.19482641848737,1.0,0.0,285.8241524921996,270.0895949766097,7.107084802851465,-0.21507621183489511,298.4911499023437,0
2023-05-01,298.4911499023437,301.460830664017,298.0906312953761,299.8685344351108,21294100,66.75685445040568,6.75087848438028,5.461329029528811,1.2895494548514694,282.78997802734375,298.31415044648736,267.26580560820014,1.0,0.0,288.1272429304076,271.2033814442855,6.840164414693567,-0.41611369469366266,298.3446350097656,0
2023-05-02,298.3446350097656,302.0274089293755,296.87933607669675,300.6402759672235,26404400,66.58324109612491,7.168715301779514,5.802806283978952,1.3659090178005622,283.6779495239258,300.56768669775346,266.78821235009815,0.0,0.0,289.98495058119994,272.2677443292063,6.719300731692509,0.2399866629723726,297.3580017089844,0
2023-05-03,297.3580017089844,301.4705991840016,297.05517563669,299.5266454015473,22360800,65.35071453926413,7.33567977800692,6.109380982784545,1.226298795222375,284.51903533935547,302.34845695839505,266.6896137203159,0.0,0.0,291.32550533170615,273.25167599115844,6.554738075665301,-0.15314114314280958,298.3446350097656,1
2023-05-04,298.3446350097656,300.6402759672235,296.38112489974674,299.15542063563385,22519900,66.02794709791527,7.4616007018598225,6.379824926599602,1.0817757752602208,285.5481643676758,304.0616711161358,267.03465761921575,0.0,0.0,292.601710727717,274.2357135997313,6.390767575080404,0.007115130049014429,303.4634704589844,1
2023-05-05,303.4634704589844,304.7529409611862,297.23105950993187,298.6475273843855,28197100,69.37261877817497,7.883564359495779,6.680572813178838,1.202991546316941,286.47863311767577,306.5630085345372,266.39425770081436,0.0,0.0,294.57657613340194,275.3819001432314,6.4715614233785415,0.2520970341786597,301.5096435546875,0
2023-05-08,301.5096435546875,303.02380353381574,299.0088693228521,302.95541576842186,21318600,66.67432083781821,7.968460641808008,6.9381503789046715,1.0303102629033365,287.4193542480469,308.44709127146893,266.39161722462484,0.0,0.0,295.8371338463629,276.406517531916,6.32749283143238,-0.24394352610729475,299.8978576660156,0
2023-05-09,299.8978576660156,302.8675386103428,299.22381775082977,300.8747236518984,21340800,64.44735845562778,7.8155906423373835,7.113638431591214,0.7019522107461693,288.5999008178711,309.64621599376807,267.55358564197417,0.0,0.0,296.57544726811795,277.32774655678264,6.135794833438142,0.0010413441783232447,305.0849914550781,1
2023-05-10,305.0849914550781,305.759031321192,300.55234911259487,301.4803538446717,30078000,68.13594598733593,8.020542590115156,7.295019263296004,0.7255233268191521,290.0075653076172,311.50509013181494,268.51004048341946,0.0,0.0,298.12263712029255,278.41626596455893,6.116179034990876,0.409412955465587,302.93585205078125,0
2023-05-11,302.93585205078125,303.922496091225,299.17494240713177,302.92610366423224,31680200,65.12132134750864,7.918273963215199,7.419670203279844,0.49860375993535566,290.99761657714845,312.9567599989952,269.0384731553017,0.0,0.0,298.9977671076541,279.377818360097,6.101455464487697,0.05326816942615875,301.822265625,0
2023-05-12,301.822265625,303.4633932219653,299.50709815578426,303.36570066728314,19774700,63.55228801438068,7.659079125117728,7.467551987647421,0.19152713747030692,292.1127075195312,313.89159152815813,270.3338235109043,0.0,0.0,299.5113122926261,280.25799276264223,5.948229721751508,-0.3758025517515672,302.3008728027344,1
2023-05-15,302.3008728027344,302.7306961264119,300.47413858289354,301.9492154351313,16336500,63.95426648732731,7.406902783235296,7.455422146764997,-0.04851936352970121,293.121809387207,314.82505543289943,271.4185633415146,0.0,0.0,300.01850511264576,281.12241943088117,5.6845388518777105,-0.17386863011828246,304.5282287597656,1
2023-05-16,304.5282287597656,306.45265617103314,302.66241092962605,302.66241092962605,26730300,65.84232698508103,7.302600394763147,7.424857796364627,-0.12225740160148035,294.2632781982422,315.84437123551044,272.6821851609739,0.0,0.0,300.8384548666675,282.0402943065237,5.575056317336357,0.6362317509870534,307.4064636230469,1
2023-05-17,307.4064636230469,307.8274270875237,304.2149092490743,305.7323794637119,24315000,68.16300751283751,7.367264263033746,7.413339089698452,-0.046074826664705526,295.5447525024414,317.0515420096137,274.0379629952691,0.0,0.0,302.0326382769183,283.0350460444266,5.434874997415859,-0.09035813290535455,311.8315124511719,1
2023-05-18,311.8315124511719,312.3406122958503,307.1323177228801,307.9253064598199,27276000,71.38215270273989,7.686964758503223,7.468064223459406,0.2189005350438169,297.1617721557617,318.45944497086185,275.86409934066154,0.0,0.0,303.8142517631462,284.164319236848,5.418690681384026,0.12177668106107342,311.6552429199219,0
2023-05-19,311.6552429199219,312.0566370029234,309.7266093330222,310.08883500196976,27546700,71.07386066949978,7.83578022957181,7.541607424681887,0.29417280488992326,298.78707427978514,319.2845382778735,278.2896102816968,0.0,0.0,305.2398865189236,285.2423946753999,5.198071894849539,0.009924475729579108,314.4356384277344,1
2023-05-22,314.4356384277344,315.8160338813464,311.33222095812204,311.90982815472574,24115700,73.05096628935655,8.084874838814926,7.650260907508495,0.4346139313064308,300.7462814331055,319.26607831772503,282.2264845484859,0.0,0.0,306.91184141143464,286.3872277637268,5.147053396876314,-0.12455212421088546,308.6399841308594,0
2023-05-23,308.6399841308594,315.94332604860966,308.63018455651456,313.3098099504378,30797200,63.33349183496184,7.7255677102510845,7.665322268057014,0.0602454421940708,302.7258575439453,314.5080367284971,290.9436783593936,0.0,0.0,307.22604917860275,287.25988487616337,5.301773975106228,0.27706017241879777,307.25958251953125,0
2023-05-24,307.25958251953125,309.8539301457172,306.0456005180939,308.1211084957931,23384900,61.24382328843152,7.245901111068065,7.5814380366592244,-0.33553692559115955,303.66199493408203,313.6198858833254,293.70410398483864,0.0,0.0,307.23214614968066,288.04418674453075,5.195099378857444,-0.2406809709973634,319.0761108398437,1
2023-05-25,319.0761108398437,320.03551297467794,313.28041010709336,316.4523646988683,43301700,70.28282742257728,7.7301486146268985,7.61118015225276,0.11896846237413872,304.7268997192383,316.3552381014548,293.0985613370218,1.0,0.0,309.38559427516486,289.26112494434693,5.736587312878105,0.8516948971344758,325.8997802734375,1
2023-05-26,325.8997802734375,326.39905065575283,317.0789683726066,317.2160130284429,36630600,74.04707918286428,8.565790247563655,7.802102171314939,0.7636880762487159,306.01429595947263,320.64510815249696,291.3834837664483,1.0,0.0,312.38817354757805,290.6979349572524,5.992551239325828,-0.1540609260144521,324.25506591796875,0
2023-05-30,324.25506591796875,328.6899413465032,323.5795525189351,328.19067091699185,29503100,71.68993289428636,8.991677102589904,8.040017157569933,0.951659945019971,307.30249176025393,323.5089245620561,291.09605895845175,1.0,0.0,314.5457903421945,292.01390087728055,5.92953963848599,-0.19457775739409133,321.4942626953125,0
2023-05-31,321.4942626953125,328.88571082280095,320.4564937937518,325.31236192591416,45950600,67.78900844547351,9.002644870360598,8.232542700128066,0.7701021702325317,308.45997314453126,325.23859181478304,291.6813544742795,0.0,0.0,315.8091489518523,293.16999349759556,6.108088023526215,0.5574837898390339,325.59625244140625,1
2023-06-01,325.59625244140625,326.5263156649062,317.9013162515011,319.08589950715634,26773900,70.36889720876528,9.235867860520386,8.433207732206531,0.802660128313855,309.8718856811523,327.4112048274138,292.3325665348908,0.0,0.0,317.5886223135894,294.44161149539207,6.287867408517562,-0.41733296191997493,328.3570556640625,1
2023-06-02,328.3570556640625,330.41296452982044,325.56689576601605,327.2312100565703,25873800,71.99468166420377,9.533575384982612,8.653281262761748,0.8802941222208638,311.3725067138672,329.82203414495166,292.92297928278276,0.0,0.0,319.54651928640266,295.7716289137713,6.184881791038051,-0.03361856136013053,328.8857116699219,1
2023-06-05,328.8857116699219,331.4506903935802,327.6325911531441,328.18082951193753,21307100,72.30800432602426,9.70034927629672,8.862694865468743,0.8376544108279766,312.64361877441405,332.2077200218217,293.07951752700643,0.0,0.0,321.24455426522434,297.07022039440466,6.015825894566482,-0.17649900671721974,326.67315673828125,0
2023-06-06,326.67315673828125,328.3276713767001,325.19488504565373,328.2885029579965,20396200,68.83682006218253,9.543967182052484,8.998949328785491,0.5450178532669927,313.90179443359375,333.67537630230515,294.12821256488235,0.0,0.0,322.2315728966892,298.2311198588704,5.8497545181166,-0.04275100788000241,316.5895080566406,0
2023-06-07,316.5895080566406,327.4662003191764,315.72798196124086,324.6858396601391,40717100,55.71065441004454,8.508288812447574,8.900817225517908,-0.3925284130703339,314.736376953125,333.456183039109,296.01657086714096,0.0,0.0,321.20574292577123,298.9510566509398,6.270359078103666,0.9963081358292232,318.429931640625,1
2023-06-08,318.429931640625,319.78095804197807,316.5600358117554,317.1376429196138,23277700,57.310659248713264,7.746713751081245,8.669996530630575,-0.9232827795493304,315.4036239624023,333.6450297868123,297.16221813799234,0.0,0.0,320.70104996483553,299.7149341015157,6.052542160397878,-0.4283065346009416,319.9278869628906,1
2023-06-09,319.9278869628906,323.06067362544843,317.597858769832,318.16566645574613,22529000,58.620951832959456,7.181251506475519,8.372247525799565,-1.1909960193240465,316.2532257080078,333.65628054897616,298.8501708670394,0.0,0.0,320.5604748735728,300.5075989196088,6.010418781484918,-0.03216383061900441,324.881591796875,1
2023-06-12,324.881591796875,325.1263421252022,318.3320706206992,321.6802383812358,24260300,62.69843212217541,7.051555244535507,8.108109069546753,-1.056553825011246,317.40619201660155,333.86183576128616,300.95054827191694,0.0,0.0,321.34613249599136,301.4634417775408,6.066408261700495,0.07684761862488343,327.2704162597656,1
2023-06-13,327.2704162597656,329.9039326564141,323.45231642642443,327.44662935743804,22951300,64.5143767697572,7.060143255787125,7.898515906794828,-0.8383726510077034,318.6546691894531,334.0942248929303,303.2151134859759,0.0,0.0,322.42327499849574,302.47547999253004,6.093923116578294,-0.053956463852466774,330.2562866210937,1
2023-06-14,330.2562866210937,331.9206007397858,325.8214120391003,327.319282795224,26003800,66.69677124590461,7.224603370283546,7.763733399492573,-0.5391300292090264,319.94107208251955,334.731906821335,305.15023734370413,0.0,0.0,323.8474589298772,303.5649233897286,6.094299229728807,0.13299900223516747,340.7904052734375,1
2023-06-15,340.7904052734375,342.4938582086499,330.1192956143464,330.393414820895,38899100,73.004630967862,8.111450778462995,7.833276875286657,0.27817390317633794,321.6102691650391,337.8318465767618,305.3886917533164,1.0,0.0,326.9279946287063,305.0247462086976,6.542889470055569,0.49590059914320217,335.1415100097656,0
2023-06-16,335.1415100097656,344.08959644957883,334.7695146032144,343.9427522263679,46552000,65.80657865935623,8.263211937302515,7.919263887689829,0.34394804961268566,322.77576904296876,339.36492493012884,306.1866131558087,0.0,0.0,328.42136106162616,306.2057957695238,6.74126035407763,0.19673719957531155,330.95135498046875,0
2023-06-20,330.95135498046875,334.89672875576605,328.8073398893107,332.18490609503823,26375400,61.00195275697892,7.953688091465949,7.926148728445053,0.02753936302089599,323.7405746459961,339.8685476889915,307.6126016030007,0.0,0.0,328.88135995596116,307.1762098562275,6.712182480247437,-0.4334206908403506,326.5556945800781,0
2023-06-21,326.5556945800781,330.6381434386612,325.0969920993696,329.30668603957923,25117800,56.35368328414778,7.26989236160307,7.794897455076657,-0.5250050934735873,324.3465774536133,339.93218521551006,308.7609696917165,0.0,0.0,328.4585117058006,307.9361896493197,6.650909651736847,-0.04768079346663934,332.5765075683594,1
2023-06-22,332.5765075683594,332.9779016676336,326.3402743618307,327.1038941447373,23556800,60.76380095658173,7.131599964204781,7.662237956902282,-0.5306379926975007,325.5434036254883,339.7345463892831,311.3522608616935,0.0,0.0,329.2072382262658,308.902476626537,6.649960912741563,-0.06214716256997033,327.9850158691406,0
2023-06-23,327.9850158691406,330.86328217867896,326.4480064824584,327.33887140406574,23146900,56.107838545148745,6.575706583237604,7.444931682169347,-0.8692250989317429,326.5796752929688,338.04378312087505,315.1155674650625,0.0,0.0,328.98501597951577,309.65081149879603,6.612713782252948,-0.017400495822862183,321.6998596191406,0
2023-06-26,321.6998596191406,329.0521396707675,321.59215393137123,326.7123419071995,21520600,50.41332260169412,5.5638607681408985,7.068717499363658,-1.5048567312227599,326.7108627319336,337.8848840320279,315.5368414318393,0.0,0.0,327.6604420958112,310.1233231897899,6.673233207763183,-0.07025994841641858,327.54449462890625,1
2023-06-27,327.54449462890625,329.0913036434743,322.38513830210024,324.8913794122553,24354100,54.98825923765055,5.17393694491949,6.6897613884748255,-1.5158244435553359,326.79309844970703,337.96624118749054,315.6199557119235,0.0,0.0,327.6393607381921,310.8065063834808,6.724533980375361,0.13166454466882893,328.7976379394531,1
2023-06-28,328.7976379394531,330.88291577640626,326.8004666464448,327.6326238415943,20259500,55.9271588311653,4.909444675773443,6.3336980459345495,-1.4242533701611064,327.0202270507813,338.1624029118929,315.87805118966963,0.0,0.0,327.8499565929668,311.51204095430325,6.535813633917225,-0.1681277485105177,328.0143737792969,0
2023-06-29,328.0143737792969,329.052112767679,325.6354077895199,327.6815169223393,16997000,55.15278092126816,4.583790689441173,5.983716574635875,-1.399925885194702,327.34623260498046,338.2004195190909,316.49204569087004,0.0,0.0,327.879850626845,312.15919126116574,6.313020158505929,-0.16103556356277304,333.3891296386719,1
2023-06-30,333.3891296386719,335.5331449952425,330.11926869973666,330.65770749403055,26832800,59.315649981647944,4.705167199593177,5.728006699627336,-1.0228395000341592,327.7358764648437,338.8667757552744,316.6049771744131,0.0,0.0,328.88153771990443,312.9917378642052,6.399145234037334,0.5786785903394718,330.8927001953125,0
2023-07-03,330.8927001953125,333.7415980832822,329.5025348266666,332.06751392034784,12508700,56.68379828084571,4.547497248252398,5.491904809352349,-0.9444075610999505,327.86265869140624,339.076425167277,316.64889221553545,0.0,0.0,329.24720362452405,313.69373638699375,6.244853664221497,-0.5338280015503414,331.0492553710937,1
2023-07-05,331.0492553710937,334.47575962870883,327.7010879417734,328.0535140388613,18172400,56.81321067025161,4.384632061101854,5.27045025970225,-0.8858181986003961,327.97083587646483,339.2634574304851,316.67821432244455,0.0,0.0,329.57484939662766,314.3743449746055,6.282697808701065,0.45278086451829536,334.103759765625,1
2023-07-06,334.103759765625,335.78764318092107,328.4549330731704,330.21712344596347,28161200,59.36410973595197,4.450727982287219,5.106505804219244,-0.6557778219320252,328.34236602783204,339.9249788507548,316.75975320490926,0.0,0.0,330.39828764553624,315.14804751542977,6.357698687204606,0.549668728401312,330.13885498046875,0
2023-07-07,330.13885498046875,334.61289857162126,329.9234734763044,332.19476390626494,21214800,54.83630941039226,4.135503288305529,4.912305301036501,-0.7768020127309727,329.01983337402345,339.28339085660735,318.75627589143954,0.0,0.0,330.35111807006945,315.73592231798034,6.238536287784051,-0.24666562504438727,324.8619384765625,0
2023-07-10,324.8619384765625,328.1905662881405,320.7109831608928,327.5737907833275,32791400,49.43241024143475,3.4204535273153738,4.613934946292276,-1.1934814189769023,329.3414337158203,338.61264287805955,320.07022455358106,0.0,0.0,329.3530854167045,316.09380530459146,6.46634596862633,0.5456850877689161,325.48858642578125,1
2023-07-11,325.48858642578125,325.8703814238738,320.1334477409768,324.10819090994494,26698200,50.06177182762473,2.8712388384167298,4.265395724717167,-1.3941568863004372,329.61946868896484,338.03920856018283,321.19972881774686,0.0,0.0,328.65044923653664,316.46222809365776,6.414245091074236,-0.18581701299731024,330.1192626953125,1
2023-07-12,330.1192626953125,334.4758007177013,328.6213918451889,329.53185591792584,29995300,54.56217095789553,2.777620435983863,3.967840666970506,-1.1902202309866432,329.88135223388673,338.0163476767503,321.7463567910232,0.0,0.0,328.9175062290413,316.9977980780364,6.5980286054203665,0.12349521690600862,335.464599609375,1
2023-07-13,335.464599609375,336.52190790090776,331.9010204242932,332.4296895084344,20567200,59.13973499330893,3.0990275333650175,3.7940780402494085,-0.6950505068843911,330.2910614013672,338.680211380163,321.9019114225714,0.0,0.0,330.1078868436474,317.721986373383,6.584072648290002,-0.31431924334812456,337.99041748046875,1
2023-07-14,337.99041748046875,344.0504382444472,337.07995339278386,340.29107663490123,28352700,61.13232107727322,3.5170154024162343,3.738665512682774,-0.2216501102665398,330.6777679443359,339.713001450711,321.6425344379609,0.0,0.0,331.5410742321604,318.516826808955,6.727055933060159,0.3785396164767203,338.4701843261719,1
2023-07-17,338.4701843261719,339.70370584522345,335.014310379646,338.42121632729265,20363900,61.51621092235206,3.8426908270860736,3.7594705755634346,0.08322025152263901,330.56175689697267,339.12171449767806,322.0017992962673,0.0,0.0,332.80091243107154,319.2993114174733,6.5815087568113935,-0.28176505235832916,351.9411926269531,1
2023-07-18,351.9411926269531,359.0781209733801,334.9849116200017,338.5680303394664,64738600,70.3664696273471,5.128668635911538,4.033310187633056,1.095358448278482,331.40174102783203,343.9584845338984,318.84499752176566,1.0,0.0,336.2809633757773,320.5793851903941,7.832344513709039,2.1790865207548653,347.62384033203125,0
2023-07-19,347.62384033203125,354.84887620014064,345.039291901566,354.15379349891674,39732900,65.19190428496898,5.733350569317622,4.37331826396997,1.3600323053476524,332.23536529541013,346.63962929770787,317.8311012931124,1.0,0.0,338.34330464055074,321.63995205869355,7.973575926913725,-0.38625642198008603,339.58624267578125,0
2023-07-20,339.58624267578125,350.4531652099648,338.1177404381011,346.1455646214541,33778400,56.8153189096277,5.500591011011068,4.598772813378189,0.9018181976328785,332.8868927001953,347.38310659819217,318.3906788021984,0.0,0.0,338.569293374229,322.3437281613244,8.285136558695866,-0.14986321159542848,336.5513000488281,0
2023-07-21,336.5513000488281,342.944177986763,332.6940321481153,341.8183323536975,69405400,53.994150753436195,5.013441050518111,4.681706460806174,0.33173458971193703,333.08563232421875,347.66810591689773,318.50315873153977,0.0,0.0,338.2023854968834,322.9008878431873,8.425494364406712,1.054727281339554,337.8631896972656,1
2023-07-24,337.8631896972656,339.63520987985777,335.1219974773937,338.5876711156817,26678100,55.03355288226438,4.679289787893083,4.681223126223556,-0.0019333383304731555,333.579541015625,348.10656776391676,319.05251426733327,0.0,0.0,338.1407135333165,323.48764477864137,8.146045652839382,-0.6156192457647387,343.6098937988281,1
2023-07-25,343.6098937988281,344.5007885845888,337.8239924166346,339.82113359671973,41637700,59.36449541271324,4.822591663876835,4.709496833754212,0.11309483012262334,334.6750427246094,348.7509171039417,320.5991683452771,0.0,0.0,339.1351099452277,324.27675258335455,8.041099261061868,0.5607445807609988,330.6772766113281,0
2023-07-26,330.6772766113281,337.43240985586726,326.11512671611416,334.2702247265649,58383700,48.1298236850664,3.848245133933858,4.537246493790141,-0.6890013598562827,334.8316818237305,348.65411214055695,321.00925150690404,0.0,0.0,337.5973220663369,324.52775352562804,8.716361248322732,0.4021835980373556,323.7753295898437,0
2023-07-27,323.7753295898437,334.1625196341891,322.1403841798644,333.3303923831476,39635300,43.408357910063756,2.4904309092284507,4.127883376877803,-1.6374524676493527,334.58056640625,349.00186981046465,320.15926300203535,0.0,0.0,335.0842325251563,324.4982467046169,8.952487977322873,-0.3211238753282166,331.2646789550781,1
2023-07-28,331.2646789550781,332.8702554950669,326.1738899082172,326.66339057868936,28484900,49.2285737546139,1.9956763416946615,3.701441969841175,-1.7057656281465134,334.7430816650391,348.93619238235453,320.54997094772364,0.0,0.0,334.3897682396875,324.76359698894873,8.962662115030039,-0.28132498050979804,328.8661193847656,0
2023-07-31,328.8661193847656,330.6087404482853,326.3598486498491,329.8451206536362,25446000,47.54218748451073,1.3939672835541614,3.239947032583772,-1.8459797490296106,334.5169311523438,348.93153886560515,320.1023234390824,0.0,0.0,333.3854684478835,324.92448022015725,8.672816985758539,-0.10668459429381882,329.27734375,1
2023-08-01,329.27734375,331.431158888361,326.69279546072005,328.151498059074,18311900,47.87189191297512,0.9394613636217173,2.779849898791361,-1.8403885351696436,334.4361633300781,348.9488635263248,319.9234631338314,0.0,0.0,332.6385366846319,325.0951807507393,8.391784588750138,-0.2803623359270613,320.6229553222656,0
2023-08-02,320.6229553222656,326.6242386250664,319.5068793964864,326.6242386250664,27761300,41.90290094187032,-0.11771769453349634,2.2003363801263895,-2.318054074659886,333.9148483276367,349.5800359628982,318.24966069237524,0.0,0.0,330.45388552783805,324.9197993613874,8.49026171480467,0.5160250984332593,319.8005676269531,0
2023-08-03,319.8005676269531,322.9529530019484,319.1054850707821,319.1544231849884,18253700,41.3749630266634,-1.010253950041431,1.5582183140928256,-2.5684722641342566,333.19968872070314,350.02787154083103,316.37150590057524,0.0,0.0,328.5169186367681,324.7190451757233,8.158633587401932,-0.34247675721237836,320.8970947265625,1
2023-08-04,320.8970947265625,328.10256094885904,320.3684255770162,324.91100665492644,23741500,42.41671103422346,-1.6105493793162395,0.9244647754110127,-2.5350141547272522,332.7376007080078,350.36515467506746,315.1100467409481,0.0,0.0,327.13149610763975,324.5691647659523,8.16887356843793,0.3006404181070139,323.1781616210937,1
2023-08-07,323.1781616210937,324.15716309321493,320.64255139351025,321.47470862016405,17741500,44.62129029335742,-1.8805470217277502,0.3634624159832601,-2.2440094377110102,332.6534118652344,350.44592916411966,314.8608945663491,0.0,0.0,326.4127080191768,324.51461562301665,7.83642629209984,-0.25272202683065514,319.20343017578125,0
2023-08-08,319.20343017578125,321.8467462017524,316.2174875229385,320.0943251345085,22327600,41.63043981364919,-2.387725494790402,-0.18677516617147233,-2.2009503286189296,332.3391540527344,350.8348859040027,313.84342220146607,0.0,0.0,325.1019302294685,324.30633384077214,7.773872563960937,0.2584956176197053,315.4636535644531,0
2023-08-09,315.4636535644531,320.2411556284152,314.3084091267036,319.61461022525367,22373300,38.982861320952736,-3.0562067575547758,-0.760661484448133,-2.295545273106643,331.6063735961914,351.5039902309117,311.7087569614711,0.0,0.0,323.3495162903748,323.9595620652302,7.642363559514554,0.0020467941023665226,316.14892578125,1
2023-08-10,316.14892578125,321.3670201533067,314.4356732724542,319.1740366258562,20113700,39.7391287531116,-3.4904514816562937,-1.3066194838897651,-2.1838319977665286,330.64058990478514,351.54498064416134,309.73619916540895,0.0,0.0,322.0403180159885,323.6532626031133,7.591576653895837,-0.10099538288942622,314.2692565917969,0
2023-08-11,314.2692565917969,315.63985260966695,312.5070361030333,313.53500552400016,24355500,38.335576640503874,-3.9408396027559434,-1.8334635076630008,-2.1073760950929428,329.45453186035155,351.22990178272,307.6791619379831,0.0,0.0,320.62739775704455,323.2852623673754,7.309456155633043,0.21089108418640024,317.23565673828125,1
2023-08-14,317.23565673828125,317.2552260127922,313.3587892587537,314.6413087197182,18836100,41.82747133151163,-4.0121620266585865,-2.269203211462118,-1.7429588151964683,328.392805480957,350.3760142460585,306.4095967158555,0.0,0.0,320.01071757181484,323.04802293094036,7.065669055519149,-0.22661821765104395,315.1013488769531,0
2023-08-15,315.1013488769531,318.26353387975075,314.1615159801267,316.2174247167932,16966300,40.06934251273537,-4.192576951398678,-2.65387795944943,-1.5386989919492478,326.55081329345705,346.40319307600373,306.6984335109104,0.0,0.0,319.11810508183993,322.73638865431343,6.853979687240929,-0.09926683336784159,314.3360900878906,0
2023-08-16,314.3360900878906,318.28002655980686,313.74743972521645,314.7285136830064,20698900,39.429393860188185,-4.347195306360732,-2.9925414288316907,-1.3546538775290409,324.88642578125,342.8881378873616,306.8847136751384,0.0,0.0,318.2486478102128,322.40696518112037,6.688165912051606,0.22000082516518038,310.8827514648437,0
2023-08-17,310.8827514648437,315.77830142047725,310.2254186741254,314.47348610040007,21257200,36.5894829979771,-4.694274360020131,-3.332888015069379,-1.361386344950752,323.45125122070306,341.1098579097883,305.79264453161784,0.0,0.0,316.90939392923656,321.9550352314625,6.607074257358765,0.02697244781123631,310.4903259277344,0
2023-08-18,310.4903259277344,312.3543606335649,305.65360810986385,308.53796821025577,24755000,36.26979050818315,-4.944010990662036,-3.655112610187911,-1.2888983804741256,322.1482025146484,339.5926717673522,304.7037332619446,0.0,0.0,315.74229065623615,321.50543878817905,6.6137655620975,0.16454660068118088,315.7882080078125,1
2023-08-21,315.7882080078125,316.661348586836,311.0398118753366,311.9129524543601,24040000,43.45295461166726,-4.660708515510237,-3.8562317912523763,-0.8044767242578605,321.04445343017574,337.1110087840175,304.977898076334,0.0,0.0,315.75063926561364,321.28123365953724,6.582141069026369,-0.028883053928499325,316.3572082519531,1
2023-08-22,316.3572082519531,319.9086924034953,315.3761339585984,319.3396824869546,16084600,44.18065073274764,-4.340244066607795,-3.95303424632346,-0.38720982028433504,319.68181915283196,332.06169580443077,307.30194250123316,0.0,0.0,315.8609245358571,321.08813462394573,6.435742310159978,-0.33092346089850244,320.811279296875,1
2023-08-23,320.811279296875,322.96965461983046,317.3382680735776,317.69147037188395,21166400,49.643566184896954,-3.6843959498772847,-3.899306587034225,0.21491063715694025,319.18851928710933,330.5182627077605,307.85877586645813,0.0,0.0,316.7609890378604,321.0772775522959,6.448364028568362,0.3159419569028761,313.9142761230469,0
2023-08-24,313.9142761230469,326.67805954758404,313.9044558013969,326.5505151261544,23281400,42.678340358470834,-3.6787557019193855,-3.8551964100112572,0.17644070809187173,318.6954666137695,330.04211566373647,307.3488175638025,0.0,0.0,316.24340487153063,320.79637553546263,6.90016686554113,0.09992251870889701,316.8673400878906,1
2023-08-25,316.8673400878906,319.20227141780845,312.7664273820528,315.3859085389872,21684100,46.161416485484594,-3.396841508153841,-3.763525429639774,0.366683921485933,317.97559967041013,327.7605371020594,308.19066223876086,0.0,0.0,316.3568476381415,320.64229571398926,6.867000949127879,-0.06860841701959508,317.5736999511719,1
2023-08-28,317.5736999511719,319.9773135458313,315.63116244372804,319.49659681490056,14808500,46.99113458222394,-3.080910324421552,-3.62700240859613,0.5460920841745778,317.41097869873045,325.8241489645553,308.9978084329056,0.0,0.0,316.5780935132379,320.52195862525133,6.6869402457689775,-0.31708025696247477,322.1945495605469,1
2023-08-29,322.1945495605469,322.7537689845137,315.7881368695037,315.7881368695037,19284600,52.182744861410676,-2.4296610199015163,-3.3875341308572073,0.957873110955691,317.05683898925776,323.8901515328535,310.223526445662,0.0,0.0,317.5992673400213,320.58755042663546,6.706846807857623,0.3022655907080394,322.5673828125,1
2023-08-30,322.5673828125,323.5680676815254,320.2716728612012,322.4496587032038,15222100,52.58623737758394,-1.8619928322167993,-3.082425871129126,1.2204330389123266,317.1540603637695,324.23827759937717,310.0698431281618,0.0,0.0,318.5025610622901,320.6651909123556,6.46324309446238,-0.21066031963328247,321.556884765625,0
2023-08-31,321.556884765625,324.6472624633452,320.5954212849975,322.9696339885842,26411000,51.32219513460994,-1.476628793385828,-2.7612664555804667,1.2846376621946387,317.2418762207031,324.4966305064293,309.98712193497687,0.0,0.0,319.0578926447146,320.70015929875836,6.291000100454191,0.7350431280835101,322.4398193359375,1
2023-09-01,322.4398193359375,325.7067829359754,320.5953952258838,325.0396597293619,14942000,52.39886976862478,-1.0874441956057694,-2.426502003585527,1.3390578079797577,317.31901245117183,324.7580485321965,309.8799763701472,0.0,0.0,319.67278840675516,320.7683812610007,6.20674207257115,-0.43425088031502024,327.2373046875,1
2023-09-05,327.2373046875,328.512719178751,322.4398671653608,322.7734288181467,18553900,57.85371702218232,-0.38742957732745253,-2.018687518333912,1.6312579410064596,317.5219696044922,325.76715424574877,309.2767849632356,1.0,0.0,321.0481550032542,321.0220645326281,6.197181913302748,0.2417280149912997,326.5800170898437,0
2023-09-06,326.5800170898437,328.13010130698945,323.9311045093916,327.07055423881553,17535800,56.891791597959376,0.11299687737755448,-1.592350639191619,1.7053475165691734,317.8907989501953,327.0167571104228,308.76484078996776,0.0,0.0,322.0539481099068,321.2400234564405,6.05445440503811,-0.054872560485935584,323.6661682128906,0
2023-09-07,323.6661682128906,326.77615642313435,322.8028181923794,325.02005529596454,18381000,52.7078848652474,0.27133738729116885,-1.2196130338950615,1.4909504211862303,318.30092468261716,327.687248294982,308.91460107025233,0.0,0.0,322.34707903772204,321.335166388066,5.9058032497321715,0.04819854241038324,327.9436340332031,1
2023-09-08,327.9436340332031,329.79787848396427,323.2246699296337,323.8427514132207,19530100,57.6334868318276,0.7335235230343073,-0.8289857225091878,1.5625092455434952,318.89066009521486,329.107414393828,308.67390579660173,0.0,0.0,323.3646344914458,321.59432198199295,5.953475057203485,0.06251564115118868,331.5442199707031,1
2023-09-11,331.5442199707031,332.01514636855427,329.0817141298704,330.8574560496714,16583300,61.28844575535073,1.3745021540520383,-0.38828814719694266,1.762790301248981,319.75440826416013,331.1187765368376,308.3900399914827,1.0,0.0,324.85183185131075,321.98451405998156,5.8190491484997455,-0.15088504411139725,325.490966796875,0
2023-09-12,325.490966796875,330.41597829482106,325.2064768442106,329.46433515175244,17565500,53.008860416771846,1.3781489519052457,-0.035000727376505,1.4131496792817506,320.1671737670898,331.7335112904994,308.60083624368025,0.0,0.0,324.9680382050497,322.122022010448,5.856098718356372,0.059228259755296,329.6997375488281,1
2023-09-13,329.6997375488281,330.4747944190724,324.9023010902351,325.03963588622577,16544400,57.32553382239961,1.7010431247163638,0.31220804304206873,1.3888350816742951,320.89709320068357,332.9258284739514,308.86835792741573,0.0,0.0,325.82834717664576,322.4191873256786,5.835841190533581,-0.05813099541715294,332.289794921875,1
2023-09-14,332.289794921875,334.4088885367708,330.2001023910707,332.7312602833099,20267000,59.774450436521796,2.1412520462818634,0.6780168436900277,1.4632352025918358,321.79477844238284,334.3970201173426,309.19253676742306,0.0,0.0,327.0031558575965,322.80626997650984,5.755363318919946,0.22500664877541654,323.9703063964844,0
2023-09-15,323.9703063964844,331.0144115945299,323.4110869464427,330.54351516502703,37679800,49.87405566369103,1.7980804409669986,0.9020295631454219,0.8960508778215767,322.4491561889648,334.03517242049645,310.8631399574332,0.0,0.0,326.4517286828488,322.85191846356764,5.978459365813684,0.859170079439483,322.8322448730469,0
2023-09-18,322.8322448730469,324.1468805902184,320.1833327948617,321.59608191122635,16834200,48.68611209196409,1.4179373187968167,1.005211114275701,0.41272620452111575,323.06625213623045,333.2711122347021,312.8613920377588,0.0,0.0,325.79364071743026,322.8511469502139,5.834537110781042,-0.553230112686373,322.42999267578125,0
2023-09-19,322.42999267578125,323.1560078593,318.36836152476627,319.9969481018416,16505900,48.24866673540453,1.0718570641089968,1.0185403042423602,0.05331675986663664,323.3983413696289,333.0515800254783,313.7451027137795,0.0,0.0,325.18206834622134,322.8346310963146,5.75975919819195,-0.01950196623540179,314.6991882324219,0
2023-09-20,314.6991882324219,323.3522706285352,314.44412927703394,323.2737978591876,21436500,40.68306718761757,0.17179432134645367,0.8491911076631788,-0.6773967863167252,323.31544036865233,333.23396184050904,313.3969188967956,0.0,0.0,323.27609014371234,322.51559412126,5.984643637714045,0.2987174283135121,313.482666015625,0
2023-09-21,313.482666015625,319.1925255568155,309.0384006890308,313.2177867362956,35560400,39.62998567410067,-0.6323853185834309,0.5528758224138569,-1.1852611409972877,322.94900970458986,333.7157412523833,312.18227815679643,0.0,0.0,321.49546757496915,322.1613616465292,6.282463725576234,0.6588715508595153,311.01031494140625,0
2023-09-22,311.01031494140625,315.36628640951005,310.16657563325697,315.23874198409163,21447900,37.50520260879531,-1.4524585088526578,0.15180895616055395,-1.6042674650132118,322.80381164550784,334.1183767130925,311.48924657792315,0.0,1.0,319.5890761870486,321.7240656973087,6.2051242291960085,-0.396859990326318,311.5303039550781,1
2023-09-25,311.5303039550781,311.6578483890655,309.0383671510389,310.59827150671464,17836000,38.2550294446603,-2.0369331553079633,-0.2859394661331495,-1.7509936891748137,322.5369598388672,334.6243333889869,310.44958628874747,0.0,0.0,318.1238448721449,321.3243103348683,5.949006872683908,-0.16840343343637376,306.2324523925781,0
2023-09-26,306.2324523925781,309.90165956772006,304.152550365276,309.1658540685337,26297600,33.80476935455174,-2.8942626108748755,-0.8076040950814947,-2.086658515793381,321.9698974609375,335.8644634220943,308.0753314997807,0.0,1.0,315.96177351222366,320.732472768504,6.051060209620923,0.4744113029827315,306.87017822265625,1
2023-09-27,306.87017822265625,308.3515797645924,303.828842503838,306.3894315511619,19410100,34.788196003745895,-3.4821037122857774,-1.3425040185223514,-2.139599693763426,321.203678894043,336.57575780945757,305.8315999786284,0.0,0.0,314.30875618684775,320.1888533745492,5.941894284701882,-0.26190602944755415,307.7041015625,1
2023-09-28,307.7041015625,309.5092743516403,303.5933986019012,305.1042311908517,19683600,36.124563664730516,-3.836457086995779,-1.841294632217037,-1.9951624547787419,320.460514831543,336.897285160205,304.02374450288096,0.0,0.0,313.1079098915118,319.6992552642728,5.940035817918825,0.014090602315289358,309.77410888671875,1
2023-09-29,309.77410888671875,313.42370528640464,309.01869270124683,311.7362568448294,24147300,39.441993525365845,-3.905235276793917,-2.254082761132413,-1.651152515661504,319.87137603759766,336.9411894448995,302.8015626302958,0.0,0.0,312.5017642542767,319.31003383770206,5.924290668346383,0.22677254160824245,315.70965576171875,1
2023-10-02,315.70965576171875,315.7979787841784,309.21494955018176,310.294137124608,20570000,47.81177195909397,-3.441126298410211,-2.4914914685879728,-0.9496348298222381,319.53486785888674,336.65416053347815,302.41557518429534,0.0,0.0,313.08501725562974,319.16884254060466,5.971343423035686,-0.14814492717612326,307.4588928222656,0
2023-10-03,307.4588928222656,315.3074873135017,305.32012806899473,314.7580581543042,21033500,39.6153557253872,-3.6964735578276873,-2.7324878864359157,-0.9639856713917716,318.545947265625,336.05190779101383,301.03998674023615,0.0,0.0,312.0620855404726,318.70962882616004,6.286928013727709,0.022532814778803978,312.92340087890625,1
2023-10-04,312.92340087890625,313.9829777218184,308.0572815033295,308.0867125300766,20720100,46.19433898524123,-3.418491724558578,-2.8696886540604485,-0.5488030704981295,317.8631164550781,335.12599490101576,300.60023800914047,0.0,0.0,312.2186883292787,318.48271792626775,6.303867791286641,-0.014900040411724103,313.3158874511719,1
2023-10-05,313.3158874511719,313.9241786927475,308.94030426959654,313.0510081572693,16965600,46.64398841125843,-3.130433049143562,-2.9218375330770714,-0.20859551606649074,317.34560241699216,334.5018276866363,300.189377147348,0.0,0.0,312.4181790787138,318.28009712332283,6.2095825507055205,-0.18120086293019821,321.06640625,1
2023-10-06,321.06640625,322.95987258872464,310.31380965348364,310.5590782447178,25673600,54.69551016325286,-2.2507965981382085,-2.787629346089299,0.5368327479510904,317.00174102783205,333.5597700255135,300.4437120301506,0.0,0.0,313.9905840189477,318.3893641478984,6.669331149600912,0.513273918989013,323.57781982421875,1
2023-10-09,323.57781982421875,324.04871616218304,317.063474375702,318.60376767446286,19891200,56.96182680546433,-1.335631952847109,-2.4972298674408613,1.1615979145937523,316.6034210205078,332.09167181527505,301.1151702257406,0.0,0.0,315.73371780172425,318.59283299795015,6.691896195092348,-0.2252274710208152,322.1749572753906,0
2023-10-10,322.1749572753906,324.8336598616772,321.4685826836827,324.69629510828605,20557100,55.29776858169021,-0.7153110015672155,-2.140846094266132,1.4255350926989165,316.43762054443357,331.6095242731234,301.26571681574376,0.0,0.0,316.90485225148177,318.73330845981053,6.454266265299642,0.03347711550836552,326.1286926269531,1
2023-10-11,326.1286926269531,326.5211163115986,322.9107705088474,324.94157131039,20063200,58.93856110590407,0.09424482593135508,-1.6938279102266347,1.7880727361579898,316.25906829833986,330.87637876464515,301.64175783203456,0.0,0.0,318.5819141379311,319.02332352518863,6.303687177507379,-0.02402576238866372,324.8925170898437,0
2023-10-12,324.8925170898437,327.3157714229003,322.4986937835042,324.313686937738,19313100,57.36539722759545,0.62882590347931,-1.229297147485446,1.858123050964756,315.88920440673826,329.1793893740935,302.599019439383,0.0,0.0,319.7292964928243,319.2534879787045,6.1975007819279995,-0.03738685753020454,321.52740478515625,0
2023-10-13,321.52740478515625,327.51193245626143,320.18330820544537,326.0893930672297,21072400,53.20236763731659,0.7720491176688142,-0.8290278944545939,1.6010770121234081,315.7670593261719,328.8003381773049,302.7337804750388,0.0,0.0,320.0562252732483,319.3426611868007,6.278295315420004,0.09109361003671079,326.344482421875,1
2023-10-16,326.344482421875,329.7782415554048,324.3430830008452,324.7845483540111,22158000,57.91102031560275,1.2597310585791774,-0.4112761038478397,1.671007162427017,315.94267120361326,329.43844854292,302.4468938643065,0.0,0.0,321.19954475481677,319.61724241170555,6.419191133622043,0.05151762495017187,325.7754821777344,0
2023-10-17,325.7754821777344,327.1489800095309,321.2134933356926,323.3522278123477,18338500,57.179166924536766,1.5820718069555255,-0.012606521687166639,1.5946783286426922,316.1099456787109,330.0003686148917,302.2195227425301,0.0,0.0,322.03153337716543,319.85874201037336,6.384640815066059,-0.17237566567379725,323.8623962402344,0
2023-10-18,323.8623962402344,329.2386937417017,322.0866542980727,326.1973576731345,23153600,54.67723148286726,1.663977824977394,0.32271034764574547,1.3412674773316486,316.56810607910154,330.8413767681677,302.29483539003536,0.0,0.0,322.36441753408707,320.0157480586032,6.439455002820556,0.2625678217956757,325.04949951171875,1
2023-10-19,325.04949951171875,330.5042694735543,324.6472555112947,325.86377789501114,25052100,55.96481902780624,1.803884193232875,0.6189451167631714,1.1849390764697036,317.1464477539063,331.8049319397558,302.4879635680567,0.0,0.0,322.8526142572928,320.2131500763724,6.453913447856225,0.0819958883283809,320.48748779296875,0
2023-10-20,320.48748779296875,325.63812679181063,319.2905761994472,325.441899996805,25027700,50.0770392423644,1.5290191971426452,0.8009599328390662,0.728059264303579,317.62030639648435,332.06589655764475,303.17471623532396,0.0,0.0,322.42259126377934,320.22390841819976,6.446316101035314,-0.0009739702460073163,323.0873718261719,1
2023-10-23,323.0873718261719,326.432838535165,318.2506830695963,319.3102300618242,24374700,53.10496735812048,1.503642565280245,0.9414964593273021,0.5621461059529429,318.1981597900391,332.54736018105996,303.8489593990182,0.0,0.0,322.5434604569416,320.3362011008653,6.570304627073414,-0.026091091071093198,324.2744445800781,1
2023-10-24,324.2744445800781,325.5596493490343,321.3999044443215,325.02986091343166,31153600,54.46302270377254,1.5613203233602917,1.0654612321339,0.4958590912263916,319.1002593994141,332.56848250813704,305.63203629069113,0.0,0.0,322.8581848429664,320.4906420216188,6.398121789761942,0.2781121408673748,334.2225646972656,1
2023-10-25,334.2225646972656,339.64790388750646,331.2302703891526,338.4902135639039,55053800,63.89850631659395,2.3822988574339092,1.328828757193902,1.0534701002400073,320.4678787231445,334.2422516538461,306.6935057924429,0.0,0.0,324.92443572556624,321.0291487932128,7.039217326738113,0.7671729751938781,321.6844177246094,0
2023-10-26,321.6844177246094,335.1643669777935,320.75238530520863,334.0949997460641,37828500,49.872396810976966,1.9981728922091975,1.4626975841969612,0.5354753080122363,321.16689453125,333.6365396417261,308.69724942077397,0.0,0.0,324.3353415435741,321.0548456140519,7.565843351441454,-0.31288121800856616,323.56805419921875,1
2023-10-27,323.56805419921875,330.3472799837888,322.1847360926127,324.1763153652428,29856500,51.59155587704035,1.824709898714616,1.535100047100492,0.2896098516141239,321.856591796875,333.20486569690695,310.5083178968431,0.0,0.0,324.1958347536913,321.15340281347017,7.644201844851308,-0.21074057919293654,330.9261169433594,1
2023-10-30,330.9261169433594,333.02562998161824,325.54981985866505,327.09993377177346,22828100,57.69508508062143,2.2549793973758483,1.6790759171555634,0.5759034802202849,322.617414855957,334.2519413333735,310.9828883785405,0.0,0.0,325.41952242454005,321.5366465048384,7.773728554676177,-0.23540602548858702,331.71099853515625,1
2023-10-31,331.71099853515625,332.5841689842252,328.3557413843758,332.4370138355085,20265300,58.29907670089157,2.628998995987331,1.869060532921917,0.759938463065414,323.83002014160155,333.8331723855471,313.82686789765603,0.0,0.0,326.5634271719248,321.9356407021058,7.5204927721885495,-0.11226514690228273,339.5203552246094,1
2023-11-01,339.5203552246094,340.84481138122624,333.22184569359115,333.3592104526516,28158800,63.83206332564388,3.5150428163261154,2.198256989602757,1.3167858267233585,325.15986785888674,336.04267674565915,314.27705897211433,1.0,0.0,328.91923227241284,322.6252373500471,7.635729920322937,0.38950817407094895,341.7276916503906,1
2023-11-02,341.7276916503906,342.2280190147686,338.2448611006927,340.66811499876366,24348100,65.23610603945139,4.345263042108854,2.6276582001039763,1.717604842004878,326.58045806884763,338.2939462660101,314.86696987168517,1.0,0.0,331.2480430684088,323.3743532049625,7.3748319198767245,-0.13532892026648868,346.1229553222656,1
2023-11-03,346.1229553222656,347.6828896003234,340.7564784128696,343.01296696867126,23637700,67.90763221581828,5.296821141067028,3.161490788296587,2.135330352770441,327.8332855224609,342.01878465075174,313.6477863941701,1.0,0.0,333.95257256911003,324.26645524877836,7.342801867560799,-0.029176814617978386,349.7823791503906,1
2023-11-06,349.7823791503906,350.7732736613575,346.66257041725754,346.7606838240873,23828300,69.97637548827186,6.273901083621752,3.7839728473616203,2.4899282362601314,329.14351348876954,346.0873129676259,312.1997140099132,1.0,0.0,336.8307192202519,325.26707971550826,7.150481615527305,0.008063390262165848,353.7066650390625,1
2023-11-07,353.7066650390625,355.6001309786841,350.86155596843827,352.59804644995546,25833900,72.05662891804934,7.2809705558465225,4.4833723890586015,2.797598166787921,330.7200988769531,350.42054005250765,311.01965770139856,1.0,0.0,339.8990730054902,326.3823575713339,7.055286630724887,0.08416882446502694,356.326171875,1
2023-11-08,356.326171875,356.9834748418886,353.7263012166809,354.83491988562287,26767800,73.38239145105389,8.19597458446384,5.225892828139649,2.9700817563241912,332.22997283935547,354.7223381571222,309.73760752158876,1.0,0.0,342.88581825449194,327.5566247989287,6.785395428732117,0.036150174770359866,353.8636169433594,0
2023-11-09,353.8636169433594,357.8860267120237,353.53984572631765,355.4431318616368,24847300,70.01917360950596,8.623013534452355,5.905316969402191,2.717696565050163,333.67852783203125,357.7689514768986,309.5881041871639,0.0,0.0,344.8817816524678,328.58827154969066,6.6111658256588255,-0.07174665082673959,362.6736450195313,1
2023-11-10,362.6736450195313,363.0954996612191,354.2364024857601,354.6484368064775,28042100,74.51864684820089,9.562114512349297,6.636676477991612,2.9254380343576845,335.73583984375,362.23172228646644,309.23995740103356,1.0,0.0,348.11666590102476,329.92495286223345,6.798359889387461,0.1285773504565888,359.74029541015625,0
2023-11-13,359.74029541015625,361.49642668428953,358.97505869997684,361.2511581241037,19986500,70.7133320202398,9.954908021778863,7.300322786749062,2.654585235029801,337.40563049316404,365.48555644979007,309.325704536538,0.0,0.0,350.2300530845032,331.09418198175985,6.5769474915422474,-0.28726807193469817,363.2623291015625,1
2023-11-14,363.2623291015625,364.9105564931209,360.3976092367264,363.9883443604661,27683900,72.52734593115673,10.430165931651743,7.926291415729599,2.503874515922144,339.2799728393555,368.96315507145493,309.596790607256,0.0,0.0,352.5995578148776,332.3556779472423,6.476469890929563,0.38512996272483924,363.4097900390625,1
2023-11-15,363.4097900390625,366.8111878331865,360.8931150806876,364.9925108909708,26860100,72.60385769796655,10.695419970792557,8.48011712674219,2.215302844050367,341.25734252929686,371.8246555587657,310.69002949982803,0.0,0.0,354.5650545829112,333.57348626456866,6.436584381041659,-0.02975736800089579,369.7997131347656,1
2023-11-16,369.7997131347656,369.97665770103697,363.911131172692,364.6779209606421,27182300,75.7549043885025,11.291092413984131,9.042312184190578,2.248780229793553,343.4948532104492,375.50624740920205,311.48345901169637,0.0,0.0,357.3349925014302,334.9941226124195,6.445890329679718,0.011995487730872112,363.5867309570313,0
2023-11-17,363.5867309570313,368.03017560302834,360.7849886688486,367.2830363259732,40157000,67.61201619611393,11.133491420380722,9.460548031428607,1.672943388952115,345.64981536865236,376.9710996418239,314.3285310954808,0.0,0.0,358.47167222063035,336.1154013710318,6.629378482268097,0.47732163944920036,371.0481567382813,1
2023-11-20,371.0481567382813,372.4539328697612,364.7172140193924,364.9334895781409,52465100,71.56501849049178,11.478350915971987,9.864108608337283,1.6142423076347043,348.0478546142578,379.4361144699918,316.6595947585238,0.0,0.0,360.75830576929417,337.48531334621805,6.789223013015369,0.3064994895036979,366.752197265625,0
2023-11-21,366.752197265625,369.8488471174716,364.8352078331243,369.30817317536815,28423100,66.53018707661874,11.275034939873251,10.146293874644478,1.1287410652287733,350.17174224853517,380.57099789587375,319.7724866011966,0.0,0.0,361.8481042231725,338.633034284234,6.748060576739773,-0.4582474826122508,371.4512939453125,1
2023-11-22,371.4512939453125,373.3584433577172,368.6200605907828,371.598747765699,23345300,69.09170872044137,11.362108084729584,10.389456716661499,0.9726513680680853,352.0331787109375,382.8543333335142,321.21202408836075,0.0,0.0,363.59413871810705,339.9200248591782,6.737930970693517,-0.1786504638832499,371.0383605957031,0
2023-11-24,371.0383605957031,371.5692243031552,368.7871624674301,370.9400480571713,10176600,68.59490269847572,11.267904519793774,10.565146277287955,0.7027582425058192,354.50087585449216,383.0248199105497,325.97693179843463,0.0,0.0,364.94763360494267,341.14035175080664,6.455368889624343,-0.5640835628584768,372.1983642578125,1
2023-11-27,372.1983642578125,374.1940157538783,369.8292031236525,370.39936783626126,22179200,69.26352229317216,11.158225044302469,10.683762030690858,0.4744630136116115,356.93239135742186,382.6469522518819,331.21783046296184,0.0,0.0,366.2659482691008,342.3583130255912,6.306043442524447,1.1794312442269521,376.2191467285156,1
2023-11-28,376.2191467285156,376.51405435302496,371.7560213393618,371.9428061684763,20453100,71.52638143315892,11.265880751545637,10.800185774861813,0.46569497668382454,359.19704284667966,383.2772127234202,335.11687296993915,0.0,0.0,368.07562071626717,343.68618885707843,6.195471269034357,-0.07782516952820662,372.434326171875,0
2023-11-29,372.434326171875,377.792014506202,371.0482003824139,377.2611808001932,28963400,66.55897763605486,10.919917278325613,10.824132075554573,0.09578520277104019,361.23320922851565,382.3807692471537,340.0856492098776,0.0,0.0,368.8681126172867,344.813566790992,6.234638615802483,0.41608851469948327,372.4933166503906,1
2023-11-30,372.4933166503906,373.6533266294802,369.1115692531181,372.0804159794598,30554400,66.59791424325175,10.529125566501136,10.765130773743886,-0.23600520724274965,362.88185729980466,382.0499435611266,343.7137710384827,0.0,0.0,369.5272406233056,345.8990471776351,6.113718527271028,0.05493139617586329,368.1678466796875,0
2023-12-01,368.1678466796875,371.75602952719976,365.0220252786822,370.3797439145511,33040500,60.990332345307316,9.757907953403048,10.56368620967572,-0.8057782562726707,364.20386505126953,380.83255426064574,347.5751758418933,0.0,0.0,369.2800780881023,346.7723334326176,6.210688016159415,0.0813663498546855,362.88873291015625,0
2023-12-04,362.88873291015625,363.2622725169896,356.7543851446723,362.8494018986264,32063300,54.91313122348447,8.621350514763549,10.175219070693286,-1.5538685559297374,365.0421539306641,379.48737622126237,350.5969316400658,0.0,0.0,368.11801532847574,347.40434909840343,6.5823146960776855,-0.02957582361041755,366.2114868164063,1
2023-12-05,366.2114868164063,366.76200100247496,359.4283420231669,360.24430304947185,23065000,57.765660775356594,7.897699266017412,9.719715109758113,-1.8220158437407008,365.8636093139649,378.4995348379772,353.2276837899526,0.0,0.0,367.7713737808267,348.1418839108741,6.635982144879854,-0.28064173057670294,362.5545349121094,0
2023-12-06,362.5545349121094,367.8434319638304,361.79758529719794,367.214285660699,21182100,53.73614949905949,6.949011107072749,9.165574309221041,-2.2165632021482917,366.30600280761723,377.77402363486846,354.837981980366,0.0,0.0,366.8228576228781,348.70708591092256,6.593829610719327,-0.08163451116410148,364.6680603027344,1
2023-12-07,364.6680603027344,365.1595929193976,360.11646347231,361.9941216680558,23118900,55.66118870920858,6.295146214763406,8.591488690329514,-2.2963424755661084,366.72309722900394,377.27946008322584,356.16673437478204,0.0,0.0,366.4310762919428,349.33300647530734,6.483065313317062,0.09143569334485258,367.892578125,1
2023-12-08,367.892578125,368.1186639681525,361.99418568198814,362.9477603269728,20154400,58.498479251485456,5.968345840915276,8.066860120446668,-2.0985142795313916,367.424545288086,376.18062715507887,358.6684634210931,0.0,0.0,366.69680389795315,350.060832814511,6.457451954234725,-0.1282284191721924,365.01214599609375,0
2023-12-11,365.01214599609375,365.3070835963392,359.90022426700926,362.239924558734,27708800,55.10615451981745,5.414512263190886,7.536390548995512,-2.121878285804626,367.54147033691413,376.10090999087265,358.9820306829556,0.0,0.0,366.3905024612514,350.6471588216319,6.567087804503012,0.3748263406501806,368.0400085449219,1
2023-12-12,368.0400085449219,368.079339558926,364.1863791933993,364.5697890781994,24838300,57.871754767665884,5.1604321162968745,7.061198862455785,-1.9007667461589106,367.9564559936524,375.7316213828874,360.1812906044174,0.0,0.0,366.6904126582824,351.32923135980013,6.3760787017189875,-0.1035952477191362,368.03021240234375,0
2023-12-13,368.03021240234375,371.2448556652715,364.4911707371273,369.6522644153413,30955500,57.85933596667538,4.901776672270614,6.629314424418752,-1.7275377521481374,368.19485015869145,375.66612797871767,360.72357233866524,0.0,0.0,366.93401261174813,351.98417179284104,6.403050575035074,0.24628094515325127,359.7331237792969,0
2023-12-14,359.7331237792969,367.430542857679,357.9636180145618,366.98815141610726,43277500,48.38809554790612,3.9813896772802195,6.099729474991046,-2.118339797710826,368.0110168457032,376.09962711635006,359.9224065750563,0.0,1.0,365.624760096757,352.28805226289813,6.664732275945566,0.3980552728917317,364.4518432617188,1
2023-12-15,364.4518432617188,366.09354566450713,360.0771902707865,360.6375447439286,78502300,53.09106446615604,3.5913388601187535,5.598051352016587,-2.006712491897834,367.7436233520508,375.93100849175863,359.556238212343,0.0,0.0,365.4115024903864,352.7650636746166,6.642995819464472,0.8139287158454163,366.33929443359375,1
2023-12-18,366.33929443359375,366.683373304141,362.4365238179664,363.1935033333252,21802900,54.8627772002735,3.395382457419771,5.157517573097224,-1.7621351156774532,367.88125152587895,375.87474803457104,359.88775501718686,0.0,0.0,365.58019193460586,353.2973864494785,6.471842509943767,-0.7222641884377909,366.93896484375,1
2023-12-19,366.93896484375,366.93896484375,363.5768683048988,365.1989200557806,20603700,55.4386383231795,3.2509984999053927,4.776213758458859,-1.525215258553466,367.67579193115233,375.54337446758666,359.808209394718,0.0,0.0,365.82724155445027,353.83235030807737,6.249717797722868,-0.055001857551059685,364.3437194824219,0
2023-12-20,364.3437194824219,369.66210727216645,364.2552471902659,368.649551038678,26316700,52.32720194430896,2.893800629725206,4.3997311327121285,-1.5059305029869225,367.5553680419922,375.5485390807455,359.5621970032389,0.0,0.0,365.5575102686269,354.244560863934,6.1895136751641315,0.2772802943160695,367.2142333984375,1
2023-12-21,367.2142333984375,368.06949543921024,363.7735047281645,366.2508185704828,17708000,55.31451516838333,2.8099538286710413,4.081775671903911,-1.2718218432328694,367.34351501464846,375.13446381913684,359.5525662101601,0.0,0.0,365.8587326558652,354.7531754731302,6.0542620348699625,-0.3271192816728541,368.2366333007813,1
2023-12-22,368.2366333007813,368.8264785553031,366.3983057581292,367.3518804193864,17107500,56.36335057844931,2.793798591238044,3.8241802557707376,-1.0303816645326935,367.2034286499023,374.8224536398105,359.58440365999417,0.0,0.0,366.29107822766815,355.28193852519496,5.795255660748814,-0.03391122656426471,368.3152770996094,1
2023-12-26,368.3152770996094,370.5566649551992,367.1749176642006,368.649515727109,12673100,56.44802983580891,2.7555767727428133,3.610459559165153,-0.8548827864223396,367.0092742919922,374.30009888099806,359.71844970298633,0.0,0.0,366.65911438620293,355.79304984183864,5.622862205766656,-0.2592079497296508,367.73529052734375,0
2023-12-27,367.73529052734375,368.7085156973093,366.4966184922779,367.3617208659254,14905400,55.59124808540103,2.6479615841371356,3.4179599641595497,-0.7699983800224142,366.58508148193357,372.5497637771294,360.62039918673776,0.0,0.0,366.85478277550123,356.2613730059761,5.379221848571279,0.17614474753611975,368.92474365234375,1
2023-12-28,368.92474365234375,370.08475350322914,367.8237153192477,369.0132159290277,14327000,57.03165154592534,2.628356639114031,3.260039299150446,-0.6316826600364149,366.409602355957,371.8599541165112,360.95925059540286,0.0,0.0,367.23113929856345,356.7579757764219,5.162810500522286,-0.03880472848766214,369.67193603515625,1
