{
  "MSFT" : {
    "LSTM" : {
      "win_rate_pct" : 54.54545454545454,
      "num_trades" : 231.0,
      "total_return_pct" : 52.56594440036773,
      "buy_hold_return_pct" : 58.738665477706235,
      "max_drawdown_pct" : -12.987591143150723
    },
    "Random_Forest" : {
      "win_rate_pct" : 63.888888888888886,
      "num_trades" : 36.0,
      "total_return_pct" : 11.113047050752801,
      "buy_hold_return_pct" : 58.738665477706235,
      "max_drawdown_pct" : -4.711878521977297
    }
  },
  "AAPL" : {
    "LSTM" : {
      "win_rate_pct" : 54.97835497835498,
      "num_trades" : 231.0,
      "total_return_pct" : 33.394112756932515,
      "buy_hold_return_pct" : 45.91262874246187,
      "max_drawdown_pct" : -14.93237187908425
    },
    "Random_Forest" : {
      "win_rate_pct" : 57.446808510638306,
      "num_trades" : 47.0,
      "total_return_pct" : 14.491015180429635,
      "buy_hold_return_pct" : 45.91262874246187,
      "max_drawdown_pct" : -6.127143331457918
    }
  },
  "TSLA" : {
    "LSTM" : {
      "win_rate_pct" : 54.112554112554115,
      "num_trades" : 231.0,
      "total_return_pct" : 42.315908579007974,
      "buy_hold_return_pct" : 104.90449795915544,
      "max_drawdown_pct" : -32.71970986765206
    },
    "Random_Forest" : {
      "win_rate_pct" : 54.77707006369427,
      "num_trades" : 157.0,
      "total_return_pct" : 45.140925699294485,
      "buy_hold_return_pct" : 104.90449795915544,
      "max_drawdown_pct" : -36.75369534009897
    }
  }
}