{
    "AAPL": {
        "Random_Forest": {
            "accuracy": 0.47107438016528924,
            "precision": 0.5813953488372093,
            "recall": 0.18518518518518517,
            "f1": 0.2808988764044944,
            "confusion_matrix": [
                [
                    89,
                    18
                ],
                [
                    110,
                    25
                ]
            ]
        },
        "LSTM": {
            "accuracy": 0.5172413793103449,
            "precision": 0.5555555555555556,
            "recall": 0.5905511811023622,
            "f1": 0.5725190839694656,
            "confusion_matrix": [
                [
                    45,
                    60
                ],
                [
                    52,
                    75
                ]
            ]
        }
    },
    "MSFT": {
        "Random_Forest": {
            "accuracy": 0.4834710743801653,
            "precision": 0.6,
            "recall": 0.18045112781954886,
            "f1": 0.2774566473988439,
            "confusion_matrix": [
                [
                    93,
                    16
                ],
                [
                    109,
                    24
                ]
            ]
        },
        "LSTM": {
            "accuracy": 0.5172413793103449,
            "precision": 0.5688073394495413,
            "recall": 0.4881889763779528,
            "f1": 0.5254237288135594,
            "confusion_matrix": [
                [
                    58,
                    47
                ],
                [
                    65,
                    62
                ]
            ]
        }
    },
    "TSLA": {
        "Random_Forest": {
            "accuracy": 0.5,
            "precision": 0.5345911949685535,
            "recall": 0.6439393939393939,
            "f1": 0.584192439862543,
            "confusion_matrix": [
                [
                    36,
                    74
                ],
                [
                    47,
                    85
                ]
            ]
        },
        "LSTM": {
            "accuracy": 0.5129310344827587,
            "precision": 0.546875,
            "recall": 0.56,
            "f1": 0.5533596837944664,
            "confusion_matrix": [
                [
                    49,
                    58
                ],
                [
                    55,
                    70
                ]
            ]
        }
    }
}